{"info": {"year":2023,"version":"0.1.0","description":"","url":"","date_created":1695186864320},"categories": [
  {
    "id": 1,
    "datatorch_id": "ea6a231b-d390-4ea6-88e1-6d99d36018a5",
    "name": "references",
    "supercategory": null
  },
  {
    "id": 2,
    "datatorch_id": "1063f0c2-a886-4121-838b-6bbf199ec21e",
    "name": "list",
    "supercategory": null
  },
  {
    "id": 3,
    "datatorch_id": "a53a6729-a94d-4f74-913c-bd222ebbce0d",
    "name": "appendix_list",
    "supercategory": null
  },
  {
    "id": 4,
    "datatorch_id": "8a765348-148e-4280-93e7-911ad854ec0b",
    "name": "cross",
    "supercategory": null
  },
  {
    "id": 5,
    "datatorch_id": "2be5156a-b962-4988-b879-89b159ac0a94",
    "name": "table_caption",
    "supercategory": null
  },
  {
    "id": 6,
    "datatorch_id": "1af8b78f-669f-4554-bebc-3986baee5a1c",
    "name": "table",
    "supercategory": null
  },
  {
    "id": 7,
    "datatorch_id": "3c954454-0bd6-47f9-89cf-52da19baf90d",
    "name": "figure_caption",
    "supercategory": null
  },
  {
    "id": 8,
    "datatorch_id": "3a501698-425e-457a-8ebe-321109d4d594",
    "name": "figure",
    "supercategory": null
  },
  {
    "id": 9,
    "datatorch_id": "0d1cf435-1d24-4ae4-8760-de7d4ca8b4a2",
    "name": "list_of_tables",
    "supercategory": null
  },
  {
    "id": 10,
    "datatorch_id": "1910fde7-e3d7-44cf-a653-984b82088e8f",
    "name": "list_of_figures",
    "supercategory": null
  },
  {
    "id": 11,
    "datatorch_id": "2760da17-b8bf-4824-bda9-1a6c75cfb31a",
    "name": "table_of_contents",
    "supercategory": null
  },
  {
    "id": 12,
    "datatorch_id": "2d7ae022-e4b2-4454-82f9-6a21616cc1a1",
    "name": "subsubsubsection",
    "supercategory": null
  },
  {
    "id": 13,
    "datatorch_id": "78fdef56-aec3-43df-87be-9f219106f30b",
    "name": "subsubsection",
    "supercategory": null
  },
  {
    "id": 14,
    "datatorch_id": "a24ef245-0e7a-492e-b263-09d3fda426d8",
    "name": "subsection",
    "supercategory": null
  },
  {
    "id": 15,
    "datatorch_id": "2cb917fd-36d2-4af5-a88b-e9b7ad28c733",
    "name": "summary",
    "supercategory": null
  },
  {
    "id": 16,
    "datatorch_id": "b66fb620-4716-406d-a020-b97ecc4817c2",
    "name": "abstract",
    "supercategory": null
  },
  {
    "id": 17,
    "datatorch_id": "418130a4-f8a1-4218-99c8-a30542254019",
    "name": "section",
    "supercategory": null
  },
  {
    "id": 18,
    "datatorch_id": "ec6c7fda-bed5-4baf-97b1-95207a7890ba",
    "name": "paragraph",
    "supercategory": null
  },
  {
    "id": 19,
    "datatorch_id": "62a18526-d943-4993-a65e-2e91c2af6485",
    "name": "title",
    "supercategory": null
  },
  {
    "id": 20,
    "datatorch_id": "ab700373-3415-495f-8e5f-0609d9088715",
    "name": "other",
    "supercategory": null
  },
  {
    "id": 21,
    "datatorch_id": "27ef4a36-ce65-4f9e-a6a5-8fc1d422b062",
    "name": "form",
    "supercategory": null
  },
  {
    "id": 22,
    "datatorch_id": "7ce4fbc5-dafd-44a1-9d6b-80d965ba8dd5",
    "name": "report_title",
    "supercategory": null
  }
],"images": [
  {
    "id": 1,
    "datatorch_id": "89d60064-1aeb-43c5-a2a0-54c454192a3a",
    "storage_id": "66fd663e-2150-4306-958e-7014007cac52",
    "path": "a070455_partial surrender report e59-907_9771170-04.jpg",
    "width": 1653,
    "height": 2339,
    "file_name": "a070455_partial surrender report e59-907_9771170-04.jpg",
    "metadata": {},
    "date_captured": "2023-09-20T04:12:28.669Z"
  },
  {
    "id": 2,
    "datatorch_id": "c98a3a7e-bf4b-400a-ad96-6c6eeac6cba9",
    "storage_id": "66fd663e-2150-4306-958e-7014007cac52",
    "path": "a070455_partial surrender report e59-907_9771170-08.jpg",
    "width": 1653,
    "height": 2339,
    "file_name": "a070455_partial surrender report e59-907_9771170-08.jpg",
    "metadata": {},
    "date_captured": "2023-09-20T04:12:28.935Z"
  },
  {
    "id": 3,
    "datatorch_id": "6ee8cc79-ccc3-496c-8322-352d71799403",
    "storage_id": "66fd663e-2150-4306-958e-7014007cac52",
    "path": "a070455_partial surrender report e59-907_9771170-12.jpg",
    "width": 1653,
    "height": 2339,
    "file_name": "a070455_partial surrender report e59-907_9771170-12.jpg",
    "metadata": {},
    "date_captured": "2023-09-20T04:12:31.013Z"
  },
  {
    "id": 4,
    "datatorch_id": "d8e856a5-6ea9-4abc-8f61-c77a934cbe40",
    "storage_id": "66fd663e-2150-4306-958e-7014007cac52",
    "path": "a070455_partial surrender report e59-907_9771170-03.jpg",
    "width": 1653,
    "height": 2339,
    "file_name": "a070455_partial surrender report e59-907_9771170-03.jpg",
    "metadata": {},
    "date_captured": "2023-09-20T04:12:29.732Z"
  },
  {
    "id": 5,
    "datatorch_id": "dc599fba-34f1-4438-bb0e-bfd1240feec9",
    "storage_id": "66fd663e-2150-4306-958e-7014007cac52",
    "path": "a070455_partial surrender report e59-907_9771170-16.jpg",
    "width": 1653,
    "height": 2339,
    "file_name": "a070455_partial surrender report e59-907_9771170-16.jpg",
    "metadata": {},
    "date_captured": "2023-09-20T04:12:31.826Z"
  },
  {
    "id": 6,
    "datatorch_id": "d7ad02b5-ce00-416c-8900-fb2257e4a54e",
    "storage_id": "66fd663e-2150-4306-958e-7014007cac52",
    "path": "a070455_partial surrender report e59-907_9771170-07.jpg",
    "width": 1653,
    "height": 2339,
    "file_name": "a070455_partial surrender report e59-907_9771170-07.jpg",
    "metadata": {},
    "date_captured": "2023-09-20T04:12:34.435Z"
  },
  {
    "id": 7,
    "datatorch_id": "2e8c8145-30be-4fd2-9b03-de46e3b5d577",
    "storage_id": "66fd663e-2150-4306-958e-7014007cac52",
    "path": "a070455_partial surrender report e59-907_9771170-15.jpg",
    "width": 1653,
    "height": 2339,
    "file_name": "a070455_partial surrender report e59-907_9771170-15.jpg",
    "metadata": {},
    "date_captured": "2023-09-20T04:12:34.701Z"
  },
  {
    "id": 8,
    "datatorch_id": "ec168c17-3f99-4009-9636-321b5804c1d7",
    "storage_id": "66fd663e-2150-4306-958e-7014007cac52",
    "path": "a070455_partial surrender report e59-907_9771170-05.jpg",
    "width": 1653,
    "height": 2339,
    "file_name": "a070455_partial surrender report e59-907_9771170-05.jpg",
    "metadata": {},
    "date_captured": "2023-09-20T04:12:34.966Z"
  },
  {
    "id": 9,
    "datatorch_id": "62905fbe-faf1-4835-9f11-a86ebf4c0a48",
    "storage_id": "66fd663e-2150-4306-958e-7014007cac52",
    "path": "a070455_partial surrender report e59-907_9771170-18.jpg",
    "width": 1653,
    "height": 2339,
    "file_name": "a070455_partial surrender report e59-907_9771170-18.jpg",
    "metadata": {},
    "date_captured": "2023-09-20T04:12:28.404Z"
  },
  {
    "id": 10,
    "datatorch_id": "f6d758b1-40f0-48d5-8fab-08b5500f9882",
    "storage_id": "66fd663e-2150-4306-958e-7014007cac52",
    "path": "a070455_partial surrender report e59-907_9771170-19.jpg",
    "width": 1653,
    "height": 2339,
    "file_name": "a070455_partial surrender report e59-907_9771170-19.jpg",
    "metadata": {},
    "date_captured": "2023-09-20T04:12:28.685Z"
  },
  {
    "id": 11,
    "datatorch_id": "c4991b2d-6fec-4345-aa12-9b38518e7f1b",
    "storage_id": "66fd663e-2150-4306-958e-7014007cac52",
    "path": "a070455_partial surrender report e59-907_9771170-02.jpg",
    "width": 1653,
    "height": 2339,
    "file_name": "a070455_partial surrender report e59-907_9771170-02.jpg",
    "metadata": {},
    "date_captured": "2023-09-20T04:12:29.466Z"
  },
  {
    "id": 12,
    "datatorch_id": "b9c999f9-2eac-4e0d-9a0f-3473f359f314",
    "storage_id": "66fd663e-2150-4306-958e-7014007cac52",
    "path": "a070455_partial surrender report e59-907_9771170-14.jpg",
    "width": 1653,
    "height": 2339,
    "file_name": "a070455_partial surrender report e59-907_9771170-14.jpg",
    "metadata": {},
    "date_captured": "2023-09-20T04:12:30.497Z"
  },
  {
    "id": 13,
    "datatorch_id": "fc109897-1564-4ce8-b801-9957cb608ed4",
    "storage_id": "66fd663e-2150-4306-958e-7014007cac52",
    "path": "a070455_partial surrender report e59-907_9771170-06.jpg",
    "width": 1653,
    "height": 2339,
    "file_name": "a070455_partial surrender report e59-907_9771170-06.jpg",
    "metadata": {},
    "date_captured": "2023-09-20T04:12:34.951Z"
  },
  {
    "id": 14,
    "datatorch_id": "935869f1-1e2c-425d-a431-3c6070703d5a",
    "storage_id": "66fd663e-2150-4306-958e-7014007cac52",
    "path": "a070455_partial surrender report e59-907_9771170-09.jpg",
    "width": 1653,
    "height": 2339,
    "file_name": "a070455_partial surrender report e59-907_9771170-09.jpg",
    "metadata": {},
    "date_captured": "2023-09-20T04:12:31.044Z"
  },
  {
    "id": 15,
    "datatorch_id": "4e7ba95d-9a7f-44b2-aff6-61ebef84be1d",
    "storage_id": "66fd663e-2150-4306-958e-7014007cac52",
    "path": "a070455_partial surrender report e59-907_9771170-13.jpg",
    "width": 1653,
    "height": 2339,
    "file_name": "a070455_partial surrender report e59-907_9771170-13.jpg",
    "metadata": {},
    "date_captured": "2023-09-20T04:12:33.935Z"
  },
  {
    "id": 16,
    "datatorch_id": "9a9971c6-1fda-417c-bc37-6ac93317047e",
    "storage_id": "66fd663e-2150-4306-958e-7014007cac52",
    "path": "a070455_partial surrender report e59-907_9771170-11.jpg",
    "width": 1653,
    "height": 2339,
    "file_name": "a070455_partial surrender report e59-907_9771170-11.jpg",
    "metadata": {},
    "date_captured": "2023-09-20T04:12:34.435Z"
  },
  {
    "id": 17,
    "datatorch_id": "16288ccb-80a1-451a-bfc4-affba64ca861",
    "storage_id": "66fd663e-2150-4306-958e-7014007cac52",
    "path": "a070455_partial surrender report e59-907_9771170-10.jpg",
    "width": 1653,
    "height": 2339,
    "file_name": "a070455_partial surrender report e59-907_9771170-10.jpg",
    "metadata": {},
    "date_captured": "2023-09-20T04:12:34.701Z"
  },
  {
    "id": 18,
    "datatorch_id": "9389f601-14fa-4983-a2b6-3f2b2db4c39f",
    "storage_id": "66fd663e-2150-4306-958e-7014007cac52",
    "path": "a070455_partial surrender report e59-907_9771170-01.jpg",
    "width": 1653,
    "height": 2339,
    "file_name": "a070455_partial surrender report e59-907_9771170-01.jpg",
    "metadata": {},
    "date_captured": "2023-09-20T04:12:27.904Z"
  },
  {
    "id": 19,
    "datatorch_id": "d9346547-6076-4bfb-9708-07145b8b90cc",
    "storage_id": "66fd663e-2150-4306-958e-7014007cac52",
    "path": "a070455_partial surrender report e59-907_9771170-17.jpg",
    "width": 1653,
    "height": 2339,
    "file_name": "a070455_partial surrender report e59-907_9771170-17.jpg",
    "metadata": {},
    "date_captured": "2023-09-20T04:12:28.419Z"
  }
],"annotations": [
{"id":1,"datatorch_id":"028e452b-99c6-4d67-8772-dc71fc5ccc22","image_id":10,"category_id":3,"segmentation":[[114.028264316043,867.612689400436,1509.514354541603,867.612689400436,1509.514354541603,1112.943892407955,114.028264316043,1112.943892407955]],"area":342356.28,"bbox":[114.028264316043,867.612689400436,1395.48609022556,245.331203007519],"iscrowd":0,"metadata":{}},
{"id":2,"datatorch_id":"0435debe-0f3b-438d-8548-e22c19fb4dfd","image_id":15,"category_id":8,"segmentation":[[175.070888376194,252.930523986903,1546.393174090484,252.930523986903,1546.393174090484,2114.282102934273,175.070888376194,2114.282102934273]],"area":2552512.9,"bbox":[175.070888376194,252.930523986903,1371.32228571429,1861.35157894737],"iscrowd":0,"metadata":{}},
{"id":3,"datatorch_id":"04897d22-8d5b-4da3-9d00-2114781671cf","image_id":1,"category_id":2,"segmentation":[[97.7959560453665,136.91260669367,1419.7354447671664,136.91260669367,1419.7354447671664,1189.1460503026901,97.7959560453665,1189.1460503026901]],"area":1390988.94,"bbox":[97.7959560453665,136.91260669367,1321.9394887218,1052.23344360902],"iscrowd":0,"metadata":{}},
{"id":4,"datatorch_id":"0911ad70-308e-4d16-a275-11f177325280","image_id":2,"category_id":8,"segmentation":[[348.790001158148,160.812614212467,1325.049910932584,160.812614212467,1325.049910932584,700.224704438031,348.790001158148,700.224704438031]],"area":526606.4,"bbox":[348.790001158148,160.812614212467,976.259909774436,539.412090225564],"iscrowd":0,"metadata":{}},
{"id":5,"datatorch_id":"0c91ff06-84f1-4edb-b363-a690d846dc67","image_id":18,"category_id":20,"segmentation":[[591.061159052885,387.941824738782,1100.189354541607,387.941824738782,1100.189354541607,567.323779626,591.061159052885,567.323779626]],"area":91328.41,"bbox":[591.061159052885,387.941824738782,509.128195488722,179.381954887218],"iscrowd":0,"metadata":{}},
{"id":6,"datatorch_id":"0df4c79d-b740-4452-8c8e-01c82bc34334","image_id":18,"category_id":20,"segmentation":[[76.657023714539,1693.73693752074,593.699128977697,1693.73693752074,593.699128977697,1873.118892407958,76.657023714539,1873.118892407958]],"area":92748.02,"bbox":[76.657023714539,1693.73693752074,517.042105263158,179.381954887218],"iscrowd":0,"metadata":{}},
{"id":7,"datatorch_id":"2c6dd441-4a53-4611-a777-f24b5a5ea3b8","image_id":9,"category_id":3,"segmentation":[[129.41642221078,672.402914964346,1129.207023714539,672.402914964346,1129.207023714539,809.577351054572,129.41642221078,809.577351054572]],"area":137145.71,"bbox":[129.41642221078,672.402914964346,999.790601503759,137.174436090226],"iscrowd":0,"metadata":{}},
{"id":8,"datatorch_id":"2c7f5c79-f642-4a3c-b64e-37be785dd390","image_id":17,"category_id":8,"segmentation":[[168.862865819802,248.47763075382,1504.477590631832,248.47763075382,1504.477590631832,2085.51767887412,168.862865819802,2085.51767887412]],"area":2453577.74,"bbox":[168.862865819802,248.47763075382,1335.61472481203,1837.0400481203],"iscrowd":0,"metadata":{}},
{"id":9,"datatorch_id":"3ba844ac-e580-407b-8cc4-17738a73ec5a","image_id":6,"category_id":18,"segmentation":[[110.071309428825,1690.60654654329,1542.172422210775,1690.60654654329,1542.172422210775,1850.150967595922,110.071309428825,1850.150967595922]],"area":228483.74,"bbox":[110.071309428825,1690.60654654329,1432.10111278195,159.544421052632],"iscrowd":0,"metadata":{}},
{"id":10,"datatorch_id":"3ea7516c-1bc5-45b2-bfbc-dcf833de9af5","image_id":6,"category_id":17,"segmentation":[[122.733565067923,1591.84095255833,619.7270989025089,1591.84095255833,619.7270989025089,1690.6065465432923,122.733565067923,1690.6065465432923]],"area":49085.86,"bbox":[122.733565067923,1591.84095255833,496.993533834586,98.7655939849624],"iscrowd":0,"metadata":{}},
{"id":11,"datatorch_id":"3ff2c27d-2109-4bb5-8751-a3771cee2312","image_id":8,"category_id":17,"segmentation":[[116.050707925065,784.604569099684,641.534316947621,784.604569099684,641.534316947621,847.9158472951727,116.050707925065,847.9158472951727]],"area":33269.04,"bbox":[116.050707925065,784.604569099684,525.483609022556,63.3112781954887],"iscrowd":0,"metadata":{}},
{"id":12,"datatorch_id":"54742269-e9dc-4b27-a755-55435630522c","image_id":13,"category_id":14,"segmentation":[[136.310316947622,221.841169099684,504.781956045366,221.841169099684,504.781956045366,301.6133796259998,136.310316947622,301.6133796259998]],"area":29393.8,"bbox":[136.310316947622,221.841169099684,368.471639097744,79.7722105263158],"iscrowd":0,"metadata":{}},
{"id":13,"datatorch_id":"5523bfbb-d5b4-4b7f-9fe3-196b8b317501","image_id":12,"category_id":8,"segmentation":[[138.40029258672,257.612041280135,1419.31407303785,257.612041280135,1419.31407303785,1985.2502006786349,138.40029258672,1985.2502006786349]],"area":2212955.53,"bbox":[138.40029258672,257.612041280135,1280.91378045113,1727.6381593985],"iscrowd":0,"metadata":{}},
{"id":14,"datatorch_id":"560579b8-3464-42c9-8929-a21e414c53d0","image_id":15,"category_id":7,"segmentation":[[83.9026477746898,146.567576618482,1337.4659560453697,146.567576618482,1337.4659560453697,252.930523986903,83.9026477746898,252.930523986903]],"area":133332.69,"bbox":[83.9026477746898,146.567576618482,1253.56330827068,106.362947368421],"iscrowd":0,"metadata":{}},
{"id":15,"datatorch_id":"56c66fa9-d9f7-48d7-a55a-a09757e24e3a","image_id":13,"category_id":18,"segmentation":[[140.108993639351,301.613379626,1591.203489879951,301.613379626,1591.203489879951,487.748537520737,140.108993639351,487.748537520737]],"area":270099.7,"bbox":[140.108993639351,301.613379626,1451.0944962406,186.135157894737],"iscrowd":0,"metadata":{}},
{"id":16,"datatorch_id":"57589373-abe3-4c3e-8529-2d159f5c00c6","image_id":8,"category_id":18,"segmentation":[[125.547399654389,1417.71735105457,1553.2167229626589,1417.71735105457,1553.2167229626589,2120.472539024495,125.547399654389,2120.472539024495]],"area":1003302.02,"bbox":[125.547399654389,1417.71735105457,1427.66932330827,702.755187969925],"iscrowd":0,"metadata":{}},
{"id":17,"datatorch_id":"615f2759-486f-4c44-b7f0-d7f0e8d41994","image_id":16,"category_id":8,"segmentation":[[149.282094391231,223.005393159835,1480.3384071731812,223.005393159835,1480.3384071731812,2123.863209701185,149.282094391231,2123.863209701185]],"area":2530148.8,"bbox":[149.282094391231,223.005393159835,1331.05631278195,1900.85781654135],"iscrowd":0,"metadata":{}},
{"id":18,"datatorch_id":"6188ec5f-c371-446e-94b1-0c727e3c4d89","image_id":6,"category_id":17,"segmentation":[[125.899128977697,1196.77857661848,948.9457455190501,1196.77857661848,948.9457455190501,1284.1481405282545,125.899128977697,1284.1481405282545]],"area":71909.22,"bbox":[125.899128977697,1196.77857661848,823.046616541353,87.3695639097746],"iscrowd":0,"metadata":{}},
{"id":19,"datatorch_id":"61dfea77-830d-42b7-b5d9-a0d39575e2b8","image_id":6,"category_id":18,"segmentation":[[91.0779259701782,1284.14814052826,1538.3737455190483,1284.14814052826,1538.3737455190483,1546.256832257583,91.0779259701782,1546.256832257583]],"area":379348.81,"bbox":[91.0779259701782,1284.14814052826,1447.29581954887,262.108691729323],"iscrowd":0,"metadata":{}},
{"id":20,"datatorch_id":"64f178f7-eb69-466f-b2ee-0b7200d618fa","image_id":12,"category_id":7,"segmentation":[[115.608232436344,180.119036768857,1287.120124165664,180.119036768857,1287.120124165664,257.61204128013503,115.608232436344,257.61204128013503]],"area":90783.98,"bbox":[115.608232436344,180.119036768857,1171.51189172932,77.493004511278],"iscrowd":0,"metadata":{}},
{"id":21,"datatorch_id":"6558a926-881f-4712-a60c-1e65fa0dd7c7","image_id":14,"category_id":8,"segmentation":[[166.066617699502,191.940659325249,1465.2140462709322,191.940659325249,1465.2140462709322,2060.889591656079,166.066617699502,2060.889591656079]],"area":2428040.2,"bbox":[166.066617699502,191.940659325249,1299.14742857143,1868.94893233083],"iscrowd":0,"metadata":{}},
{"id":22,"datatorch_id":"664f890b-e3d9-4ce3-9018-3a14bc23a873","image_id":18,"category_id":22,"segmentation":[[234.935219203261,733.515884889158,1324.4167981506312,733.515884889158,1324.4167981506312,1485.337313460587,234.935219203261,1485.337313460587]],"area":819095.6,"bbox":[234.935219203261,733.515884889158,1089.48157894737,751.821428571429],"iscrowd":0,"metadata":{}},
{"id":23,"datatorch_id":"776c26e3-3219-41f8-b78d-b499fcdb3ef4","image_id":17,"category_id":7,"segmentation":[[109.603509428825,102.608445791414,1098.778919955141,102.608445791414,1098.778919955141,248.47763075382,109.603509428825,248.47763075382]],"area":144290.21,"bbox":[109.603509428825,102.608445791414,989.175410526316,145.869184962406],"iscrowd":0,"metadata":{}},
{"id":24,"datatorch_id":"79e7916c-74d4-4440-8f59-dc57dfe2108c","image_id":6,"category_id":5,"segmentation":[[117.035550030328,2093.2662758666,1032.516632737095,2093.2662758666,1032.516632737095,2192.0318698515625,117.035550030328,2192.0318698515625]],"area":90418.03,"bbox":[117.035550030328,2093.2662758666,915.481082706767,98.7655939849624],"iscrowd":0,"metadata":{}},
{"id":25,"datatorch_id":"7b24f4f3-87fc-4ab1-a805-23f3df3424b3","image_id":8,"category_id":5,"segmentation":[[135.044091383712,1069.50532097938,989.7463470228099,1069.50532097938,989.7463470228099,1161.3066743628387,135.044091383712,1161.3066743628387]],"area":78462.82,"bbox":[135.044091383712,1069.50532097938,854.702255639098,91.8013533834587],"iscrowd":0,"metadata":{}},
{"id":26,"datatorch_id":"85f22a4a-ea11-4321-b9bd-662413d0f03a","image_id":13,"category_id":18,"segmentation":[[140.108993639351,556.124717971865,1564.612753037851,556.124717971865,1564.612753037851,2140.172898422995,140.108993639351,2140.172898422995]],"area":2256482.59,"bbox":[140.108993639351,556.124717971865,1424.5037593985,1584.04818045113],"iscrowd":0,"metadata":{}},
{"id":27,"datatorch_id":"8667a09e-b036-4a56-98d2-81df780dcdac","image_id":8,"category_id":17,"segmentation":[[128.712963564163,1329.08156158089,426.27597108296004,1329.08156158089,426.27597108296004,1417.717351054574,128.712963564163,1417.717351054574]],"area":26374.73,"bbox":[128.712963564163,1329.08156158089,297.563007518797,88.6357894736841],"iscrowd":0,"metadata":{}},
{"id":28,"datatorch_id":"89edcbaf-7212-4c3d-a71f-863d7ae80b57","image_id":4,"category_id":20,"segmentation":[[84.7467981506295,2120.09970594179,645.4314778498775,2120.09970594179,645.4314778498775,2265.968890904196,84.7467981506295,2265.968890904196]],"area":81786.62,"bbox":[84.7467981506295,2120.09970594179,560.684679699248,145.869184962406],"iscrowd":0,"metadata":{}},
{"id":29,"datatorch_id":"8e0326be-0e3d-4ed6-ab4d-90673ead6de9","image_id":16,"category_id":7,"segmentation":[[94.5811500303286,118.161916468106,1525.9225274739388,118.161916468106,1525.9225274739388,223.005393159835,94.5811500303286,223.005393159835]],"area":150066.81,"bbox":[94.5811500303286,118.161916468106,1431.34137744361,104.843476691729],"iscrowd":0,"metadata":{}},
{"id":30,"datatorch_id":"9039ac39-62fb-473d-bed4-600d7795fcab","image_id":8,"category_id":17,"segmentation":[[128.712963564163,173.650734513218,546.567399654389,173.650734513218,546.567399654389,271.7832157162255,128.712963564163,271.7832157162255]],"area":41005.09,"bbox":[128.712963564163,173.650734513218,417.854436090226,98.1324812030075],"iscrowd":0,"metadata":{}},
{"id":31,"datatorch_id":"934006ff-8258-4726-86a2-37163d5ad552","image_id":3,"category_id":7,"segmentation":[[129.83849739875,134.010839776376,1197.26664777469,134.010839776376,1197.26664777469,194.7896668440452,129.83849739875,194.7896668440452]],"area":64877.03,"bbox":[129.83849739875,134.010839776376,1067.42815037594,60.7788270676692],"iscrowd":0,"metadata":{}},
{"id":32,"datatorch_id":"9376e9a0-da39-4ff7-8d37-b3e1af2f9b65","image_id":4,"category_id":9,"segmentation":[[84.7467981506295,670.52468037788,1169.6488613085196,670.52468037788,1169.6488613085196,857.419573610963,84.7467981506295,857.419573610963]],"area":202762.66,"bbox":[84.7467981506295,670.52468037788,1084.90206315789,186.894893233083],"iscrowd":0,"metadata":{}},
{"id":33,"datatorch_id":"99e0c2eb-8bd7-475e-b141-d6a251d67496","image_id":6,"category_id":18,"segmentation":[[102.473956045366,125.551749550812,1519.380362060406,125.551749550812,1519.380362060406,547.204862332767,102.473956045366,547.204862332767]],"area":597443,"bbox":[102.473956045366,125.551749550812,1416.90640601504,421.653112781955],"iscrowd":0,"metadata":{}},
{"id":34,"datatorch_id":"9f7d7a1b-e8ba-47dd-9119-add6152dfeac","image_id":2,"category_id":7,"segmentation":[[101.876016195742,2086.74169691923,652.6841364964939,2086.74169691923,652.6841364964939,2151.319200678629,101.876016195742,2151.319200678629]],"area":35569.81,"bbox":[101.876016195742,2086.74169691923,550.808120300752,64.577503759399],"iscrowd":0,"metadata":{}},
{"id":35,"datatorch_id":"a0f01e8d-e8ad-494a-b8ee-f64cb2579b76","image_id":11,"category_id":11,"segmentation":[[86.2064748423586,125.53768037788,1544.8983244664187,125.53768037788,1544.8983244664187,699.897596167353,86.2064748423586,699.897596167353]],"area":837814.13,"bbox":[86.2064748423586,125.53768037788,1458.69184962406,574.359915789473],"iscrowd":0,"metadata":{}},
{"id":36,"datatorch_id":"a1d1573f-81bf-4cbc-9a41-d9d093ce2980","image_id":4,"category_id":10,"segmentation":[[57.3963259701784,118.956824738782,1411.2446989025084,118.956824738782,1411.2446989025084,611.265323986902,57.3963259701784,611.265323986902]],"area":666511.06,"bbox":[57.3963259701784,118.956824738782,1353.84837293233,492.30849924812],"iscrowd":0,"metadata":{}},
{"id":37,"datatorch_id":"abfa7eb4-45fe-4fdf-b387-3e20f90bd423","image_id":3,"category_id":8,"segmentation":[[110.845113940103,244.172463836527,1447.979309428823,244.172463836527,1447.979309428823,2021.953155565847,110.845113940103,2021.953155565847]],"area":2377131.35,"bbox":[110.845113940103,244.172463836527,1337.13419548872,1777.78069172932],"iscrowd":0,"metadata":{}},
{"id":38,"datatorch_id":"c16c1465-66c5-4fdc-a33a-3c93bcfe79a7","image_id":8,"category_id":18,"segmentation":[[138.209655293486,271.783215716226,1572.2101064213061,271.783215716226,1572.2101064213061,743.452238272617,138.209655293486,743.452238272617]],"area":676373.59,"bbox":[138.209655293486,271.783215716226,1434.00045112782,471.669022556391],"iscrowd":0,"metadata":{}},
{"id":39,"datatorch_id":"c21b812b-6bf1-4b7d-a1ac-8af6575b274c","image_id":5,"category_id":1,"segmentation":[[136.134452285968,138.583320979384,1553.040858301008,138.583320979384,1553.040858301008,1057.8630803778801,136.134452285968,1057.8630803778801]],"area":1302533.38,"bbox":[136.134452285968,138.583320979384,1416.90640601504,919.279759398496],"iscrowd":0,"metadata":{}},
{"id":40,"datatorch_id":"c518ef61-56b1-43ed-befe-9b1de59753f1","image_id":13,"category_id":17,"segmentation":[[147.70634702281,130.67292849818,504.78195604536603,130.67292849818,504.78195604536603,221.8411690996837,147.70634702281,221.8411690996837]],"area":32553.96,"bbox":[147.70634702281,130.67292849818,357.075609022556,91.1682406015037],"iscrowd":0,"metadata":{}},
{"id":41,"datatorch_id":"cee2692f-7494-42a3-90b5-b1843725a73c","image_id":19,"category_id":3,"segmentation":[[132.581986120554,691.923892407955,1186.7147680754442,691.923892407955,1186.7147680754442,856.533215716226,132.581986120554,856.533215716226]],"area":173520.08,"bbox":[132.581986120554,691.923892407955,1054.13278195489,164.609323308271],"iscrowd":0,"metadata":{}},
{"id":42,"datatorch_id":"d1aa250a-f910-40bb-9397-e372862b7228","image_id":8,"category_id":18,"segmentation":[[135.044091383712,847.915847295173,1569.044542511532,847.915847295173,1569.044542511532,1069.505320979383,135.044091383712,1069.505320979383]],"area":317759.41,"bbox":[135.044091383712,847.915847295173,1434.00045112782,221.58947368421],"iscrowd":0,"metadata":{}},
{"id":43,"datatorch_id":"d5646d49-192f-401e-9c0e-5de598342dcb","image_id":4,"category_id":3,"segmentation":[[84.7467981506295,1016.96399466359,1201.5577455190496,1016.96399466359,1201.5577455190496,1440.896313460582,84.7467981506295,1440.896313460582]],"area":473452.25,"bbox":[84.7467981506295,1016.96399466359,1116.81094736842,423.932318796992],"iscrowd":0,"metadata":{}},
{"id":44,"datatorch_id":"e38af61d-2c0c-4017-af16-4516d0fde622","image_id":7,"category_id":7,"segmentation":[[131.843354541607,136.279493911715,1457.5815199551369,136.279493911715,1457.5815199551369,212.25302774630143,131.843354541607,212.25302774630143]],"area":100721.01,"bbox":[131.843354541607,136.279493911715,1325.73816541353,75.9735338345864],"iscrowd":0,"metadata":{}},
{"id":45,"datatorch_id":"ec2c8853-462f-4ac3-86c3-284fff37cfc7","image_id":6,"category_id":17,"segmentation":[[135.39582070702,547.204862332767,493.104542511531,547.204862332767,493.104542511531,642.1717796260001,135.39582070702,642.1717796260001]],"area":33970.49,"bbox":[135.39582070702,547.204862332767,357.708721804511,94.9669172932331],"iscrowd":0,"metadata":{}},
{"id":46,"datatorch_id":"f680ac57-6163-402a-8c0a-ec90831f3c7e","image_id":8,"category_id":6,"segmentation":[[100.222888376193,1161.30667436284,1565.878978601753,1161.30667436284,1565.878978601753,1310.088178122238,100.222888376193,1310.088178122238]],"area":218062.52,"bbox":[100.222888376193,1161.30667436284,1465.65609022556,148.781503759398],"iscrowd":0,"metadata":{}},
{"id":47,"datatorch_id":"f8ac335b-6dcc-431f-8ec1-019770d81461","image_id":7,"category_id":8,"segmentation":[[169.830121458899,212.253027746301,1472.776226722059,212.253027746301,1472.776226722059,2088.799313460591,169.830121458899,2088.799313460591]],"area":2445038.67,"bbox":[169.830121458899,212.253027746301,1302.94610526316,1876.54628571429],"iscrowd":0,"metadata":{}},
{"id":48,"datatorch_id":"f9be65d9-a6d5-4001-b1c2-13da7d1f3dbd","image_id":13,"category_id":14,"segmentation":[[140.108993639351,499.144567595925,436.40577559423804,499.144567595925,436.40577559423804,556.1247179718649,140.108993639351,556.1247179718649]],"area":16883.04,"bbox":[140.108993639351,499.144567595925,296.296781954887,56.9801503759399],"iscrowd":0,"metadata":{}},
{"id":49,"datatorch_id":"fd1d6d53-98b9-4097-8499-2251363ec9be","image_id":6,"category_id":18,"segmentation":[[68.2858658198022,642.171779626,1519.3803620604021,642.171779626,1519.3803620604021,1196.778576618481,68.2858658198022,1196.778576618481]],"area":804786.87,"bbox":[68.2858658198022,642.171779626,1451.0944962406,554.606796992481],"iscrowd":0,"metadata":{}}
]}