{"info": {"year":2023,"version":"0.1.0","description":"","url":"","date_created":1695189656120},"categories": [
  {
    "id": 1,
    "datatorch_id": "ea6a231b-d390-4ea6-88e1-6d99d36018a5",
    "name": "references",
    "supercategory": null
  },
  {
    "id": 2,
    "datatorch_id": "1063f0c2-a886-4121-838b-6bbf199ec21e",
    "name": "list",
    "supercategory": null
  },
  {
    "id": 3,
    "datatorch_id": "a53a6729-a94d-4f74-913c-bd222ebbce0d",
    "name": "appendix_list",
    "supercategory": null
  },
  {
    "id": 4,
    "datatorch_id": "8a765348-148e-4280-93e7-911ad854ec0b",
    "name": "cross",
    "supercategory": null
  },
  {
    "id": 5,
    "datatorch_id": "2be5156a-b962-4988-b879-89b159ac0a94",
    "name": "table_caption",
    "supercategory": null
  },
  {
    "id": 6,
    "datatorch_id": "1af8b78f-669f-4554-bebc-3986baee5a1c",
    "name": "table",
    "supercategory": null
  },
  {
    "id": 7,
    "datatorch_id": "3c954454-0bd6-47f9-89cf-52da19baf90d",
    "name": "figure_caption",
    "supercategory": null
  },
  {
    "id": 8,
    "datatorch_id": "3a501698-425e-457a-8ebe-321109d4d594",
    "name": "figure",
    "supercategory": null
  },
  {
    "id": 9,
    "datatorch_id": "0d1cf435-1d24-4ae4-8760-de7d4ca8b4a2",
    "name": "list_of_tables",
    "supercategory": null
  },
  {
    "id": 10,
    "datatorch_id": "1910fde7-e3d7-44cf-a653-984b82088e8f",
    "name": "list_of_figures",
    "supercategory": null
  },
  {
    "id": 11,
    "datatorch_id": "2760da17-b8bf-4824-bda9-1a6c75cfb31a",
    "name": "table_of_contents",
    "supercategory": null
  },
  {
    "id": 12,
    "datatorch_id": "2d7ae022-e4b2-4454-82f9-6a21616cc1a1",
    "name": "subsubsubsection",
    "supercategory": null
  },
  {
    "id": 13,
    "datatorch_id": "78fdef56-aec3-43df-87be-9f219106f30b",
    "name": "subsubsection",
    "supercategory": null
  },
  {
    "id": 14,
    "datatorch_id": "a24ef245-0e7a-492e-b263-09d3fda426d8",
    "name": "subsection",
    "supercategory": null
  },
  {
    "id": 15,
    "datatorch_id": "2cb917fd-36d2-4af5-a88b-e9b7ad28c733",
    "name": "summary",
    "supercategory": null
  },
  {
    "id": 16,
    "datatorch_id": "b66fb620-4716-406d-a020-b97ecc4817c2",
    "name": "abstract",
    "supercategory": null
  },
  {
    "id": 17,
    "datatorch_id": "418130a4-f8a1-4218-99c8-a30542254019",
    "name": "section",
    "supercategory": null
  },
  {
    "id": 18,
    "datatorch_id": "ec6c7fda-bed5-4baf-97b1-95207a7890ba",
    "name": "paragraph",
    "supercategory": null
  },
  {
    "id": 19,
    "datatorch_id": "62a18526-d943-4993-a65e-2e91c2af6485",
    "name": "title",
    "supercategory": null
  },
  {
    "id": 20,
    "datatorch_id": "ab700373-3415-495f-8e5f-0609d9088715",
    "name": "other",
    "supercategory": null
  },
  {
    "id": 21,
    "datatorch_id": "27ef4a36-ce65-4f9e-a6a5-8fc1d422b062",
    "name": "form",
    "supercategory": null
  },
  {
    "id": 22,
    "datatorch_id": "7ce4fbc5-dafd-44a1-9d6b-80d965ba8dd5",
    "name": "report_title",
    "supercategory": null
  }
],"images": [
  {
    "id": 1,
    "datatorch_id": "cac1c183-e55b-4ce0-b7ba-47e147013678",
    "storage_id": "66fd663e-2150-4306-958e-7014007cac52",
    "path": "a071993_carbine_2006_17753291-04.jpg",
    "width": 1654,
    "height": 2339,
    "file_name": "a071993_carbine_2006_17753291-04.jpg",
    "metadata": {},
    "date_captured": "2023-09-20T04:14:37.312Z"
  },
  {
    "id": 2,
    "datatorch_id": "151572a8-3c51-44e8-8529-5dad4980f9c5",
    "storage_id": "66fd663e-2150-4306-958e-7014007cac52",
    "path": "a071993_carbine_2006_17753291-08.jpg",
    "width": 1654,
    "height": 2339,
    "file_name": "a071993_carbine_2006_17753291-08.jpg",
    "metadata": {},
    "date_captured": "2023-09-20T04:14:37.844Z"
  },
  {
    "id": 3,
    "datatorch_id": "84e9bf63-cc77-4dba-b07b-e52a2447a010",
    "storage_id": "66fd663e-2150-4306-958e-7014007cac52",
    "path": "a071993_carbine_2006_17753291-09.jpg",
    "width": 1654,
    "height": 2339,
    "file_name": "a071993_carbine_2006_17753291-09.jpg",
    "metadata": {},
    "date_captured": "2023-09-20T04:14:37.875Z"
  },
  {
    "id": 4,
    "datatorch_id": "1d7a565e-634f-4bdd-ae31-74e9a4b6a374",
    "storage_id": "66fd663e-2150-4306-958e-7014007cac52",
    "path": "a071993_carbine_2006_17753291-03.jpg",
    "width": 1654,
    "height": 2339,
    "file_name": "a071993_carbine_2006_17753291-03.jpg",
    "metadata": {},
    "date_captured": "2023-09-20T04:14:37.047Z"
  },
  {
    "id": 5,
    "datatorch_id": "17fe16e2-0525-4fca-86bc-9a9b38f16c1b",
    "storage_id": "66fd663e-2150-4306-958e-7014007cac52",
    "path": "a071993_carbine_2006_17753291-02.jpg",
    "width": 1654,
    "height": 2339,
    "file_name": "a071993_carbine_2006_17753291-02.jpg",
    "metadata": {},
    "date_captured": "2023-09-20T04:14:36.281Z"
  },
  {
    "id": 6,
    "datatorch_id": "ac38acda-85c2-4139-927f-8cfeafa9cd88",
    "storage_id": "66fd663e-2150-4306-958e-7014007cac52",
    "path": "a071993_carbine_2006_17753291-01.jpg",
    "width": 1654,
    "height": 2339,
    "file_name": "a071993_carbine_2006_17753291-01.jpg",
    "metadata": {},
    "date_captured": "2023-09-20T04:14:36.297Z"
  },
  {
    "id": 7,
    "datatorch_id": "8745092f-ce48-40fc-8c27-daae02e897f4",
    "storage_id": "66fd663e-2150-4306-958e-7014007cac52",
    "path": "a071993_carbine_2006_17753291-05.jpg",
    "width": 1654,
    "height": 2339,
    "file_name": "a071993_carbine_2006_17753291-05.jpg",
    "metadata": {},
    "date_captured": "2023-09-20T04:14:37.312Z"
  },
  {
    "id": 8,
    "datatorch_id": "06ea57a1-c0c4-4c30-8582-3fb0cf8f488d",
    "storage_id": "66fd663e-2150-4306-958e-7014007cac52",
    "path": "a071993_carbine_2006_17753291-10.jpg",
    "width": 1654,
    "height": 2339,
    "file_name": "a071993_carbine_2006_17753291-10.jpg",
    "metadata": {},
    "date_captured": "2023-09-20T04:14:37.547Z"
  },
  {
    "id": 9,
    "datatorch_id": "c2002b06-0abd-43f7-ba6c-37874a9f641f",
    "storage_id": "66fd663e-2150-4306-958e-7014007cac52",
    "path": "a071993_carbine_2006_17753291-07.jpg",
    "width": 1654,
    "height": 2339,
    "file_name": "a071993_carbine_2006_17753291-07.jpg",
    "metadata": {},
    "date_captured": "2023-09-20T04:14:37.844Z"
  },
  {
    "id": 10,
    "datatorch_id": "f673160a-97c2-4dce-bcd0-1717da338213",
    "storage_id": "66fd663e-2150-4306-958e-7014007cac52",
    "path": "a071993_carbine_2006_17753291-06.jpg",
    "width": 1654,
    "height": 2339,
    "file_name": "a071993_carbine_2006_17753291-06.jpg",
    "metadata": {},
    "date_captured": "2023-09-20T04:14:37.468Z"
  }
],"annotations": [
{"id":1,"datatorch_id":"02879c00-7fc1-4ba3-acbd-341c7a12aa63","image_id":4,"category_id":17,"segmentation":[[221.999159052885,438.45015556585,801.2973545416061,438.45015556585,801.2973545416061,508.09256158088783,221.999159052885,508.09256158088783]],"area":40343.72,"bbox":[221.999159052885,438.45015556585,579.298195488721,69.6424060150378],"iscrowd":0,"metadata":{}},
{"id":2,"datatorch_id":"06af9385-09df-4f16-8ce5-d6ca08227dd9","image_id":4,"category_id":7,"segmentation":[[526.209850782208,1907.0607721072,1073.21929439123,1907.0607721072,1073.21929439123,2078.001223235019,526.209850782208,2078.001223235019]],"area":93506.04,"bbox":[526.209850782208,1907.0607721072,547.009443609022,170.940451127819],"iscrowd":0,"metadata":{}},
{"id":3,"datatorch_id":"0ca6a4b5-745e-414f-af05-052aa4be14a7","image_id":3,"category_id":7,"segmentation":[[380.207008676945,1807.11688488916,1261.500001158148,1807.11688488916,1261.500001158148,1894.4864487989346,380.207008676945,1894.4864487989346]],"area":76998.18,"bbox":[380.207008676945,1807.11688488916,881.292992481203,87.3695639097746],"iscrowd":0,"metadata":{}},
{"id":4,"datatorch_id":"0d775fc0-cace-4bc2-b1b5-fea8df6fbb18","image_id":8,"category_id":18,"segmentation":[[245.100741007773,238.850799174872,1439.404692887473,238.850799174872,1439.404692887473,544.26440518991,245.100741007773,544.26440518991]],"area":364756.68,"bbox":[245.100741007773,238.850799174872,1194.3039518797,305.413606015038],"iscrowd":0,"metadata":{}},
{"id":5,"datatorch_id":"16598a33-da7b-4d4c-a034-68caccfb933f","image_id":1,"category_id":5,"segmentation":[[643.202058301005,386.661530001941,1003.316608676945,386.661530001941,1003.316608676945,482.38818263351993,643.202058301005,482.38818263351993]],"area":34472.56,"bbox":[643.202058301005,386.661530001941,360.11455037594,95.7266526315789],"iscrowd":0,"metadata":{}},
{"id":6,"datatorch_id":"20090652-8574-456d-a138-905bdd215293","image_id":9,"category_id":18,"segmentation":[[208.49627033108,178.775430753819,1430.15069439123,178.775430753819,1430.15069439123,424.929680377879,208.49627033108,424.929680377879]],"area":300715.43,"bbox":[208.49627033108,178.775430753819,1221.65442406015,246.15424962406],"iscrowd":0,"metadata":{}},
{"id":7,"datatorch_id":"35a860e1-ab6b-48e0-8e41-b0b918fba692","image_id":7,"category_id":8,"segmentation":[[198.266574691983,159.540760979385,1478.2686727370929,159.540760979385,1478.2686727370929,1647.4064475959249,198.266574691983,1647.4064475959249]],"area":1904471.2,"bbox":[198.266574691983,159.540760979385,1280.00209804511,1487.86568661654],"iscrowd":0,"metadata":{}},
{"id":8,"datatorch_id":"3f306531-ca33-4fe9-8a89-47c8a6cabb2e","image_id":8,"category_id":17,"segmentation":[[222.308680857396,197.825090904196,732.850828225817,197.825090904196,732.850828225817,238.8507991748727,222.308680857396,238.8507991748727]],"area":20945.35,"bbox":[222.308680857396,197.825090904196,510.542147368421,41.0257082706767],"iscrowd":0,"metadata":{}},
{"id":9,"datatorch_id":"446f0091-fdce-47fe-bf12-33db88fca19a","image_id":1,"category_id":6,"segmentation":[[237.503387624313,482.388182633519,1459.157811684463,482.388182633519,1459.157811684463,1220.850931505699,237.503387624313,1220.850931505699]],"area":902146.28,"bbox":[237.503387624313,482.388182633519,1221.65442406015,738.46274887218],"iscrowd":0,"metadata":{}},
{"id":10,"datatorch_id":"54a92cd8-b92b-4a83-9222-24765fee2a7a","image_id":4,"category_id":8,"segmentation":[[359.068076346118,763.659087896677,1316.334602661907,763.659087896677,1316.334602661907,1907.060772107207,359.068076346118,1907.060772107207]],"area":1094540.16,"bbox":[359.068076346118,763.659087896677,957.266526315789,1143.40168421053],"iscrowd":0,"metadata":{}},
{"id":11,"datatorch_id":"62a483e6-7aec-49d7-81d2-6cc3ceff3658","image_id":3,"category_id":17,"segmentation":[[216.863910932584,181.283260829008,1006.988662812283,181.283260829008,1006.988662812283,268.6528247387824,216.863910932584,268.6528247387824]],"area":69032.86,"bbox":[216.863910932584,181.283260829008,790.124751879699,87.3695639097744],"iscrowd":0,"metadata":{}},
{"id":12,"datatorch_id":"678df824-6952-4520-87cb-255e51d2a9b9","image_id":9,"category_id":8,"segmentation":[[203.937858301005,424.929680377879,1430.150694391235,424.929680377879,1430.150694391235,1965.672946543289,203.937858301005,1965.672946543289]],"area":1889279.17,"bbox":[203.937858301005,424.929680377879,1226.21283609023,1540.74326616541],"iscrowd":0,"metadata":{}},
{"id":13,"datatorch_id":"70d84d1f-3577-4396-84be-f1d889dd18e8","image_id":4,"category_id":17,"segmentation":[[225.164722962659,182.039478874121,595.535700406268,182.039478874121,595.535700406268,264.3441405282563,225.164722962659,264.3441405282563]],"area":30483.26,"bbox":[225.164722962659,182.039478874121,370.370977443609,82.3046616541353],"iscrowd":0,"metadata":{}},
{"id":14,"datatorch_id":"797d3c81-5a0d-4254-85b1-4a0eaefcde05","image_id":2,"category_id":8,"segmentation":[[239.339414691983,166.967877370361,1466.311986120553,166.967877370361,1466.311986120553,1880.171065340281,239.339414691983,1880.171065340281]],"area":2102053.32,"bbox":[239.339414691983,166.967877370361,1226.97257142857,1713.20318796992],"iscrowd":0,"metadata":{}},
{"id":15,"datatorch_id":"79bfdc15-d18c-41bb-8805-3fa37edd757c","image_id":6,"category_id":22,"segmentation":[[293.435384616795,478.951787144797,1376.0582417596552,478.951787144797,1376.0582417596552,1698.327005189907,293.435384616795,1698.327005189907]],"area":1320123.48,"bbox":[293.435384616795,478.951787144797,1082.62285714286,1219.37521804511],"iscrowd":0,"metadata":{}},
{"id":16,"datatorch_id":"847d3038-e614-43d1-a357-b839cde4d6a5","image_id":10,"category_id":5,"segmentation":[[215.879068827321,1744.28395857337,1086.409144015291,1744.28395857337,1086.409144015291,1790.5645029342725,215.879068827321,1790.5645029342725]],"area":40288.61,"bbox":[215.879068827321,1744.28395857337,870.53007518797,46.2805443609025],"iscrowd":0,"metadata":{}},
{"id":17,"datatorch_id":"92f39b18-6929-4b3c-81ee-d100793d877b","image_id":10,"category_id":18,"segmentation":[[212.502467323562,181.44505631773,1470.624187624312,181.44505631773,1470.624187624312,1476.03407285908,212.502467323562,1476.03407285908]],"area":1628750.56,"bbox":[212.502467323562,181.44505631773,1258.12172030075,1294.58901654135],"iscrowd":0,"metadata":{}},
{"id":18,"datatorch_id":"95a4ef31-e1b9-4947-b3f4-654205069f18","image_id":7,"category_id":18,"segmentation":[[221.531359052885,1800.4762352651,1440.273464316045,1800.4762352651,1440.273464316045,2164.51608488916,221.531359052885,2164.51608488916]],"area":443670.69,"bbox":[221.531359052885,1800.4762352651,1218.74210526316,364.03984962406],"iscrowd":0,"metadata":{}},
{"id":19,"datatorch_id":"9c76ac1c-07ea-41e9-bd89-36ba3983ebdd","image_id":3,"category_id":18,"segmentation":[[228.259941007772,1894.48644879893,1451.4338357446122,1894.48644879893,1451.4338357446122,2008.44674955081,228.259941007772,2008.44674955081]],"area":139393.26,"bbox":[228.259941007772,1894.48644879893,1223.17389473684,113.96030075188],"iscrowd":0,"metadata":{}},
{"id":20,"datatorch_id":"a88bcac8-f640-41f7-b55f-c97491ec3c6d","image_id":3,"category_id":18,"segmentation":[[235.857294391231,268.652824738783,1436.239128977701,268.652824738783,1436.239128977701,534.560193159836,235.857294391231,534.560193159836]],"area":319190.37,"bbox":[235.857294391231,268.652824738783,1200.38183458647,265.907368421053],"iscrowd":0,"metadata":{}},
{"id":21,"datatorch_id":"b1b0fdd0-93f4-4852-9caa-e2071cc76275","image_id":10,"category_id":18,"segmentation":[[203.385643263411,1790.56450293427,1461.507363564161,1790.56450293427,1461.507363564161,2109.6533450395327,203.385643263411,2109.6533450395327]],"area":401452.6,"bbox":[203.385643263411,1790.56450293427,1258.12172030075,319.088842105263],"iscrowd":0,"metadata":{}},
{"id":22,"datatorch_id":"bbeadb97-b7c2-4952-bd90-1b76329f65d0","image_id":10,"category_id":6,"segmentation":[[205.327189128073,1633.48922173126,1482.1046327370932,1633.48922173126,1482.1046327370932,1744.283958573365,205.327189128073,1744.283958573365]],"area":141460.22,"bbox":[205.327189128073,1633.48922173126,1276.77744360902,110.794736842105],"iscrowd":0,"metadata":{}},
{"id":23,"datatorch_id":"c2e2e6e4-d17c-4045-b430-eba429770194","image_id":1,"category_id":18,"segmentation":[[219.269739504013,236.233933009459,1564.0012883761929,236.233933009459,1564.0012883761929,391.219942032015,219.269739504013,391.219942032015]],"area":208414.58,"bbox":[219.269739504013,236.233933009459,1344.73154887218,154.986009022556],"iscrowd":0,"metadata":{}},
{"id":24,"datatorch_id":"c7b40bd5-3a05-4ea7-b6c7-078fca007579","image_id":4,"category_id":18,"segmentation":[[221.999159052885,264.344140528256,1497.721414691985,264.344140528256,1497.721414691985,441.615719475624,221.999159052885,441.615719475624]],"area":226149.3,"bbox":[221.999159052885,264.344140528256,1275.7222556391,177.271578947368],"iscrowd":0,"metadata":{}},
{"id":25,"datatorch_id":"d15e0349-35c1-4cd0-9ba7-089a640306d9","image_id":2,"category_id":7,"segmentation":[[505.246783113035,1880.17106534029,1181.411234240854,1880.17106534029,1181.411234240854,1959.9432758666053,505.246783113035,1959.9432758666053]],"area":53939.13,"bbox":[505.246783113035,1880.17106534029,676.164451127819,79.7722105263153],"iscrowd":0,"metadata":{}},
{"id":26,"datatorch_id":"db4386be-a25c-4362-8e88-c05789c65f9e","image_id":7,"category_id":7,"segmentation":[[611.950907925065,1665.93976909968,1063.043765067922,1665.93976909968,1063.043765067922,1718.6991675959205,611.950907925065,1718.6991675959205]],"area":23799.39,"bbox":[611.950907925065,1665.93976909968,451.092857142857,52.7593984962405],"iscrowd":0,"metadata":{}},
{"id":27,"datatorch_id":"dcace65d-01c0-4b0a-83d5-4f2376e9b0ef","image_id":4,"category_id":18,"segmentation":[[225.164722962659,508.092561580888,1485.059159052889,508.092561580888,1485.059159052889,732.847599174873,225.164722962659,732.847599174873]],"area":283167.62,"bbox":[225.164722962659,508.092561580888,1259.89443609023,224.755037593985],"iscrowd":0,"metadata":{}},
{"id":28,"datatorch_id":"e07e65cf-d929-45c7-a0f5-e409671ce7f5","image_id":3,"category_id":8,"segmentation":[[235.857294391231,534.560193159835,1474.225895894991,534.560193159835,1474.225895894991,1780.526148047055,235.857294391231,1780.526148047055]],"area":1542965.12,"bbox":[235.857294391231,534.560193159835,1238.36860150376,1245.96595488722],"iscrowd":0,"metadata":{}},
{"id":29,"datatorch_id":"e83c02d5-2c21-4222-a2e1-2e0b28a2bde8","image_id":1,"category_id":17,"segmentation":[[219.269739504013,181.532988648557,492.774461308524,181.532988648557,492.774461308524,240.79234503953438,219.269739504013,240.79234503953438]],"area":16207.71,"bbox":[219.269739504013,181.532988648557,273.504721804511,59.2593563909774],"iscrowd":0,"metadata":{}},
{"id":30,"datatorch_id":"eb324137-12fa-4958-bce5-a1ddea680973","image_id":7,"category_id":17,"segmentation":[[218.028134992735,1691.07434654329,564.467449278449,1691.07434654329,564.467449278449,1800.476235265094,218.028134992735,1800.476235265094]],"area":37901.12,"bbox":[218.028134992735,1691.07434654329,346.439314285714,109.401888721804],"iscrowd":0,"metadata":{}},
{"id":31,"datatorch_id":"f57eff9d-ac9d-4ece-9de2-63918d8829de","image_id":5,"category_id":11,"segmentation":[[156.155429729577,168.19893000194,1166.6034297295769,168.19893000194,1166.6034297295769,1026.699862332767,156.155429729577,1026.699862332767]],"area":867470.55,"bbox":[156.155429729577,168.19893000194,1010.448,858.500932330827],"iscrowd":0,"metadata":{}},
{"id":32,"datatorch_id":"f961621b-ff56-4bc9-a78d-f6ed058c707b","image_id":10,"category_id":18,"segmentation":[[236.982828225817,1554.3501239869,1255.239219203257,1554.3501239869,1255.239219203257,1586.005763084644,236.982828225817,1586.005763084644]],"area":32233.56,"bbox":[236.982828225817,1554.3501239869,1018.25639097744,31.6556390977441],"iscrowd":0,"metadata":{}},
{"id":33,"datatorch_id":"fd2541ba-7558-41de-abab-c4a783c6b84f","image_id":10,"category_id":5,"segmentation":[[160.481700406268,1586.00576308465,579.91891845138,1586.00576308465,579.91891845138,1633.4892217312665,160.481700406268,1633.4892217312665]],"area":19916.33,"bbox":[160.481700406268,1586.00576308465,419.437218045112,47.4834586466166],"iscrowd":0,"metadata":{}},
{"id":34,"datatorch_id":"ff0910b1-8de4-4fa7-a0ec-2d7cbc61da47","image_id":9,"category_id":7,"segmentation":[[495.676228225817,1965.67294654329,1215.905328977696,1965.67294654329,1215.905328977696,2038.6075390244928,495.676228225817,2038.6075390244928]],"area":52529.62,"bbox":[495.676228225817,1965.67294654329,720.229100751879,72.9345924812028],"iscrowd":0,"metadata":{}},
{"id":35,"datatorch_id":"ffe70117-7e04-4836-93bc-ee3c467663cb","image_id":10,"category_id":17,"segmentation":[[244.896738000254,1476.03407285908,395.26102371453896,1476.03407285908,395.26102371453896,1554.3501239868992,244.896738000254,1554.3501239868992]],"area":11775.94,"bbox":[244.896738000254,1476.03407285908,150.364285714285,78.3160511278193],"iscrowd":0,"metadata":{}}
]}