{"info": {"year":2023,"version":"0.1.0","description":"","url":"","date_created":1695187481908},"categories": [
  {
    "id": 1,
    "datatorch_id": "ea6a231b-d390-4ea6-88e1-6d99d36018a5",
    "name": "references",
    "supercategory": null
  },
  {
    "id": 2,
    "datatorch_id": "1063f0c2-a886-4121-838b-6bbf199ec21e",
    "name": "list",
    "supercategory": null
  },
  {
    "id": 3,
    "datatorch_id": "a53a6729-a94d-4f74-913c-bd222ebbce0d",
    "name": "appendix_list",
    "supercategory": null
  },
  {
    "id": 4,
    "datatorch_id": "8a765348-148e-4280-93e7-911ad854ec0b",
    "name": "cross",
    "supercategory": null
  },
  {
    "id": 5,
    "datatorch_id": "2be5156a-b962-4988-b879-89b159ac0a94",
    "name": "table_caption",
    "supercategory": null
  },
  {
    "id": 6,
    "datatorch_id": "1af8b78f-669f-4554-bebc-3986baee5a1c",
    "name": "table",
    "supercategory": null
  },
  {
    "id": 7,
    "datatorch_id": "3c954454-0bd6-47f9-89cf-52da19baf90d",
    "name": "figure_caption",
    "supercategory": null
  },
  {
    "id": 8,
    "datatorch_id": "3a501698-425e-457a-8ebe-321109d4d594",
    "name": "figure",
    "supercategory": null
  },
  {
    "id": 9,
    "datatorch_id": "0d1cf435-1d24-4ae4-8760-de7d4ca8b4a2",
    "name": "list_of_tables",
    "supercategory": null
  },
  {
    "id": 10,
    "datatorch_id": "1910fde7-e3d7-44cf-a653-984b82088e8f",
    "name": "list_of_figures",
    "supercategory": null
  },
  {
    "id": 11,
    "datatorch_id": "2760da17-b8bf-4824-bda9-1a6c75cfb31a",
    "name": "table_of_contents",
    "supercategory": null
  },
  {
    "id": 12,
    "datatorch_id": "2d7ae022-e4b2-4454-82f9-6a21616cc1a1",
    "name": "subsubsubsection",
    "supercategory": null
  },
  {
    "id": 13,
    "datatorch_id": "78fdef56-aec3-43df-87be-9f219106f30b",
    "name": "subsubsection",
    "supercategory": null
  },
  {
    "id": 14,
    "datatorch_id": "a24ef245-0e7a-492e-b263-09d3fda426d8",
    "name": "subsection",
    "supercategory": null
  },
  {
    "id": 15,
    "datatorch_id": "2cb917fd-36d2-4af5-a88b-e9b7ad28c733",
    "name": "summary",
    "supercategory": null
  },
  {
    "id": 16,
    "datatorch_id": "b66fb620-4716-406d-a020-b97ecc4817c2",
    "name": "abstract",
    "supercategory": null
  },
  {
    "id": 17,
    "datatorch_id": "418130a4-f8a1-4218-99c8-a30542254019",
    "name": "section",
    "supercategory": null
  },
  {
    "id": 18,
    "datatorch_id": "ec6c7fda-bed5-4baf-97b1-95207a7890ba",
    "name": "paragraph",
    "supercategory": null
  },
  {
    "id": 19,
    "datatorch_id": "62a18526-d943-4993-a65e-2e91c2af6485",
    "name": "title",
    "supercategory": null
  },
  {
    "id": 20,
    "datatorch_id": "ab700373-3415-495f-8e5f-0609d9088715",
    "name": "other",
    "supercategory": null
  },
  {
    "id": 21,
    "datatorch_id": "27ef4a36-ce65-4f9e-a6a5-8fc1d422b062",
    "name": "form",
    "supercategory": null
  },
  {
    "id": 22,
    "datatorch_id": "7ce4fbc5-dafd-44a1-9d6b-80d965ba8dd5",
    "name": "report_title",
    "supercategory": null
  }
],"images": [
  {
    "id": 1,
    "datatorch_id": "1209a8fe-2050-46d1-b064-2fe4300382b5",
    "storage_id": "66fd663e-2150-4306-958e-7014007cac52",
    "path": "a071874_700-100-go-rep-0005_11545981-05.jpg",
    "width": 1653,
    "height": 2339,
    "file_name": "a071874_700-100-go-rep-0005_11545981-05.jpg",
    "metadata": {},
    "date_captured": "2023-09-20T04:13:10.404Z"
  },
  {
    "id": 2,
    "datatorch_id": "0c267fc7-db41-4fa7-a8ad-0202588decc6",
    "storage_id": "66fd663e-2150-4306-958e-7014007cac52",
    "path": "a071874_700-100-go-rep-0005_11545981-18.jpg",
    "width": 1653,
    "height": 2339,
    "file_name": "a071874_700-100-go-rep-0005_11545981-18.jpg",
    "metadata": {},
    "date_captured": "2023-09-20T04:13:07.764Z"
  },
  {
    "id": 3,
    "datatorch_id": "fb8f6d60-ba8a-4e0d-b0ac-0c41a0874a95",
    "storage_id": "66fd663e-2150-4306-958e-7014007cac52",
    "path": "a071874_700-100-go-rep-0005_11545981-19.jpg",
    "width": 1653,
    "height": 2339,
    "file_name": "a071874_700-100-go-rep-0005_11545981-19.jpg",
    "metadata": {},
    "date_captured": "2023-09-20T04:13:07.779Z"
  },
  {
    "id": 4,
    "datatorch_id": "ec0b0ef6-e659-427e-805c-e9830bd0eb35",
    "storage_id": "66fd663e-2150-4306-958e-7014007cac52",
    "path": "a071874_700-100-go-rep-0005_11545981-02.jpg",
    "width": 1653,
    "height": 2337,
    "file_name": "a071874_700-100-go-rep-0005_11545981-02.jpg",
    "metadata": {},
    "date_captured": "2023-09-20T04:13:08.842Z"
  },
  {
    "id": 5,
    "datatorch_id": "bbd3f1f5-dc3a-49f3-b764-88cdbeefc07b",
    "storage_id": "66fd663e-2150-4306-958e-7014007cac52",
    "path": "a071874_700-100-go-rep-0005_11545981-08.jpg",
    "width": 1653,
    "height": 2339,
    "file_name": "a071874_700-100-go-rep-0005_11545981-08.jpg",
    "metadata": {},
    "date_captured": "2023-09-20T04:13:09.608Z"
  },
  {
    "id": 6,
    "datatorch_id": "e43fa363-c3de-4a0f-9129-f030d57f4bf4",
    "storage_id": "66fd663e-2150-4306-958e-7014007cac52",
    "path": "a071874_700-100-go-rep-0005_11545981-03.jpg",
    "width": 1653,
    "height": 2339,
    "file_name": "a071874_700-100-go-rep-0005_11545981-03.jpg",
    "metadata": {},
    "date_captured": "2023-09-20T04:13:09.842Z"
  },
  {
    "id": 7,
    "datatorch_id": "d8adaf5e-4fb9-4240-a698-237664d2fa48",
    "storage_id": "66fd663e-2150-4306-958e-7014007cac52",
    "path": "a071874_700-100-go-rep-0005_11545981-07.jpg",
    "width": 1653,
    "height": 2339,
    "file_name": "a071874_700-100-go-rep-0005_11545981-07.jpg",
    "metadata": {},
    "date_captured": "2023-09-20T04:13:10.123Z"
  },
  {
    "id": 8,
    "datatorch_id": "3df09109-26dd-49fc-8865-bf7b6ee8413f",
    "storage_id": "66fd663e-2150-4306-958e-7014007cac52",
    "path": "a071874_700-100-go-rep-0005_11545981-10.jpg",
    "width": 1653,
    "height": 2339,
    "file_name": "a071874_700-100-go-rep-0005_11545981-10.jpg",
    "metadata": {},
    "date_captured": "2023-09-20T04:13:10.404Z"
  },
  {
    "id": 9,
    "datatorch_id": "d386b37c-3062-4cd8-9de2-a364d2beaa77",
    "storage_id": "66fd663e-2150-4306-958e-7014007cac52",
    "path": "a071874_700-100-go-rep-0005_11545981-04.jpg",
    "width": 1653,
    "height": 2339,
    "file_name": "a071874_700-100-go-rep-0005_11545981-04.jpg",
    "metadata": {},
    "date_captured": "2023-09-20T04:13:12.217Z"
  },
  {
    "id": 10,
    "datatorch_id": "bd36abb8-a996-4b55-84e7-c79cf2b0a50d",
    "storage_id": "66fd663e-2150-4306-958e-7014007cac52",
    "path": "a071874_700-100-go-rep-0005_11545981-09.jpg",
    "width": 1653,
    "height": 2339,
    "file_name": "a071874_700-100-go-rep-0005_11545981-09.jpg",
    "metadata": {},
    "date_captured": "2023-09-20T04:13:12.748Z"
  },
  {
    "id": 11,
    "datatorch_id": "923c7177-1f01-4086-b1e9-f5ffa5759477",
    "storage_id": "66fd663e-2150-4306-958e-7014007cac52",
    "path": "a071874_700-100-go-rep-0005_11545981-17.jpg",
    "width": 1653,
    "height": 2339,
    "file_name": "a071874_700-100-go-rep-0005_11545981-17.jpg",
    "metadata": {},
    "date_captured": "2023-09-20T04:13:12.764Z"
  },
  {
    "id": 12,
    "datatorch_id": "c4bab778-46ce-4f0d-9a7b-d182fa121815",
    "storage_id": "66fd663e-2150-4306-958e-7014007cac52",
    "path": "a071874_700-100-go-rep-0005_11545981-13.jpg",
    "width": 1653,
    "height": 2339,
    "file_name": "a071874_700-100-go-rep-0005_11545981-13.jpg",
    "metadata": {},
    "date_captured": "2023-09-20T04:13:12.842Z"
  },
  {
    "id": 13,
    "datatorch_id": "15642458-bd7f-4232-a4cb-e8f024892759",
    "storage_id": "66fd663e-2150-4306-958e-7014007cac52",
    "path": "a071874_700-100-go-rep-0005_11545981-06.jpg",
    "width": 1653,
    "height": 2339,
    "file_name": "a071874_700-100-go-rep-0005_11545981-06.jpg",
    "metadata": {},
    "date_captured": "2023-09-20T04:13:13.264Z"
  },
  {
    "id": 14,
    "datatorch_id": "5699738d-9194-46ad-87ab-df569b90b010",
    "storage_id": "66fd663e-2150-4306-958e-7014007cac52",
    "path": "a071874_700-100-go-rep-0005_11545981-16.jpg",
    "width": 1653,
    "height": 2339,
    "file_name": "a071874_700-100-go-rep-0005_11545981-16.jpg",
    "metadata": {},
    "date_captured": "2023-09-20T04:13:13.264Z"
  },
  {
    "id": 15,
    "datatorch_id": "9a25fc00-d777-49cd-8f7d-9ccf8535c196",
    "storage_id": "66fd663e-2150-4306-958e-7014007cac52",
    "path": "a071874_700-100-go-rep-0005_11545981-11.jpg",
    "width": 1653,
    "height": 2339,
    "file_name": "a071874_700-100-go-rep-0005_11545981-11.jpg",
    "metadata": {},
    "date_captured": "2023-09-20T04:13:13.530Z"
  },
  {
    "id": 16,
    "datatorch_id": "2d8919f9-837d-49aa-ba54-42d0ac48a29c",
    "storage_id": "66fd663e-2150-4306-958e-7014007cac52",
    "path": "a071874_700-100-go-rep-0005_11545981-14.jpg",
    "width": 1653,
    "height": 2339,
    "file_name": "a071874_700-100-go-rep-0005_11545981-14.jpg",
    "metadata": {},
    "date_captured": "2023-09-20T04:13:13.545Z"
  },
  {
    "id": 17,
    "datatorch_id": "6587b3f9-5bc1-4f9e-b064-eae89ae3783c",
    "storage_id": "66fd663e-2150-4306-958e-7014007cac52",
    "path": "a071874_700-100-go-rep-0005_11545981-15.jpg",
    "width": 1653,
    "height": 2339,
    "file_name": "a071874_700-100-go-rep-0005_11545981-15.jpg",
    "metadata": {},
    "date_captured": "2023-09-20T04:13:13.608Z"
  },
  {
    "id": 18,
    "datatorch_id": "d5472e21-eed3-4b52-986c-3be6ebabc16c",
    "storage_id": "66fd663e-2150-4306-958e-7014007cac52",
    "path": "a071874_700-100-go-rep-0005_11545981-12.jpg",
    "width": 1653,
    "height": 2339,
    "file_name": "a071874_700-100-go-rep-0005_11545981-12.jpg",
    "metadata": {},
    "date_captured": "2023-09-20T04:13:13.779Z"
  },
  {
    "id": 19,
    "datatorch_id": "782863d4-c2aa-4159-87bc-4e6151fc10c4",
    "storage_id": "66fd663e-2150-4306-958e-7014007cac52",
    "path": "a071874_700-100-go-rep-0005_11545981-01.jpg",
    "width": 1653,
    "height": 2339,
    "file_name": "a071874_700-100-go-rep-0005_11545981-01.jpg",
    "metadata": {},
    "date_captured": "2023-09-20T04:13:07.248Z"
  }
],"annotations": [
{"id":1,"datatorch_id":"02c509b6-61a1-4b4a-bd10-511efe628c45","image_id":8,"category_id":18,"segmentation":[[134.498910932584,550.001110453068,1604.586790631834,550.001110453068,1604.586790631834,1545.25440368615,134.498910932584,1545.25440368615]],"area":1463109.8,"bbox":[134.498910932584,550.001110453068,1470.08787969925,995.253293233082],"iscrowd":0,"metadata":{}},
{"id":2,"datatorch_id":"073bb414-05c0-4bae-9297-b2185c8516ea","image_id":15,"category_id":17,"segmentation":[[109.367850782208,239.336185641038,764.639580105516,239.336185641038,764.639580105516,321.64084729517333,109.367850782208,321.64084729517333]],"area":53931.92,"bbox":[109.367850782208,239.336185641038,655.271729323308,82.3046616541353],"iscrowd":0,"metadata":{}},
{"id":3,"datatorch_id":"083ee347-5e9f-4950-9975-1757d2055476","image_id":17,"category_id":14,"segmentation":[[129.873670331081,1830.54205782149,893.407685368674,1830.54205782149,893.407685368674,1952.099711956828,129.873670331081,1952.099711956828]],"area":92813.4,"bbox":[129.873670331081,1830.54205782149,763.534015037593,121.557654135338],"iscrowd":0,"metadata":{}},
{"id":4,"datatorch_id":"0b4d0779-07f1-4d20-871d-052c680359b7","image_id":10,"category_id":8,"segmentation":[[144.470437248374,298.215674362843,1561.376843263414,298.215674362843,1561.376843263414,1889.861208197433,144.470437248374,1889.861208197433]],"area":2255212.75,"bbox":[144.470437248374,298.215674362843,1416.90640601504,1591.64553383459],"iscrowd":0,"metadata":{}},
{"id":5,"datatorch_id":"0cae86f6-a19c-445e-9e15-8c938593526e","image_id":16,"category_id":18,"segmentation":[[140.26727183484,1398.98776458841,1568.56970792507,1398.98776458841,1568.56970792507,1759.862050302696,140.26727183484,1759.862050302696]],"area":515437.62,"bbox":[140.26727183484,1398.98776458841,1428.30243609023,360.874285714286],"iscrowd":0,"metadata":{}},
{"id":6,"datatorch_id":"0d05ed65-6618-4bbf-b01f-f7b50cac7d49","image_id":14,"category_id":18,"segmentation":[[115.751738000254,1486.26939616735,1593.436971082964,1486.26939616735,1593.436971082964,1752.1767645884029,115.751738000254,1752.1767645884029]],"area":392927.39,"bbox":[115.751738000254,1486.26939616735,1477.68523308271,265.907368421053],"iscrowd":0,"metadata":{}},
{"id":7,"datatorch_id":"12d6d54f-c113-44c3-9793-9bdbe6eb2b2f","image_id":5,"category_id":7,"segmentation":[[123.577715443863,233.937140528256,731.365986120555,233.937140528256,731.365986120555,309.9106743628424,123.577715443863,309.9106743628424]],"area":46175.82,"bbox":[123.577715443863,233.937140528256,607.788270676692,75.9735338345864],"iscrowd":0,"metadata":{}},
{"id":8,"datatorch_id":"16e0292e-1df1-4e1e-a5de-5d54cf324871","image_id":1,"category_id":10,"segmentation":[[41.0338778498779,1414.56585631773,1540.7514357446178,1414.56585631773,1540.7514357446178,1915.991179626,41.0338778498779,1915.991179626]],"area":751996.36,"bbox":[41.0338778498779,1414.56585631773,1499.71755789474,501.42532330827],"iscrowd":0,"metadata":{}},
{"id":9,"datatorch_id":"172c0f90-751c-47df-ac9b-d7c39c051435","image_id":13,"category_id":18,"segmentation":[[130.823339504013,327.180584137278,1647.1284522859628,327.180584137278,1647.1284522859628,836.836373610962,130.823339504013,836.836373610962]],"area":772793.68,"bbox":[130.823339504013,327.180584137278,1516.30511278195,509.655789473684],"iscrowd":0,"metadata":{}},
{"id":10,"datatorch_id":"19f3492a-08f9-4c9d-bbb7-04e0fe84da46","image_id":8,"category_id":17,"segmentation":[[126.901557549125,253.704328498181,871.442189128072,253.704328498181,871.442189128072,306.8858021823915,126.901557549125,306.8858021823915]],"area":39595.77,"bbox":[126.901557549125,253.704328498181,744.540631578947,53.1814736842105],"iscrowd":0,"metadata":{}},
{"id":11,"datatorch_id":"1a428086-e946-4c11-ae4b-90c922a571bf","image_id":9,"category_id":8,"segmentation":[[201.605348526569,330.233594663594,1541.778485368669,330.233594663594,1541.778485368669,1688.640379626004,201.605348526569,1688.640379626004]],"area":1820500.28,"bbox":[201.605348526569,330.233594663594,1340.1731368421,1358.40678496241],"iscrowd":0,"metadata":{}},
{"id":12,"datatorch_id":"1d580ce0-4741-4f71-ac8e-38f53200c09d","image_id":15,"category_id":18,"segmentation":[[134.692362060404,1714.48896759592,1571.858377097994,1714.48896759592,1571.858377097994,2110.184456317724,134.692362060404,2110.184456317724]],"area":568680.11,"bbox":[134.692362060404,1714.48896759592,1437.16601503759,395.695488721804],"iscrowd":0,"metadata":{}},
{"id":13,"datatorch_id":"241555a0-e3ad-4ce8-a61f-b20e5a1f0cb8","image_id":7,"category_id":18,"segmentation":[[91.1658583010053,231.334343535775,1648.6233019100252,231.334343535775,1648.6233019100252,601.7053209793839,91.1658583010053,601.7053209793839]],"area":576837.04,"bbox":[91.1658583010053,231.334343535775,1557.45744360902,370.370977443609],"iscrowd":0,"metadata":{}},
{"id":14,"datatorch_id":"24aa3835-d0c1-4bba-aac8-38c83ddbabc7","image_id":18,"category_id":8,"segmentation":[[213.673181609277,346.367418723745,1497.625903413787,346.367418723745,1497.625903413787,1280.8418848891579,213.673181609277,1280.8418848891579]],"area":1199821.03,"bbox":[213.673181609277,346.367418723745,1283.95272180451,934.474466165413],"iscrowd":0,"metadata":{}},
{"id":15,"datatorch_id":"2760f645-c6b7-46f3-aaa7-7320619f2768","image_id":14,"category_id":14,"segmentation":[[115.751738000254,1752.17676458841,605.675512436344,1752.17676458841,605.675512436344,1815.6990803778829,115.751738000254,1815.6990803778829]],"area":31121.09,"bbox":[115.751738000254,1752.17676458841,489.92377443609,63.5223157894729],"iscrowd":0,"metadata":{}},
{"id":16,"datatorch_id":"320214a9-a0f5-4266-9a34-37ca8eb58d4c","image_id":12,"category_id":7,"segmentation":[[148.719327473937,347.594954062091,981.262635744614,347.594954062091,981.262635744614,412.1724578214895,148.719327473937,412.1724578214895]],"area":53763.57,"bbox":[148.719327473937,347.594954062091,832.543308270677,64.5775037593985],"iscrowd":0,"metadata":{}},
{"id":17,"datatorch_id":"331b07a6-9e3e-4c28-81f4-c51cd3824b2a","image_id":14,"category_id":14,"segmentation":[[144.030775594239,1992.44306534029,869.472504917547,1992.44306534029,869.472504917547,2066.306223235027,144.030775594239,2066.306223235027]],"area":53583.42,"bbox":[144.030775594239,1992.44306534029,725.441729323308,73.863157894737],"iscrowd":0,"metadata":{}},
{"id":18,"datatorch_id":"3554b2d3-26b7-4e61-b95f-c71915503fc2","image_id":17,"category_id":18,"segmentation":[[118.477640255893,1245.54584729517,1622.753610180703,1245.54584729517,1622.753610180703,1830.542057821486,118.477640255893,1830.542057821486]],"area":879995.74,"bbox":[118.477640255893,1245.54584729517,1504.27596992481,584.996210526316],"iscrowd":0,"metadata":{}},
{"id":19,"datatorch_id":"36452664-2326-4f3f-bbea-0692537dd354","image_id":15,"category_id":18,"segmentation":[[115.698978601757,321.640847295173,1562.3616853686772,321.640847295173,1562.3616853686772,1562.5418999267529,115.698978601757,1562.5418999267529]],"area":1795165.28,"bbox":[115.698978601757,321.640847295173,1446.66270676692,1240.90105263158],"iscrowd":0,"metadata":{}},
{"id":20,"datatorch_id":"381e71a6-9498-466a-9648-0aae2be1dba2","image_id":15,"category_id":14,"segmentation":[[122.030106421306,1622.68761421247,641.182587624313,1622.68761421247,641.182587624313,1714.4889675959287,122.030106421306,1714.4889675959287]],"area":47658.9,"bbox":[122.030106421306,1622.68761421247,519.152481203007,91.8013533834587],"iscrowd":0,"metadata":{}},
{"id":21,"datatorch_id":"39b9f2b5-c72c-4de3-8087-3646288118f4","image_id":14,"category_id":17,"segmentation":[[122.927016195742,705.113742032015,880.024384616794,705.113742032015,880.024384616794,775.9168548139701,122.927016195742,775.9168548139701]],"area":53604.85,"bbox":[122.927016195742,705.113742032015,757.097368421052,70.8031127819551],"iscrowd":0,"metadata":{}},
{"id":22,"datatorch_id":"39bffcb4-435e-493f-8d7d-e2a6ea658f66","image_id":14,"category_id":18,"segmentation":[[120.28904627093,1815.69908037788,1518.41310642131,1815.69908037788,1518.41310642131,1992.443065340286,120.28904627093,1992.443065340286]],"area":247110.02,"bbox":[120.28904627093,1815.69908037788,1398.12406015038,176.743984962406],"iscrowd":0,"metadata":{}},
{"id":23,"datatorch_id":"4701513d-dba4-4f1f-9e9f-701ed27b5c6a","image_id":7,"category_id":6,"segmentation":[[271.603001158148,661.851035265098,1408.040444767168,661.851035265098,1408.040444767168,1412.089681881639,271.603001158148,1412.089681881639]],"area":852599.29,"bbox":[271.603001158148,661.851035265098,1136.43744360902,750.238646616541],"iscrowd":0,"metadata":{}},
{"id":24,"datatorch_id":"47432f8d-447d-498c-bab4-904123d0476a","image_id":9,"category_id":7,"segmentation":[[324.682473338599,234.506942032016,1327.533119955139,234.506942032016,1327.533119955139,330.2335946635949,324.682473338599,330.2335946635949]],"area":95999.54,"bbox":[324.682473338599,234.506942032016,1002.85064661654,95.7266526315789],"iscrowd":0,"metadata":{}},
{"id":25,"datatorch_id":"4a077c27-8cf0-4b9e-a2f1-b1c76c7288cd","image_id":11,"category_id":18,"segmentation":[[112.990662812284,223.156636768857,1571.682512436344,223.156636768857,1571.682512436344,367.506351054571,112.990662812284,367.506351054571]],"area":210561.75,"bbox":[112.990662812284,223.156636768857,1458.69184962406,144.349714285714],"iscrowd":0,"metadata":{}},
{"id":26,"datatorch_id":"4b8dded8-79b3-4ba4-8963-25e552b15924","image_id":12,"category_id":18,"segmentation":[[120.229252285968,236.800217219986,1560.560831233338,236.800217219986,1560.560831233338,347.594954062091,120.229252285968,347.594954062091]],"area":159581.16,"bbox":[120.229252285968,236.800217219986,1440.33157894737,110.794736842105],"iscrowd":0,"metadata":{}},
{"id":27,"datatorch_id":"58793ecf-7892-4951-8143-bc10eb717a50","image_id":4,"category_id":6,"segmentation":[[96.6900177210125,664.061394484928,1526.8075034353026,664.061394484928,1526.8075034353026,2044.079223056358,96.6900177210125,2044.079223056358]],"area":1973587.63,"bbox":[96.6900177210125,664.061394484928,1430.11748571429,1380.01782857143],"iscrowd":0,"metadata":{}},
{"id":28,"datatorch_id":"641a75a1-64c3-4086-b019-b29ae0369ab4","image_id":11,"category_id":18,"segmentation":[[128.185369579201,489.06400518991,1598.273249278451,489.06400518991,1598.273249278451,1089.254922483143,128.185369579201,1089.254922483143]],"area":882333.39,"bbox":[128.185369579201,489.06400518991,1470.08787969925,600.190917293233],"iscrowd":0,"metadata":{}},
{"id":29,"datatorch_id":"6568b736-d0c1-41c1-9e29-c6c859b1e3bb","image_id":14,"category_id":18,"segmentation":[[146.668745519051,2066.30622323502,1515.775136496491,2066.30622323502,1515.775136496491,2155.997200678629,146.668745519051,2155.997200678629]],"area":122796.49,"bbox":[146.668745519051,2066.30622323502,1369.10639097744,89.690977443609],"iscrowd":0,"metadata":{}},
{"id":30,"datatorch_id":"65919288-02c6-4ccd-8a59-de861f0ee5cf","image_id":16,"category_id":14,"segmentation":[[140.26727183484,1345.8062909042,672.0820086769451,1345.8062909042,672.0820086769451,1398.9877645884105,140.26727183484,1398.9877645884105]],"area":28282.69,"bbox":[140.26727183484,1345.8062909042,531.814736842105,53.1814736842105],"iscrowd":0,"metadata":{}},
{"id":31,"datatorch_id":"691e75ea-a118-42a8-a9e0-96a6196d2270","image_id":8,"category_id":18,"segmentation":[[126.901557549125,303.087125490662,1555.203993639355,303.087125490662,1555.203993639355,424.644779626,126.901557549125,424.644779626]],"area":173621.09,"bbox":[126.901557549125,303.087125490662,1428.30243609023,121.557654135338],"iscrowd":0,"metadata":{}},
{"id":32,"datatorch_id":"6be6e1cf-29c4-4b43-9132-7cc3c9f6dfc7","image_id":16,"category_id":8,"segmentation":[[216.240805669426,297.371523986903,1447.012053789726,297.371523986903,1447.012053789726,1190.060546543294,216.240805669426,1190.060546543294]],"area":1098695.98,"bbox":[216.240805669426,297.371523986903,1230.7712481203,892.689022556391],"iscrowd":0,"metadata":{}},
{"id":33,"datatorch_id":"6c740585-aa3a-4e8f-a610-a7e7aa6d1785","image_id":7,"category_id":5,"segmentation":[[132.318189128073,601.705320979383,1018.676083864915,601.705320979383,1018.676083864915,661.8510352650973,132.318189128073,661.8510352650973]],"area":53310.63,"bbox":[132.318189128073,601.705320979383,886.357894736842,60.1457142857142],"iscrowd":0,"metadata":{}},
{"id":34,"datatorch_id":"74225c8a-1aaa-4ca9-9622-d5d4528e5842","image_id":17,"category_id":18,"segmentation":[[129.873670331081,1952.09971195683,1546.780076346121,1952.09971195683,1546.780076346121,2191.4163435357773,129.873670331081,2191.4163435357773]],"area":339089.27,"bbox":[129.873670331081,1952.09971195683,1416.90640601504,239.316631578947],"iscrowd":0,"metadata":{}},
{"id":35,"datatorch_id":"7a392ad4-37a1-4b4b-84df-583d12592d28","image_id":5,"category_id":8,"segmentation":[[195.75257258672,309.910674362842,1491.10132446642,309.910674362842,1491.10132446642,1833.180027746302,195.75257258672,1833.180027746302]],"area":1973165.06,"bbox":[195.75257258672,309.910674362842,1295.3487518797,1523.26935338346],"iscrowd":0,"metadata":{}},
{"id":36,"datatorch_id":"7ac8de2d-9ceb-4fda-ac3b-d66c9cea8c40","image_id":11,"category_id":18,"segmentation":[[139.581399654389,1210.81257661848,1617.2666327370991,1210.81257661848,1617.2666327370991,1845.191584137277,139.581399654389,1845.191584137277]],"area":937412.49,"bbox":[139.581399654389,1210.81257661848,1477.68523308271,634.379007518797],"iscrowd":0,"metadata":{}},
{"id":37,"datatorch_id":"8165a0a7-f445-4446-b846-b744cf05bcf3","image_id":2,"category_id":1,"segmentation":[[125.248429729577,238.245824738782,1618.1283695791972,238.245824738782,1618.1283695791972,713.080411204947,125.248429729577,713.080411204947]],"area":708871.03,"bbox":[125.248429729577,238.245824738782,1492.87993984962,474.834586466165],"iscrowd":0,"metadata":{}},
{"id":38,"datatorch_id":"8249002e-61e6-4bba-8900-096ca38fe2ca","image_id":13,"category_id":17,"segmentation":[[143.485595143111,260.703742032015,678.46589589499,260.703742032015,678.46589589499,327.1805841372782,143.485595143111,327.1805841372782]],"area":35563.8,"bbox":[143.485595143111,260.703742032015,534.980300751879,66.4768421052632],"iscrowd":0,"metadata":{}},
{"id":39,"datatorch_id":"92d603af-7772-456c-ae1d-514646e96967","image_id":14,"category_id":17,"segmentation":[[130.840925970178,1409.45171195683,996.095061308524,1409.45171195683,996.095061308524,1486.2693961673565,130.840925970178,1486.2693961673565]],"area":66466.82,"bbox":[130.840925970178,1409.45171195683,865.254135338346,76.8176842105265],"iscrowd":0,"metadata":{}},
{"id":40,"datatorch_id":"93e9e10f-1d86-45f4-be37-532a6a9a7f56","image_id":3,"category_id":20,"segmentation":[[59.5278056694266,233.180922483143,1525.8170086769467,233.180922483143,1525.8170086769467,1365.1865766184828,59.5278056694266,1365.1865766184828]],"area":1659847.67,"bbox":[59.5278056694266,233.180922483143,1466.28920300752,1132.00565413534],"iscrowd":0,"metadata":{}},
{"id":41,"datatorch_id":"940ee047-8024-4bdb-9faa-47390f11ed00","image_id":6,"category_id":15,"segmentation":[[80.52604627093,242.237952558331,1530.35431694762,242.237952558331,1530.35431694762,1071.615696919233,80.52604627093,1071.615696919233]],"area":1202455.3,"bbox":[80.52604627093,242.237952558331,1449.82827067669,829.377744360902],"iscrowd":0,"metadata":{}},
{"id":42,"datatorch_id":"964e6d15-42fe-4daa-aa04-5e7d6b2ff980","image_id":16,"category_id":7,"segmentation":[[114.30964777469,238.492035265098,1010.164234240855,238.492035265098,1010.164234240855,297.3715239869026,114.30964777469,297.3715239869026]],"area":52747.46,"bbox":[114.30964777469,238.492035265098,895.854586466165,58.8794887218046],"iscrowd":0,"metadata":{}},
{"id":43,"datatorch_id":"9f4bc6c5-a477-4718-99df-0b141bb20180","image_id":10,"category_id":7,"segmentation":[[110.28234702281,245.034200678632,1158.7171139401,245.034200678632,1158.7171139401,298.2156743628425,110.28234702281,298.2156743628425]],"area":55757.31,"bbox":[110.28234702281,245.034200678632,1048.43476691729,53.1814736842105],"iscrowd":0,"metadata":{}},
{"id":44,"datatorch_id":"a6fba4a9-a2e5-4ab4-b427-62bcd29a4a0e","image_id":18,"category_id":18,"segmentation":[[99.7128808573963,1280.84188488916,1543.2100237145364,1280.84188488916,1543.2100237145364,1630.320140528258,99.7128808573963,1630.320140528258]],"area":504470.86,"bbox":[99.7128808573963,1280.84188488916,1443.49714285714,349.478255639098],"iscrowd":0,"metadata":{}},
{"id":45,"datatorch_id":"acf0f4bc-3b94-4e83-a739-3d8c741704b8","image_id":19,"category_id":22,"segmentation":[[91.6934522859677,450.197914964346,1636.4886402558877,450.197914964346,1636.4886402558877,2134.277914964346,91.6934522859677,2134.277914964346]],"area":2601558.68,"bbox":[91.6934522859677,450.197914964346,1544.79518796992,1684.08],"iscrowd":0,"metadata":{}},
{"id":46,"datatorch_id":"aeaaab71-d27a-42e0-9967-9a70a8e74441","image_id":18,"category_id":7,"segmentation":[[114.907587624314,240.004471355324,1455.840459804764,240.004471355324,1455.840459804764,346.367418723745,114.907587624314,346.367418723745]],"area":142625.57,"bbox":[114.907587624314,240.004471355324,1340.93287218045,106.362947368421],"iscrowd":0,"metadata":{}},
{"id":47,"datatorch_id":"b047ef60-8a0d-4d76-9d4a-396c3a9ef14e","image_id":13,"category_id":17,"segmentation":[[105.498828225817,881.154268347805,798.7573244664179,881.154268347805,798.7573244664179,953.962238272617,105.498828225817,953.962238272617]],"area":50474.74,"bbox":[105.498828225817,881.154268347805,693.258496240601,72.807969924812],"iscrowd":0,"metadata":{}},
{"id":48,"datatorch_id":"bc936083-4373-4496-b5c0-242b34a1188c","image_id":1,"category_id":11,"segmentation":[[68.384350030329,215.703492407955,1531.634611684469,215.703492407955,1531.634611684469,1159.294782633519,68.384350030329,1159.294782633519]],"area":1380710.2,"bbox":[68.384350030329,215.703492407955,1463.25026165414,943.591290225564],"iscrowd":0,"metadata":{}},
{"id":49,"datatorch_id":"bcd3c6e1-dcc6-445b-8ad3-524ddad575e7","image_id":18,"category_id":14,"segmentation":[[137.69964777469,1683.50161421247,680.910414691983,1683.50161421247,680.910414691983,1759.4751480470563,137.69964777469,1759.4751480470563]],"area":41269.64,"bbox":[137.69964777469,1683.50161421247,543.210766917293,75.9735338345863],"iscrowd":0,"metadata":{}},
{"id":50,"datatorch_id":"c01c49cb-3302-4ea6-8279-9bda28cb14b5","image_id":16,"category_id":18,"segmentation":[[125.072565067923,1190.06054654329,1606.556474842363,1190.06054654329,1606.556474842363,1304.02084729517,125.072565067923,1304.02084729517]],"area":168830.35,"bbox":[125.072565067923,1190.06054654329,1481.48390977444,113.96030075188],"iscrowd":0,"metadata":{}},
{"id":51,"datatorch_id":"c5f6d13b-0889-4a08-a5aa-b250576aee3d","image_id":12,"category_id":8,"segmentation":[[278.254202661908,412.172457821489,1499.908626722058,412.172457821489,1499.908626722058,1342.088511956827,278.254202661908,1342.088511956827]],"area":1136036.06,"bbox":[278.254202661908,412.172457821489,1221.65442406015,929.916054135338],"iscrowd":0,"metadata":{}},
{"id":52,"datatorch_id":"c83b699c-8aae-45e8-bfec-602e382e08de","image_id":14,"category_id":18,"segmentation":[[122.39942221078,242.941411204948,1527.90979815063,242.941411204948,1527.90979815063,657.630283385399,122.39942221078,657.630283385399]],"area":582849.51,"bbox":[122.39942221078,242.941411204948,1405.51037593985,414.688872180451],"iscrowd":0,"metadata":{}},
{"id":53,"datatorch_id":"ca9c9d26-9177-4099-be6b-c485d7dbfb1f","image_id":11,"category_id":17,"segmentation":[[128.185369579201,367.506351054572,1070.257189128073,367.506351054572,1070.257189128073,489.06400518991,128.185369579201,489.06400518991]],"area":114516.04,"bbox":[128.185369579201,367.506351054572,942.071819548872,121.557654135338],"iscrowd":0,"metadata":{}},
{"id":54,"datatorch_id":"d9d23ad5-d850-4fda-add3-b5ce657b20f3","image_id":17,"category_id":7,"segmentation":[[133.67234702281,250.29255406209,1372.04094852657,250.29255406209,1372.04094852657,295.8766743628419,133.67234702281,295.8766743628419]],"area":56449.94,"bbox":[133.67234702281,250.29255406209,1238.36860150376,45.5841203007519],"iscrowd":0,"metadata":{}},
{"id":55,"datatorch_id":"dd470728-ccc7-4968-8733-ee68c38f7b21","image_id":11,"category_id":17,"segmentation":[[128.185369579201,1081.65756909968,1169.022783113031,1081.65756909968,1169.022783113031,1210.812576618477,128.185369579201,1210.812576618477]],"area":134429.36,"bbox":[128.185369579201,1081.65756909968,1040.83741353383,129.155007518797],"iscrowd":0,"metadata":{}},
{"id":56,"datatorch_id":"e544b520-81b5-4deb-b7a9-8302dd81cf27","image_id":1,"category_id":9,"segmentation":[[68.384350030329,1159.29478263352,1622.802852285969,1159.29478263352,1622.802852285969,1337.072851806453,68.384350030329,1337.072851806453]],"area":276341.52,"bbox":[68.384350030329,1159.29478263352,1554.41850225564,177.778069172933],"iscrowd":0,"metadata":{}},
{"id":57,"datatorch_id":"e7da6267-223b-49df-a9c1-e138f559fa05","image_id":4,"category_id":6,"segmentation":[[87.5809891495839,290.591223056357,1522.252989149584,290.591223056357,1522.252989149584,595.7436801992139,87.5809891495839,595.7436801992139]],"area":437793.69,"bbox":[87.5809891495839,290.591223056357,1434.672,305.152457142857],"iscrowd":0,"metadata":{}},
{"id":58,"datatorch_id":"e92bd334-f987-4501-92f9-19fa522bf130","image_id":18,"category_id":18,"segmentation":[[160.491707925065,1759.47514804705,1550.807377097995,1759.47514804705,1550.807377097995,2146.940170603441,160.491707925065,2146.940170603441]],"area":538698.69,"bbox":[160.491707925065,1759.47514804705,1390.31566917293,387.465022556391],"iscrowd":0,"metadata":{}},
{"id":59,"datatorch_id":"f0ca94c9-a079-4a86-badc-4636b269fce0","image_id":8,"category_id":17,"segmentation":[[134.498910932584,474.027576618481,1262.705888376194,474.027576618481,1262.705888376194,550.0011104530674,134.498910932584,550.0011104530674]],"area":85713.87,"bbox":[134.498910932584,474.027576618481,1128.20697744361,75.9735338345864],"iscrowd":0,"metadata":{}},
{"id":60,"datatorch_id":"f1aad1fe-e374-4c94-b50b-2acb11d465db","image_id":14,"category_id":18,"segmentation":[[123.349091383712,775.916854813971,1635.222414691982,775.916854813971,1635.222414691982,1368.510418723745,123.349091383712,1368.510418723745]],"area":895926.4,"bbox":[123.349091383712,775.916854813971,1511.87332330827,592.593563909774],"iscrowd":0,"metadata":{}},
{"id":61,"datatorch_id":"f603c558-4070-43e0-833b-e5c7b2ed2514","image_id":13,"category_id":18,"segmentation":[[133.988903413787,953.962238272617,1517.340331985217,953.962238272617,1517.340331985217,2137.883140528257,133.988903413787,2137.883140528257]],"area":1637778.67,"bbox":[133.988903413787,953.962238272617,1383.35142857143,1183.92090225564],"iscrowd":0,"metadata":{}}
]}