{"info": {"year":2023,"version":"0.1.0","description":"","url":"","date_created":1695187968527},"categories": [
  {
    "id": 1,
    "datatorch_id": "ea6a231b-d390-4ea6-88e1-6d99d36018a5",
    "name": "references",
    "supercategory": null
  },
  {
    "id": 2,
    "datatorch_id": "1063f0c2-a886-4121-838b-6bbf199ec21e",
    "name": "list",
    "supercategory": null
  },
  {
    "id": 3,
    "datatorch_id": "a53a6729-a94d-4f74-913c-bd222ebbce0d",
    "name": "appendix_list",
    "supercategory": null
  },
  {
    "id": 4,
    "datatorch_id": "8a765348-148e-4280-93e7-911ad854ec0b",
    "name": "cross",
    "supercategory": null
  },
  {
    "id": 5,
    "datatorch_id": "2be5156a-b962-4988-b879-89b159ac0a94",
    "name": "table_caption",
    "supercategory": null
  },
  {
    "id": 6,
    "datatorch_id": "1af8b78f-669f-4554-bebc-3986baee5a1c",
    "name": "table",
    "supercategory": null
  },
  {
    "id": 7,
    "datatorch_id": "3c954454-0bd6-47f9-89cf-52da19baf90d",
    "name": "figure_caption",
    "supercategory": null
  },
  {
    "id": 8,
    "datatorch_id": "3a501698-425e-457a-8ebe-321109d4d594",
    "name": "figure",
    "supercategory": null
  },
  {
    "id": 9,
    "datatorch_id": "0d1cf435-1d24-4ae4-8760-de7d4ca8b4a2",
    "name": "list_of_tables",
    "supercategory": null
  },
  {
    "id": 10,
    "datatorch_id": "1910fde7-e3d7-44cf-a653-984b82088e8f",
    "name": "list_of_figures",
    "supercategory": null
  },
  {
    "id": 11,
    "datatorch_id": "2760da17-b8bf-4824-bda9-1a6c75cfb31a",
    "name": "table_of_contents",
    "supercategory": null
  },
  {
    "id": 12,
    "datatorch_id": "2d7ae022-e4b2-4454-82f9-6a21616cc1a1",
    "name": "subsubsubsection",
    "supercategory": null
  },
  {
    "id": 13,
    "datatorch_id": "78fdef56-aec3-43df-87be-9f219106f30b",
    "name": "subsubsection",
    "supercategory": null
  },
  {
    "id": 14,
    "datatorch_id": "a24ef245-0e7a-492e-b263-09d3fda426d8",
    "name": "subsection",
    "supercategory": null
  },
  {
    "id": 15,
    "datatorch_id": "2cb917fd-36d2-4af5-a88b-e9b7ad28c733",
    "name": "summary",
    "supercategory": null
  },
  {
    "id": 16,
    "datatorch_id": "b66fb620-4716-406d-a020-b97ecc4817c2",
    "name": "abstract",
    "supercategory": null
  },
  {
    "id": 17,
    "datatorch_id": "418130a4-f8a1-4218-99c8-a30542254019",
    "name": "section",
    "supercategory": null
  },
  {
    "id": 18,
    "datatorch_id": "ec6c7fda-bed5-4baf-97b1-95207a7890ba",
    "name": "paragraph",
    "supercategory": null
  },
  {
    "id": 19,
    "datatorch_id": "62a18526-d943-4993-a65e-2e91c2af6485",
    "name": "title",
    "supercategory": null
  },
  {
    "id": 20,
    "datatorch_id": "ab700373-3415-495f-8e5f-0609d9088715",
    "name": "other",
    "supercategory": null
  },
  {
    "id": 21,
    "datatorch_id": "27ef4a36-ce65-4f9e-a6a5-8fc1d422b062",
    "name": "form",
    "supercategory": null
  },
  {
    "id": 22,
    "datatorch_id": "7ce4fbc5-dafd-44a1-9d6b-80d965ba8dd5",
    "name": "report_title",
    "supercategory": null
  }
],"images": [
  {
    "id": 1,
    "datatorch_id": "65ff6706-2f65-4848-9906-bf009901bd2d",
    "storage_id": "66fd663e-2150-4306-958e-7014007cac52",
    "path": "a071898_a71898_16132146-12.jpg",
    "width": 1645,
    "height": 2323,
    "file_name": "a071898_a71898_16132146-12.jpg",
    "metadata": {},
    "date_captured": "2023-09-20T04:13:33.483Z"
  },
  {
    "id": 2,
    "datatorch_id": "75bbe4f0-b3ab-41f7-8fdc-92591eb51f08",
    "storage_id": "66fd663e-2150-4306-958e-7014007cac52",
    "path": "a071898_a71898_16132146-14.jpg",
    "width": 1645,
    "height": 2323,
    "file_name": "a071898_a71898_16132146-14.jpg",
    "metadata": {},
    "date_captured": "2023-09-20T04:13:33.530Z"
  },
  {
    "id": 3,
    "datatorch_id": "e93530d6-7b52-44a4-ac78-f4e4119201de",
    "storage_id": "66fd663e-2150-4306-958e-7014007cac52",
    "path": "a071898_a71898_16132146-02.jpg",
    "width": 1650,
    "height": 2334,
    "file_name": "a071898_a71898_16132146-02.jpg",
    "metadata": {},
    "date_captured": "2023-09-20T04:13:28.733Z"
  },
  {
    "id": 4,
    "datatorch_id": "de24df6c-62d1-4b14-9eb3-c72277223925",
    "storage_id": "66fd663e-2150-4306-958e-7014007cac52",
    "path": "a071898_a71898_16132146-03.jpg",
    "width": 1648,
    "height": 2328,
    "file_name": "a071898_a71898_16132146-03.jpg",
    "metadata": {},
    "date_captured": "2023-09-20T04:13:29.014Z"
  },
  {
    "id": 5,
    "datatorch_id": "d89641a9-bf5c-4667-8446-b6d7e5c449bb",
    "storage_id": "66fd663e-2150-4306-958e-7014007cac52",
    "path": "a071898_a71898_16132146-15.jpg",
    "width": 1645,
    "height": 2323,
    "file_name": "a071898_a71898_16132146-15.jpg",
    "metadata": {},
    "date_captured": "2023-09-20T04:13:33.264Z"
  },
  {
    "id": 6,
    "datatorch_id": "cce8f534-183e-453e-b741-a59205146ea0",
    "storage_id": "66fd663e-2150-4306-958e-7014007cac52",
    "path": "a071898_a71898_16132146-01.jpg",
    "width": 1648,
    "height": 2325,
    "file_name": "a071898_a71898_16132146-01.jpg",
    "metadata": {},
    "date_captured": "2023-09-20T04:13:29.280Z"
  },
  {
    "id": 7,
    "datatorch_id": "ad89a49a-72ff-4de6-bf5e-ff6d7121ddeb",
    "storage_id": "66fd663e-2150-4306-958e-7014007cac52",
    "path": "a071898_a71898_16132146-08.jpg",
    "width": 1645,
    "height": 2325,
    "file_name": "a071898_a71898_16132146-08.jpg",
    "metadata": {},
    "date_captured": "2023-09-20T04:13:31.811Z"
  },
  {
    "id": 8,
    "datatorch_id": "c7918f56-f31a-46ae-9154-c7a19a75a768",
    "storage_id": "66fd663e-2150-4306-958e-7014007cac52",
    "path": "a071898_a71898_16132146-04.jpg",
    "width": 1648,
    "height": 2334,
    "file_name": "a071898_a71898_16132146-04.jpg",
    "metadata": {},
    "date_captured": "2023-09-20T04:13:32.920Z"
  },
  {
    "id": 9,
    "datatorch_id": "b3ede0a1-376d-4e84-a590-12f6fc459e0e",
    "storage_id": "66fd663e-2150-4306-958e-7014007cac52",
    "path": "a071898_a71898_16132146-07.jpg",
    "width": 1645,
    "height": 2325,
    "file_name": "a071898_a71898_16132146-07.jpg",
    "metadata": {},
    "date_captured": "2023-09-20T04:13:33.186Z"
  },
  {
    "id": 10,
    "datatorch_id": "a7c324b2-88a4-4114-bd74-1310ca1819bd",
    "storage_id": "66fd663e-2150-4306-958e-7014007cac52",
    "path": "a071898_a71898_16132146-11.jpg",
    "width": 1645,
    "height": 2323,
    "file_name": "a071898_a71898_16132146-11.jpg",
    "metadata": {},
    "date_captured": "2023-09-20T04:13:33.499Z"
  },
  {
    "id": 11,
    "datatorch_id": "84d7be51-9867-4083-b663-92a0abc707d8",
    "storage_id": "66fd663e-2150-4306-958e-7014007cac52",
    "path": "a071898_a71898_16132146-10.jpg",
    "width": 1645,
    "height": 2323,
    "file_name": "a071898_a71898_16132146-10.jpg",
    "metadata": {},
    "date_captured": "2023-09-20T04:13:31.874Z"
  },
  {
    "id": 12,
    "datatorch_id": "516a2624-700c-41b2-86ef-ee53005a4aa0",
    "storage_id": "66fd663e-2150-4306-958e-7014007cac52",
    "path": "a071898_a71898_16132146-16.jpg",
    "width": 1634,
    "height": 2334,
    "file_name": "a071898_a71898_16132146-16.jpg",
    "metadata": {},
    "date_captured": "2023-09-20T04:13:33.217Z"
  },
  {
    "id": 13,
    "datatorch_id": "c5efd8e7-62f2-4e02-b472-9b2446fe3c90",
    "storage_id": "66fd663e-2150-4306-958e-7014007cac52",
    "path": "a071898_a71898_16132146-13.jpg",
    "width": 1645,
    "height": 2323,
    "file_name": "a071898_a71898_16132146-13.jpg",
    "metadata": {},
    "date_captured": "2023-09-20T04:13:33.264Z"
  },
  {
    "id": 14,
    "datatorch_id": "18268e68-85cf-47ad-872c-820bdb47ed6d",
    "storage_id": "66fd663e-2150-4306-958e-7014007cac52",
    "path": "a071898_a71898_16132146-06.jpg",
    "width": 1645,
    "height": 2325,
    "file_name": "a071898_a71898_16132146-06.jpg",
    "metadata": {},
    "date_captured": "2023-09-20T04:13:29.264Z"
  },
  {
    "id": 15,
    "datatorch_id": "d879be76-209b-4765-baac-61da292dd876",
    "storage_id": "66fd663e-2150-4306-958e-7014007cac52",
    "path": "a071898_a71898_16132146-09.jpg",
    "width": 1645,
    "height": 2323,
    "file_name": "a071898_a71898_16132146-09.jpg",
    "metadata": {},
    "date_captured": "2023-09-20T04:13:31.124Z"
  },
  {
    "id": 16,
    "datatorch_id": "c3afa2eb-ae0c-4f6c-9fb0-c0b5434032dc",
    "storage_id": "66fd663e-2150-4306-958e-7014007cac52",
    "path": "a071898_a71898_16132146-05.jpg",
    "width": 1650,
    "height": 2331,
    "file_name": "a071898_a71898_16132146-05.jpg",
    "metadata": {},
    "date_captured": "2023-09-20T04:13:33.264Z"
  }
],"annotations": [
{"id":1,"datatorch_id":"047cd552-7836-4cd3-a7c5-d6a388e87498","image_id":5,"category_id":8,"segmentation":[[73.4058329091871,95.126184211714,1594.5551381723471,95.126184211714,1594.5551381723471,2268.196620301944,73.4058329091871,2268.196620301944]],"area":3305564.58,"bbox":[73.4058329091871,95.126184211714,1521.14930526316,2173.07043609023],"iscrowd":0,"metadata":{}},
{"id":2,"datatorch_id":"1c2d1ad4-dabe-4e41-8c62-0015703c5cde","image_id":1,"category_id":8,"segmentation":[[59.7612644881343,111.558352632766,1538.656422382874,111.558352632766,1538.656422382874,2186.538803760586,59.7612644881343,2186.538803760586]],"area":3068678.54,"bbox":[59.7612644881343,111.558352632766,1478.89515789474,2074.98045112782],"iscrowd":0,"metadata":{}},
{"id":3,"datatorch_id":"30b67d6c-e20c-47bc-8bb8-799481256d36","image_id":16,"category_id":17,"segmentation":[[194.60468545472,844.822960866225,754.8859486126149,844.822960866225,754.8859486126149,916.750960866225,194.60468545472,916.750960866225]],"area":40299.91,"bbox":[194.60468545472,844.822960866225,560.281263157895,71.928],"iscrowd":0,"metadata":{}},
{"id":4,"datatorch_id":"3d7c1ed4-9617-42e2-bead-078f132b6e9e","image_id":6,"category_id":22,"segmentation":[[139.265099053089,325.441820480605,1417.043144165869,325.441820480605,1417.043144165869,1385.725730255045,139.265099053089,1385.725730255045]],"area":1354807.5,"bbox":[139.265099053089,325.441820480605,1277.77804511278,1060.28390977444],"iscrowd":0,"metadata":{}},
{"id":5,"datatorch_id":"42414d94-4005-430b-89f0-b862fb034751","image_id":8,"category_id":18,"segmentation":[[316.109290685611,1874.8883694049,1582.155125272081,1874.8883694049,1582.155125272081,2197.0856626379828,316.109290685611,2197.0856626379828]],"area":407916.54,"bbox":[316.109290685611,1874.8883694049,1266.04583458647,322.197293233083],"iscrowd":0,"metadata":{}},
{"id":6,"datatorch_id":"44c00d7f-38dd-48aa-9078-30131a210293","image_id":8,"category_id":17,"segmentation":[[209.973711738243,214.62467015678,657.259365873581,214.62467015678,657.259365873581,309.3885799312161,209.973711738243,309.3885799312161]],"area":42386.54,"bbox":[209.973711738243,214.62467015678,447.285654135338,94.7639097744361],"iscrowd":0,"metadata":{}},
{"id":7,"datatorch_id":"4a1c0250-0a9c-457a-9ecf-b43e1f209587","image_id":9,"category_id":14,"segmentation":[[332.704287023014,800.368346796394,581.916317098202,800.368346796394,581.916317098202,845.6796249918827,332.704287023014,845.6796249918827]],"area":11292.12,"bbox":[332.704287023014,800.368346796394,249.212030075188,45.3112781954887],"iscrowd":0,"metadata":{}},
{"id":8,"datatorch_id":"5110b767-b5ac-47be-bf48-543e08a23d56","image_id":9,"category_id":18,"segmentation":[[283.440858451585,1945.48503852572,1574.812287023015,1945.48503852572,1574.812287023015,2198.4730084505322,283.440858451585,2198.4730084505322]],"area":326701.44,"bbox":[283.440858451585,1945.48503852572,1291.37142857143,252.987969924812],"iscrowd":0,"metadata":{}},
{"id":9,"datatorch_id":"52085ab4-6a10-49c7-99c3-72439b338593","image_id":9,"category_id":6,"segmentation":[[312.616986271134,991.256091157296,1530.357587774894,991.256091157296,1530.357587774894,1180.0530836384992,312.616986271134,1180.0530836384992]],"area":229905.76,"bbox":[312.616986271134,991.256091157296,1217.74060150376,188.796992481203],"iscrowd":0,"metadata":{}},
{"id":10,"datatorch_id":"57b3a687-5e8e-4fea-9d71-6a3debc96d11","image_id":9,"category_id":17,"segmentation":[[204.233527624517,230.648948300154,817.8237531884271,230.648948300154,817.8237531884271,290.4346625858683,204.233527624517,290.4346625858683]],"area":36683.93,"bbox":[204.233527624517,230.648948300154,613.59022556391,59.7857142857143],"iscrowd":0,"metadata":{}},
{"id":11,"datatorch_id":"5cb7c34d-5ca7-4b9f-af6a-8e12d2105eba","image_id":10,"category_id":8,"segmentation":[[91.4379020821193,132.695906016225,1635.2233577212194,132.695906016225,1635.2233577212194,2255.9668112793847,91.4379020821193,2255.9668112793847]],"area":3277874.74,"bbox":[91.4379020821193,132.695906016225,1543.7854556391,2123.27090526316],"iscrowd":0,"metadata":{}},
{"id":12,"datatorch_id":"6aba252b-4e94-48cd-b2d0-e1afc95737fc","image_id":3,"category_id":22,"segmentation":[[144.235350835987,299.280429555276,1489.882869632977,299.280429555276,1489.882869632977,2055.5715573748257,144.235350835987,2055.5715573748257]],"area":2363348.8,"bbox":[144.235350835987,299.280429555276,1345.64751879699,1756.29112781955],"iscrowd":0,"metadata":{}},
{"id":13,"datatorch_id":"7c4bf66f-2115-428d-ba4f-7292f936061f","image_id":6,"category_id":20,"segmentation":[[144.702452436548,31.824737773838,1607.3505125869278,31.824737773838,1607.3505125869278,184.07063251067999,144.702452436548,184.07063251067999]],"area":222682.16,"bbox":[144.702452436548,31.824737773838,1462.64806015038,152.245894736842],"iscrowd":0,"metadata":{}},
{"id":14,"datatorch_id":"7dba8e0f-feff-4eb3-bd56-00039cdef87c","image_id":9,"category_id":14,"segmentation":[[312.465249429029,290.434662585868,731.141459955344,290.434662585868,731.141459955344,373.29556484150714,312.465249429029,373.29556484150714]],"area":34691.89,"bbox":[312.465249429029,290.434662585868,418.676210526315,82.8609022556391],"iscrowd":0,"metadata":{}},
{"id":15,"datatorch_id":"7ecfb823-e101-4541-995d-ac10eda4bff0","image_id":8,"category_id":18,"segmentation":[[293.365952339746,1401.06882053272,1570.783456099146,1401.06882053272,1570.783456099146,1692.941662637983,293.365952339746,1692.941662637983]],"area":372843.48,"bbox":[293.365952339746,1401.06882053272,1277.4175037594,291.872842105263],"iscrowd":0,"metadata":{}},
{"id":16,"datatorch_id":"89fe58cf-4fb7-44a0-86bd-7e97f9e131d6","image_id":9,"category_id":14,"segmentation":[[287.21679830121,1273.36774529263,883.815294541811,1273.36774529263,883.815294541811,1326.0211287512766,287.21679830121,1326.0211287512766]],"area":31412.93,"bbox":[287.21679830121,1273.36774529263,596.598496240601,52.6533834586467],"iscrowd":0,"metadata":{}},
{"id":17,"datatorch_id":"93fe1edf-d237-4c54-a76a-adab8e486464","image_id":4,"category_id":10,"segmentation":[[200.944907291499,795.162740297475,1278.476335862929,795.162740297475,1278.476335862929,1532.421086162137,200.944907291499,1532.421086162137]],"area":794419.04,"bbox":[200.944907291499,795.162740297475,1077.53142857143,737.258345864662],"iscrowd":0,"metadata":{}},
{"id":18,"datatorch_id":"9c3ab6f4-fe2d-4cab-b854-803d5bfc6cdb","image_id":16,"category_id":18,"segmentation":[[304.389527559983,965.964855603067,1557.4510012441929,965.964855603067,1557.4510012441929,2196.3122240241173,304.389527559983,2196.3122240241173]],"area":1541700.89,"bbox":[304.389527559983,965.964855603067,1253.06147368421,1230.34736842105],"iscrowd":0,"metadata":{}},
{"id":19,"datatorch_id":"9f624351-16e8-4b64-93b0-1369ab112f61","image_id":13,"category_id":8,"segmentation":[[79.4980314054277,196.548713535022,1562.1658810294875,196.548713535022,1562.1658810294875,2184.757254888402,79.4980314054277,2184.757254888402]],"area":2947852.88,"bbox":[79.4980314054277,196.548713535022,1482.66784962406,1988.20854135338],"iscrowd":0,"metadata":{}},
{"id":20,"datatorch_id":"a7acd1b0-af03-475e-ba19-7398d8ae9db6","image_id":16,"category_id":18,"segmentation":[[289.246790717878,182.32822402412,1606.664895981038,182.32822402412,1606.664895981038,738.823802971488,289.246790717878,738.823802971488]],"area":733137.35,"bbox":[289.246790717878,182.32822402412,1317.41810526316,556.495578947368],"iscrowd":0,"metadata":{}},
{"id":21,"datatorch_id":"a842d9cb-7ca7-4e11-9202-d6643d1f75a6","image_id":8,"category_id":17,"segmentation":[[191.020929783355,1746.00945211167,789.928839557791,1746.00945211167,789.928839557791,1874.888369404903,191.020929783355,1874.888369404903]],"area":77186.6,"bbox":[191.020929783355,1746.00945211167,598.907909774436,128.878917293233],"iscrowd":0,"metadata":{}},
{"id":22,"datatorch_id":"aaff3c2a-5f2b-448d-b9b8-6f96f9267217","image_id":4,"category_id":11,"segmentation":[[102.643794509544,122.178198944092,1546.913989998264,122.178198944092,1546.913989998264,734.6697478162721,102.643794509544,734.6697478162721]],"area":884603.29,"bbox":[102.643794509544,122.178198944092,1444.27019548872,612.49154887218],"iscrowd":0,"metadata":{}},
{"id":23,"datatorch_id":"ac77b8fb-71a6-4925-b1fc-46fe01d6fb8f","image_id":9,"category_id":18,"segmentation":[[310.169617850081,373.295564841507,1518.5577757448211,373.295564841507,1518.5577757448211,703.253271608424,310.169617850081,703.253271608424]],"area":398716.99,"bbox":[310.169617850081,373.295564841507,1208.38815789474,329.957706766917],"iscrowd":0,"metadata":{}},
{"id":24,"datatorch_id":"b34cfcfc-c32e-4a9a-99ee-c89d66e28f8d","image_id":15,"category_id":8,"segmentation":[[151.046431405428,91.1823240613376,1581.651135164828,91.1823240613376,1581.651135164828,2214.4532293244974,151.046431405428,2214.4532293244974]],"area":3037561.34,"bbox":[151.046431405428,91.1823240613376,1430.6047037594,2123.27090526316],"iscrowd":0,"metadata":{}},
{"id":25,"datatorch_id":"b71b7ef2-90f8-47a6-bb8c-686c41ec4f2f","image_id":7,"category_id":6,"segmentation":[[302.233151684668,225.824136270079,1476.5504449177479,225.824136270079,1476.5504449177479,871.509850555793,302.233151684668,871.509850555793]],"area":758239.9,"bbox":[302.233151684668,225.824136270079,1174.31729323308,645.685714285714],"iscrowd":0,"metadata":{}},
{"id":26,"datatorch_id":"ba0ec100-fc4c-4796-ac70-136ae905e72c","image_id":8,"category_id":18,"segmentation":[[300.947065121701,309.388579931216,1513.9251102344808,309.388579931216,1513.9251102344808,1169.844880683096,300.947065121701,1169.844880683096]],"area":1043714.6,"bbox":[300.947065121701,309.388579931216,1212.97804511278,860.45630075188],"iscrowd":0,"metadata":{}},
{"id":27,"datatorch_id":"ba509bf0-4854-44c6-8574-b811d38a2fd6","image_id":2,"category_id":8,"segmentation":[[98.983285540766,90.7002578959244,1615.605360728736,90.7002578959244,1615.605360728736,2245.6617736853946,98.983285540766,2245.6617736853946]],"area":3268262.21,"bbox":[98.983285540766,90.7002578959244,1516.62207518797,2154.96151578947],"iscrowd":0,"metadata":{}},
{"id":28,"datatorch_id":"c97abfb9-4ab7-4c1b-99af-bd5a16ff87fb","image_id":14,"category_id":18,"segmentation":[[266.718339654593,248.735000931733,1549.027512586923,248.735000931733,1549.027512586923,588.569587397898,266.718339654593,588.569587397898]],"area":435773.01,"bbox":[266.718339654593,248.735000931733,1282.30917293233,339.834586466165],"iscrowd":0,"metadata":{}},
{"id":29,"datatorch_id":"caec457f-8976-4cdf-9d6d-783b346fb7d6","image_id":7,"category_id":18,"segmentation":[[278.109091534292,1002.51398589414,1528.889166722262,1002.51398589414,1528.889166722262,1314.553459578351,278.109091534292,1314.553459578351]],"area":390292.76,"bbox":[278.109091534292,1002.51398589414,1250.78007518797,312.039473684211],"iscrowd":0,"metadata":{}},
{"id":30,"datatorch_id":"ccb08f14-49d4-4fe3-9b8a-4d9be4e0451f","image_id":9,"category_id":18,"segmentation":[[318.910219353841,1326.02112875128,1571.001384767371,1326.02112875128,1571.001384767371,1815.494812961806,318.910219353841,1815.494812961806]],"area":612865.68,"bbox":[318.910219353841,1326.02112875128,1252.09116541353,489.473684210526],"iscrowd":0,"metadata":{}},
{"id":31,"datatorch_id":"d557d239-99ea-4755-85bd-30baa8d6b8b7","image_id":7,"category_id":18,"segmentation":[[299.086535143315,1550.54970017985,1505.2895426621149,1550.54970017985,1505.2895426621149,1705.2583467963912,299.086535143315,1705.2583467963912]],"area":186610.03,"bbox":[299.086535143315,1550.54970017985,1206.2030075188,154.708646616541],"iscrowd":0,"metadata":{}},
{"id":32,"datatorch_id":"d6213f2f-524c-4d86-86bc-8ea679db5a92","image_id":12,"category_id":8,"segmentation":[[66.4083884299716,76.9362190289606,1582.6309448209515,76.9362190289606,1582.6309448209515,2271.6683694049007,66.4083884299716,2271.6683694049007]],"area":3327702.39,"bbox":[66.4083884299716,76.9362190289606,1516.22255639098,2194.73215037594],"iscrowd":0,"metadata":{}},
{"id":33,"datatorch_id":"d8e0f43d-b0b5-4e63-8b7d-4525d2e2fa21","image_id":7,"category_id":1,"segmentation":[[183.710595293691,1820.63428664602,1570.8440539403111,1820.63428664602,1570.8440539403111,2056.630527247524,183.710595293691,2056.630527247524]],"area":327358.28,"bbox":[183.710595293691,1820.63428664602,1387.13345864662,235.996240601504],"iscrowd":0,"metadata":{}},
{"id":34,"datatorch_id":"ddc79988-2b38-466e-8d5d-647e719fa65b","image_id":11,"category_id":8,"segmentation":[[109.836760728736,204.635548121488,1535.914234412946,204.635548121488,1535.914234412946,2200.389472933518,109.836760728736,2200.389472933518]],"area":2846099.72,"bbox":[109.836760728736,204.635548121488,1426.07747368421,1995.75392481203],"iscrowd":0,"metadata":{}},
{"id":35,"datatorch_id":"ded1ffa8-c8ea-4cc7-8fb3-3b47ef3b6558","image_id":7,"category_id":17,"segmentation":[[209.932399804969,1513.83917386406,592.770745669631,1513.83917386406,592.770745669631,1550.5497001798497,209.932399804969,1550.5497001798497]],"area":14054.2,"bbox":[209.932399804969,1513.83917386406,382.838345864662,36.7105263157896],"iscrowd":0,"metadata":{}},
{"id":36,"datatorch_id":"f3ac2431-a706-4e8c-80b3-9d2f62aa6158","image_id":9,"category_id":14,"segmentation":[[306.09649754933,1900.17376033023,827.1761967974501,1900.17376033023,827.1761967974501,1945.4850385257187,306.09649754933,1945.4850385257187]],"area":23610.79,"bbox":[306.09649754933,1900.17376033023,521.07969924812,45.3112781954887],"iscrowd":0,"metadata":{}},
{"id":37,"datatorch_id":"f3dc3a77-2c8c-4591-a6ad-90f3d4e928ca","image_id":9,"category_id":18,"segmentation":[[296.883903564367,837.071880630981,1520.917738150837,837.071880630981,1520.917738150837,991.2560911572971,296.883903564367,991.2560911572971]],"area":188726.69,"bbox":[296.883903564367,837.071880630981,1224.03383458647,154.184210526316],"iscrowd":0,"metadata":{}},
{"id":38,"datatorch_id":"f807128d-b205-44fc-a87e-c3859d31fd4f","image_id":8,"category_id":17,"segmentation":[[209.973711738243,1275.98045963046,509.42766662546103,1275.98045963046,509.42766662546103,1401.068820532716,209.973711738243,1401.068820532716]],"area":37458.2,"bbox":[209.973711738243,1275.98045963046,299.453954887218,125.088360902256],"iscrowd":0,"metadata":{}},
{"id":39,"datatorch_id":"fd54da2e-34dc-425e-b8d8-698f3ebd5c4c","image_id":6,"category_id":20,"segmentation":[[568.816016346322,1641.2813392776,1601.9131592034619,1641.2813392776,1601.9131592034619,2266.576978375344,568.816016346322,2266.576978375344]],"area":645991.14,"bbox":[568.816016346322,1641.2813392776,1033.09714285714,625.295639097744],"iscrowd":0,"metadata":{}},
{"id":40,"datatorch_id":"fdf093f2-01d5-49d8-a797-c03345588bdc","image_id":7,"category_id":14,"segmentation":[[278.109091534292,931.715113713688,965.120369729781,931.715113713688,965.120369729781,1002.513985894139,278.109091534292,1002.513985894139]],"area":48639.62,"bbox":[278.109091534292,931.715113713688,687.011278195489,70.798872180451],"iscrowd":0,"metadata":{}}
]}