{"info": {"year":2023,"version":"0.1.0","description":"","url":"","date_created":1695188753056},"categories": [
  {
    "id": 1,
    "datatorch_id": "ea6a231b-d390-4ea6-88e1-6d99d36018a5",
    "name": "references",
    "supercategory": null
  },
  {
    "id": 2,
    "datatorch_id": "1063f0c2-a886-4121-838b-6bbf199ec21e",
    "name": "list",
    "supercategory": null
  },
  {
    "id": 3,
    "datatorch_id": "a53a6729-a94d-4f74-913c-bd222ebbce0d",
    "name": "appendix_list",
    "supercategory": null
  },
  {
    "id": 4,
    "datatorch_id": "8a765348-148e-4280-93e7-911ad854ec0b",
    "name": "cross",
    "supercategory": null
  },
  {
    "id": 5,
    "datatorch_id": "2be5156a-b962-4988-b879-89b159ac0a94",
    "name": "table_caption",
    "supercategory": null
  },
  {
    "id": 6,
    "datatorch_id": "1af8b78f-669f-4554-bebc-3986baee5a1c",
    "name": "table",
    "supercategory": null
  },
  {
    "id": 7,
    "datatorch_id": "3c954454-0bd6-47f9-89cf-52da19baf90d",
    "name": "figure_caption",
    "supercategory": null
  },
  {
    "id": 8,
    "datatorch_id": "3a501698-425e-457a-8ebe-321109d4d594",
    "name": "figure",
    "supercategory": null
  },
  {
    "id": 9,
    "datatorch_id": "0d1cf435-1d24-4ae4-8760-de7d4ca8b4a2",
    "name": "list_of_tables",
    "supercategory": null
  },
  {
    "id": 10,
    "datatorch_id": "1910fde7-e3d7-44cf-a653-984b82088e8f",
    "name": "list_of_figures",
    "supercategory": null
  },
  {
    "id": 11,
    "datatorch_id": "2760da17-b8bf-4824-bda9-1a6c75cfb31a",
    "name": "table_of_contents",
    "supercategory": null
  },
  {
    "id": 12,
    "datatorch_id": "2d7ae022-e4b2-4454-82f9-6a21616cc1a1",
    "name": "subsubsubsection",
    "supercategory": null
  },
  {
    "id": 13,
    "datatorch_id": "78fdef56-aec3-43df-87be-9f219106f30b",
    "name": "subsubsection",
    "supercategory": null
  },
  {
    "id": 14,
    "datatorch_id": "a24ef245-0e7a-492e-b263-09d3fda426d8",
    "name": "subsection",
    "supercategory": null
  },
  {
    "id": 15,
    "datatorch_id": "2cb917fd-36d2-4af5-a88b-e9b7ad28c733",
    "name": "summary",
    "supercategory": null
  },
  {
    "id": 16,
    "datatorch_id": "b66fb620-4716-406d-a020-b97ecc4817c2",
    "name": "abstract",
    "supercategory": null
  },
  {
    "id": 17,
    "datatorch_id": "418130a4-f8a1-4218-99c8-a30542254019",
    "name": "section",
    "supercategory": null
  },
  {
    "id": 18,
    "datatorch_id": "ec6c7fda-bed5-4baf-97b1-95207a7890ba",
    "name": "paragraph",
    "supercategory": null
  },
  {
    "id": 19,
    "datatorch_id": "62a18526-d943-4993-a65e-2e91c2af6485",
    "name": "title",
    "supercategory": null
  },
  {
    "id": 20,
    "datatorch_id": "ab700373-3415-495f-8e5f-0609d9088715",
    "name": "other",
    "supercategory": null
  },
  {
    "id": 21,
    "datatorch_id": "27ef4a36-ce65-4f9e-a6a5-8fc1d422b062",
    "name": "form",
    "supercategory": null
  },
  {
    "id": 22,
    "datatorch_id": "7ce4fbc5-dafd-44a1-9d6b-80d965ba8dd5",
    "name": "report_title",
    "supercategory": null
  }
],"images": [
  {
    "id": 1,
    "datatorch_id": "f881feb4-26ac-4f8e-9535-214bf4fdf72e",
    "storage_id": "66fd663e-2150-4306-958e-7014007cac52",
    "path": "a071965_annual report form 5 2006_17374687-03.jpg",
    "width": 1700,
    "height": 2200,
    "file_name": "a071965_annual report form 5 2006_17374687-03.jpg",
    "metadata": {},
    "date_captured": "2023-09-20T05:33:14.385Z"
  },
  {
    "id": 2,
    "datatorch_id": "8f271296-25a9-4cd5-a051-0e5a0689a4ad",
    "storage_id": "66fd663e-2150-4306-958e-7014007cac52",
    "path": "a071965_annual report form 5 2006_17374687-02.jpg",
    "width": 1700,
    "height": 2200,
    "file_name": "a071965_annual report form 5 2006_17374687-02.jpg",
    "metadata": {},
    "date_captured": "2023-09-20T05:33:14.401Z"
  },
  {
    "id": 3,
    "datatorch_id": "082bc568-65f5-4207-8236-f43d1945f4ed",
    "storage_id": "66fd663e-2150-4306-958e-7014007cac52",
    "path": "a071965_annual report form 5 2006_17374687-07.jpg",
    "width": 1700,
    "height": 2200,
    "file_name": "a071965_annual report form 5 2006_17374687-07.jpg",
    "metadata": {},
    "date_captured": "2023-09-20T05:33:14.463Z"
  },
  {
    "id": 4,
    "datatorch_id": "2998144e-9dcb-4d46-b324-2aaf253299e0",
    "storage_id": "66fd663e-2150-4306-958e-7014007cac52",
    "path": "a071965_annual report form 5 2006_17374687-05.jpg",
    "width": 1700,
    "height": 2200,
    "file_name": "a071965_annual report form 5 2006_17374687-05.jpg",
    "metadata": {},
    "date_captured": "2023-09-20T05:33:14.557Z"
  },
  {
    "id": 5,
    "datatorch_id": "467b4a4f-70fa-49bb-beb9-b4314c4991f3",
    "storage_id": "66fd663e-2150-4306-958e-7014007cac52",
    "path": "a071965_annual report form 5 2006_17374687-04.jpg",
    "width": 1700,
    "height": 2200,
    "file_name": "a071965_annual report form 5 2006_17374687-04.jpg",
    "metadata": {},
    "date_captured": "2023-09-20T05:33:14.604Z"
  },
  {
    "id": 6,
    "datatorch_id": "786d8b73-a794-4c83-93e4-63956b2520f3",
    "storage_id": "66fd663e-2150-4306-958e-7014007cac52",
    "path": "a071965_annual report form 5 2006_17374687-12.jpg",
    "width": 1700,
    "height": 2200,
    "file_name": "a071965_annual report form 5 2006_17374687-12.jpg",
    "metadata": {},
    "date_captured": "2023-09-20T05:33:14.620Z"
  },
  {
    "id": 7,
    "datatorch_id": "32a8be26-b671-4918-b783-ebf41b294662",
    "storage_id": "66fd663e-2150-4306-958e-7014007cac52",
    "path": "a071965_annual report form 5 2006_17374687-09.jpg",
    "width": 1700,
    "height": 2200,
    "file_name": "a071965_annual report form 5 2006_17374687-09.jpg",
    "metadata": {},
    "date_captured": "2023-09-20T05:33:14.635Z"
  },
  {
    "id": 8,
    "datatorch_id": "3ee84ef8-c04a-4417-a8e0-7edb80cebc29",
    "storage_id": "66fd663e-2150-4306-958e-7014007cac52",
    "path": "a071965_annual report form 5 2006_17374687-14.jpg",
    "width": 1700,
    "height": 2200,
    "file_name": "a071965_annual report form 5 2006_17374687-14.jpg",
    "metadata": {},
    "date_captured": "2023-09-20T05:33:14.651Z"
  },
  {
    "id": 9,
    "datatorch_id": "561edd29-4a7f-4ed2-a06a-d28591d4c006",
    "storage_id": "66fd663e-2150-4306-958e-7014007cac52",
    "path": "a071965_annual report form 5 2006_17374687-11.jpg",
    "width": 1700,
    "height": 2200,
    "file_name": "a071965_annual report form 5 2006_17374687-11.jpg",
    "metadata": {},
    "date_captured": "2023-09-20T05:33:14.666Z"
  },
  {
    "id": 10,
    "datatorch_id": "89b5c8c8-c0d3-4532-a158-a5412235f941",
    "storage_id": "66fd663e-2150-4306-958e-7014007cac52",
    "path": "a071965_annual report form 5 2006_17374687-06.jpg",
    "width": 1700,
    "height": 2200,
    "file_name": "a071965_annual report form 5 2006_17374687-06.jpg",
    "metadata": {},
    "date_captured": "2023-09-20T05:33:14.682Z"
  },
  {
    "id": 11,
    "datatorch_id": "bf8290b4-46d7-430b-b1f5-3e1aec4f31a8",
    "storage_id": "66fd663e-2150-4306-958e-7014007cac52",
    "path": "a071965_annual report form 5 2006_17374687-10.jpg",
    "width": 1700,
    "height": 2200,
    "file_name": "a071965_annual report form 5 2006_17374687-10.jpg",
    "metadata": {},
    "date_captured": "2023-09-20T05:33:14.682Z"
  },
  {
    "id": 12,
    "datatorch_id": "05d7dd90-57a6-4dce-b1cc-df1355bdcb90",
    "storage_id": "66fd663e-2150-4306-958e-7014007cac52",
    "path": "a071965_annual report form 5 2006_17374687-08.jpg",
    "width": 1700,
    "height": 2200,
    "file_name": "a071965_annual report form 5 2006_17374687-08.jpg",
    "metadata": {},
    "date_captured": "2023-09-20T05:33:14.729Z"
  },
  {
    "id": 13,
    "datatorch_id": "e53fb728-cefb-4ed9-8c57-752b81c74dea",
    "storage_id": "66fd663e-2150-4306-958e-7014007cac52",
    "path": "a071965_annual report form 5 2006_17374687-13.jpg",
    "width": 1700,
    "height": 2200,
    "file_name": "a071965_annual report form 5 2006_17374687-13.jpg",
    "metadata": {},
    "date_captured": "2023-09-20T05:33:14.729Z"
  },
  {
    "id": 14,
    "datatorch_id": "10bbc000-5fbf-4799-b123-c7e66a884ac2",
    "storage_id": "66fd663e-2150-4306-958e-7014007cac52",
    "path": "a071965_annual report form 5 2006_17374687-18.jpg",
    "width": 1653,
    "height": 2339,
    "file_name": "a071965_annual report form 5 2006_17374687-18.jpg",
    "metadata": {},
    "date_captured": "2023-09-20T05:33:15.667Z"
  },
  {
    "id": 15,
    "datatorch_id": "ea051bfe-ca7c-4944-a9aa-da7a901679bd",
    "storage_id": "66fd663e-2150-4306-958e-7014007cac52",
    "path": "a071965_annual report form 5 2006_17374687-17.jpg",
    "width": 2339,
    "height": 1653,
    "file_name": "a071965_annual report form 5 2006_17374687-17.jpg",
    "metadata": {},
    "date_captured": "2023-09-20T05:33:15.667Z"
  },
  {
    "id": 16,
    "datatorch_id": "de454e85-4fbe-4665-8ba5-a7b7f398c331",
    "storage_id": "66fd663e-2150-4306-958e-7014007cac52",
    "path": "a071965_annual report form 5 2006_17374687-16.jpg",
    "width": 2339,
    "height": 1653,
    "file_name": "a071965_annual report form 5 2006_17374687-16.jpg",
    "metadata": {},
    "date_captured": "2023-09-20T05:33:15.948Z"
  },
  {
    "id": 17,
    "datatorch_id": "412247c9-be7a-4112-9583-362658f91962",
    "storage_id": "66fd663e-2150-4306-958e-7014007cac52",
    "path": "a071965_annual report form 5 2006_17374687-15.jpg",
    "width": 2339,
    "height": 1653,
    "file_name": "a071965_annual report form 5 2006_17374687-15.jpg",
    "metadata": {},
    "date_captured": "2023-09-20T05:33:16.057Z"
  },
  {
    "id": 18,
    "datatorch_id": "52aa0654-d6f7-4028-a8fe-220721d62397",
    "storage_id": "66fd663e-2150-4306-958e-7014007cac52",
    "path": "a071965_annual report form 5 2006_17374687-01.jpg",
    "width": 1700,
    "height": 2200,
    "file_name": "a071965_annual report form 5 2006_17374687-01.jpg",
    "metadata": {},
    "date_captured": "2023-09-20T05:33:13.698Z"
  }
],"annotations": [
{"id":1,"datatorch_id":"037385a3-3998-4866-89d9-241991f1c10f","image_id":7,"category_id":18,"segmentation":[[239.836096638155,1841.90536946439,1058.037600397553,1841.90536946439,1058.037600397553,1884.7805574343147,239.836096638155,1884.7805574343147]],"area":35080.54,"bbox":[239.836096638155,1841.90536946439,818.201503759398,42.8751879699246],"iscrowd":0,"metadata":{}},
{"id":2,"datatorch_id":"0436f01f-0946-44e7-8576-d7c99dffad2b","image_id":1,"category_id":17,"segmentation":[[256.616968818607,559.744707810252,1411.3291492697372,559.744707810252,1411.3291492697372,634.180798035816,256.616968818607,634.180798035816]],"area":85952.26,"bbox":[256.616968818607,559.744707810252,1154.71218045113,74.436090225564],"iscrowd":0,"metadata":{}},
{"id":3,"datatorch_id":"06fcc149-dbb2-4ecf-b958-92e9a3646d9c","image_id":8,"category_id":6,"segmentation":[[185.690953781013,91.2935799907027,1618.436818442663,91.2935799907027,1618.436818442663,1170.3191439004727,185.690953781013,1170.3191439004727]],"area":1545969.41,"bbox":[185.690953781013,91.2935799907027,1432.74586466165,1079.02556390977],"iscrowd":0,"metadata":{}},
{"id":4,"datatorch_id":"07078932-8b88-426b-b465-92e4d9313124","image_id":7,"category_id":18,"segmentation":[[268.419555284772,1170.1940912689,1608.2691793449221,1170.1940912689,1608.2691793449221,1320.257249163637,268.419555284772,1320.257249163637]],"area":201062.07,"bbox":[268.419555284772,1170.1940912689,1339.84962406015,150.063157894737],"iscrowd":0,"metadata":{}},
{"id":5,"datatorch_id":"1098ba6a-77a5-468e-bfd4-f9c5f514cb7c","image_id":15,"category_id":6,"segmentation":[[110.180908161273,213.726002894054,2288.8296772656226,213.726002894054,2288.8296772656226,774.993749812706,110.180908161273,774.993749812706]],"area":1222805.29,"bbox":[110.180908161273,213.726002894054,2178.64876910435,561.267746918652],"iscrowd":0,"metadata":{}},
{"id":6,"datatorch_id":"113278e8-f6a8-464b-bb47-7af77dd6c648","image_id":9,"category_id":18,"segmentation":[[224.89396129981,946.31613638168,1532.58719438252,946.31613638168,1532.58719438252,1500.120647659875,224.89396129981,1500.120647659875]],"area":724206.41,"bbox":[224.89396129981,946.31613638168,1307.69323308271,553.804511278195],"iscrowd":0,"metadata":{}},
{"id":7,"datatorch_id":"12482d57-ad19-4c73-912b-ae905c80e52c","image_id":4,"category_id":17,"segmentation":[[259.415765811088,1725.16576044183,916.835314683268,1725.16576044183,916.835314683268,1768.0409484117545,259.415765811088,1768.0409484117545]],"area":28186.99,"bbox":[259.415765811088,1725.16576044183,657.41954887218,42.8751879699246],"iscrowd":0,"metadata":{}},
{"id":8,"datatorch_id":"17b00359-093e-4f30-8c34-6e481a2b54b9","image_id":1,"category_id":14,"segmentation":[[239.407344758457,1886.32154991551,593.1276455103359,1886.32154991551,593.1276455103359,1932.769670216262,239.407344758457,1932.769670216262]],"area":16429.64,"bbox":[239.407344758457,1886.32154991551,353.720300751879,46.448120300752],"iscrowd":0,"metadata":{}},
{"id":9,"datatorch_id":"1bc04a98-150c-4eb2-a555-34db42e05887","image_id":7,"category_id":13,"segmentation":[[268.419555284772,1313.11138450198,779.3488785930431,1313.11138450198,779.3488785930431,1370.2783017952129,268.419555284772,1370.2783017952129]],"area":29208.25,"bbox":[268.419555284772,1313.11138450198,510.929323308271,57.1669172932329],"iscrowd":0,"metadata":{}},
{"id":10,"datatorch_id":"1be0199b-e395-43c2-ae1e-53103f3fd5e9","image_id":18,"category_id":22,"segmentation":[[335.456367314848,595.523655178673,1443.065389871238,595.523655178673,1443.065389871238,1163.6198957801762,335.456367314848,1163.6198957801762]],"area":629228.52,"bbox":[335.456367314848,595.523655178673,1107.60902255639,568.096240601503],"iscrowd":0,"metadata":{}},
{"id":11,"datatorch_id":"1c31b9ca-e990-48d4-bba6-04e1f620dcb1","image_id":12,"category_id":8,"segmentation":[[397.039825961464,84.3958356298005,1383.1691492697341,84.3958356298005,1383.1691492697341,727.5236551786725,397.039825961464,727.5236551786725]],"area":634207.2,"bbox":[397.039825961464,84.3958356298005,986.12932330827,643.127819548872],"iscrowd":0,"metadata":{}},
{"id":12,"datatorch_id":"21de4a5c-5e36-4315-9a11-930422277f9b","image_id":6,"category_id":18,"segmentation":[[234.901480096802,361.463504802733,1535.448848517852,361.463504802733,1535.448848517852,1876.3868130734131,234.901480096802,1876.3868130734131]],"area":1970229.52,"bbox":[234.901480096802,361.463504802733,1300.54736842105,1514.92330827068],"iscrowd":0,"metadata":{}},
{"id":13,"datatorch_id":"22d0ebb2-d117-48a8-b92b-dd8c4dfc8c7c","image_id":13,"category_id":6,"segmentation":[[171.432307164472,134.168767960628,1647.0533597960518,134.168767960628,1647.0533597960518,2099.281549915518,171.432307164472,2099.281549915518]],"area":2899761.79,"bbox":[171.432307164472,134.168767960628,1475.62105263158,1965.11278195489],"iscrowd":0,"metadata":{}},
{"id":14,"datatorch_id":"2467efb6-0092-4110-982c-e507e8224654","image_id":3,"category_id":18,"segmentation":[[241.332758292291,1380.61069277266,1494.836517690791,1380.61069277266,1494.836517690791,1478.8663318704046,241.332758292291,1478.8663318704046]],"area":123163.81,"bbox":[241.332758292291,1380.61069277266,1253.5037593985,98.2556390977445],"iscrowd":0,"metadata":{}},
{"id":15,"datatorch_id":"25e61555-16ee-4a9c-b2a0-8608b507249e","image_id":6,"category_id":12,"segmentation":[[231.328547765976,311.442452171154,749.4037357359009,311.442452171154,749.4037357359009,361.4635048027329,231.328547765976,361.4635048027329]],"area":25914.67,"bbox":[231.328547765976,311.442452171154,518.075187969925,50.0210526315789],"iscrowd":0,"metadata":{}},
{"id":16,"datatorch_id":"27e78987-ab7a-4a25-b543-1ab293722949","image_id":5,"category_id":14,"segmentation":[[247.936066562968,1817.46320405085,539.487344758457,1817.46320405085,539.487344758457,1886.0635048027295,247.936066562968,1886.0635048027295]],"area":20000.51,"bbox":[247.936066562968,1817.46320405085,291.551278195489,68.6003007518796],"iscrowd":0,"metadata":{}},
{"id":17,"datatorch_id":"2aaac575-5596-4bdd-b574-67158a817db4","image_id":11,"category_id":18,"segmentation":[[253.940577841164,471.281549915515,1483.029299645674,471.281549915515,1483.029299645674,1929.037940892955,253.940577841164,1929.037940892955]],"area":1791711.94,"bbox":[253.940577841164,471.281549915515,1229.08872180451,1457.75639097744],"iscrowd":0,"metadata":{}},
{"id":18,"datatorch_id":"2aef798d-6ad9-4c14-a79e-327d60716836","image_id":4,"category_id":5,"segmentation":[[244.195074081765,252.545970968146,1525.305690623115,252.545970968146,1525.305690623115,386.316557434311,244.195074081765,386.316557434311]],"area":171374.92,"bbox":[244.195074081765,252.545970968146,1281.11061654135,133.770586466165],"iscrowd":0,"metadata":{}},
{"id":19,"datatorch_id":"2b16255e-4bcf-4c15-af82-3b6ecaec83ca","image_id":11,"category_id":5,"segmentation":[[253.940577841164,406.968767960627,1136.454863555449,406.968767960627,1136.454863555449,471.28154991551423,253.940577841164,471.28154991551423]],"area":56756.95,"bbox":[253.940577841164,406.968767960627,882.514285714285,64.3127819548872],"iscrowd":0,"metadata":{}},
{"id":20,"datatorch_id":"2d8e03e6-824e-4ce5-9dcf-21c83646b13e","image_id":4,"category_id":18,"segmentation":[[226.187495134397,376.026512321529,1525.305690623117,376.026512321529,1525.305690623117,697.5904220959651,226.187495134397,697.5904220959651]],"area":417749.53,"bbox":[226.187495134397,376.026512321529,1299.11819548872,321.563909774436],"iscrowd":0,"metadata":{}},
{"id":21,"datatorch_id":"2e527292-d6de-456e-9314-36c160325bc9","image_id":1,"category_id":18,"segmentation":[[250.126141750938,1932.76967021627,1425.620878593038,1932.76967021627,1425.620878593038,2007.8012491636384,250.126141750938,2007.8012491636384]],"area":88199.23,"bbox":[250.126141750938,1932.76967021627,1175.4947368421,75.0315789473684],"iscrowd":0,"metadata":{}},
{"id":22,"datatorch_id":"2e7d9b21-7358-4e17-b92d-b5475e379878","image_id":3,"category_id":18,"segmentation":[[268.129750773494,996.520467208748,1625.844036487784,996.520467208748,1625.844036487784,1157.302422095966,268.129750773494,1157.302422095966]],"area":218295.96,"bbox":[268.129750773494,996.520467208748,1357.71428571429,160.781954887218],"iscrowd":0,"metadata":{}},
{"id":23,"datatorch_id":"303ac806-f6ca-4ac0-a888-40fb3daf4304","image_id":18,"category_id":20,"segmentation":[[996.448848517855,1474.46500856213,1585.982683104321,1474.46500856213,1585.982683104321,1896.071023599724,996.448848517855,1896.071023599724]],"area":248551.01,"bbox":[996.448848517855,1474.46500856213,589.533834586466,421.606015037594],"iscrowd":0,"metadata":{}},
{"id":24,"datatorch_id":"38cd906a-23ff-4b22-8bd1-7c5696d3bbfe","image_id":7,"category_id":13,"segmentation":[[257.700758292291,1091.5895799907,625.7127883674791,1091.5895799907,625.7127883674791,1170.1940912688956,257.700758292291,1170.1940912688956]],"area":28927.41,"bbox":[257.700758292291,1091.5895799907,368.012030075188,78.6045112781956],"iscrowd":0,"metadata":{}},
{"id":25,"datatorch_id":"392a6109-8c0a-4105-bb21-62f019753de6","image_id":1,"category_id":8,"segmentation":[[238.186592878757,755.385910817771,1588.7550139313869,755.385910817771,1588.7550139313869,1818.690572471911,238.186592878757,1818.690572471911]],"area":1436065.7,"bbox":[238.186592878757,755.385910817771,1350.56842105263,1063.30466165414],"iscrowd":0,"metadata":{}},
{"id":26,"datatorch_id":"3c7eac67-89bf-448c-86d3-a9c929c5113c","image_id":7,"category_id":14,"segmentation":[[257.700758292291,1784.73845217115,890.109780848682,1784.73845217115,890.109780848682,1841.9053694643833,257.700758292291,1841.9053694643833]],"area":36152.87,"bbox":[257.700758292291,1784.73845217115,632.409022556391,57.1669172932334],"iscrowd":0,"metadata":{}},
{"id":27,"datatorch_id":"4c07ea19-5a0a-4a42-a225-1db3c5bf3558","image_id":5,"category_id":6,"segmentation":[[247.936066562968,1453.02410630649,1306.9532094201081,1453.02410630649,1306.9532094201081,1817.463204050851,247.936066562968,1817.463204050851]],"area":385947.25,"bbox":[247.936066562968,1453.02410630649,1059.01714285714,364.439097744361],"iscrowd":0,"metadata":{}},
{"id":28,"datatorch_id":"508ac1a4-e0bd-4f7b-8325-0678bc59b311","image_id":10,"category_id":18,"segmentation":[[234.272908668231,1928.97177547942,1463.361630472741,1928.97177547942,1463.361630472741,2125.483053674909,234.272908668231,2125.483053674909]],"area":241529.8,"bbox":[234.272908668231,1928.97177547942,1229.08872180451,196.511278195489],"iscrowd":0,"metadata":{}},
{"id":29,"datatorch_id":"54ebeff8-dcde-4ff7-8d38-10ec05b6f568","image_id":17,"category_id":5,"segmentation":[[187.658120979679,293.109779393644,1812.234883510489,293.109779393644,1812.234883510489,331.8560735596259,187.658120979679,331.8560735596259]],"area":62946.33,"bbox":[187.658120979679,293.109779393644,1624.57676253081,38.7462941659819],"iscrowd":0,"metadata":{}},
{"id":30,"datatorch_id":"553b763a-c83e-412a-a632-c4bb02ffc337","image_id":17,"category_id":5,"segmentation":[[193.193305860534,1264.53472598362,993.027521144018,1264.53472598362,993.027521144018,1361.4004613985749,193.193305860534,1361.4004613985749]],"area":77476.53,"bbox":[193.193305860534,1264.53472598362,799.834215283484,96.8657354149548],"iscrowd":0,"metadata":{}},
{"id":31,"datatorch_id":"5b65ee8f-19e6-46e4-8809-6f7c371679da","image_id":7,"category_id":18,"segmentation":[[257.700758292291,1370.27830179521,1576.112788367481,1370.27830179521,1576.112788367481,1784.73845217115,257.700758292291,1784.73845217115]],"area":546429.25,"bbox":[257.700758292291,1370.27830179521,1318.41203007519,414.46015037594],"iscrowd":0,"metadata":{}},
{"id":32,"datatorch_id":"5b821311-1be2-4e29-acf4-ae96d8c0df98","image_id":1,"category_id":17,"segmentation":[[264.417871074246,157.022301795215,568.1171191945471,157.022301795215,568.1171191945471,212.3762867576204,264.417871074246,212.3762867576204]],"area":16810.96,"bbox":[264.417871074246,157.022301795215,303.699248120301,55.3539849624054],"iscrowd":0,"metadata":{}},
{"id":33,"datatorch_id":"5e0aeb60-3919-4066-8083-b80a9a63b642","image_id":9,"category_id":18,"segmentation":[[239.185690623118,1564.43342961476,1561.170653029128,1564.43342961476,1561.170653029128,1968.174782998219,239.185690623118,1968.174782998219]],"area":533740,"bbox":[239.185690623118,1564.43342961476,1321.98496240601,403.741353383459],"iscrowd":0,"metadata":{}},
{"id":34,"datatorch_id":"5f379ad7-0a9e-4093-8540-b31284110302","image_id":4,"category_id":18,"segmentation":[[259.415765811088,1860.93718901326,1485.527044006578,1860.93718901326,1485.527044006578,2044.943204050854,259.415765811088,2044.943204050854]],"area":225611.85,"bbox":[259.415765811088,1860.93718901326,1226.11127819549,184.006015037594],"iscrowd":0,"metadata":{}},
{"id":35,"datatorch_id":"60894f93-fe55-4080-8e61-303499ce37d1","image_id":10,"category_id":7,"segmentation":[[255.710502653194,1839.64846720875,1159.662382352442,1839.64846720875,1159.662382352442,1928.9717754794265,255.710502653194,1928.9717754794265]],"area":80743.97,"bbox":[255.710502653194,1839.64846720875,903.951879699248,89.3233082706765],"iscrowd":0,"metadata":{}},
{"id":36,"datatorch_id":"6d489f72-0406-4b0d-a51e-ce46e53557eb","image_id":3,"category_id":14,"segmentation":[[256.219976337404,945.903925855364,693.90418686372,945.903925855364,693.90418686372,996.5204672087475,256.219976337404,996.5204672087475]],"area":22154.06,"bbox":[256.219976337404,945.903925855364,437.684210526316,50.6165413533835],"iscrowd":0,"metadata":{}},
{"id":37,"datatorch_id":"700233e4-774b-434f-80fe-e26b88f9ed4d","image_id":5,"category_id":6,"segmentation":[[277.948698141915,123.893279238823,1469.878923705825,123.893279238823,1469.878923705825,1384.423805554613,277.948698141915,1384.423805554613]],"area":1502464.43,"bbox":[277.948698141915,123.893279238823,1191.93022556391,1260.53052631579],"iscrowd":0,"metadata":{}},
{"id":38,"datatorch_id":"7816a86f-011a-457a-b225-108b79b3062a","image_id":14,"category_id":17,"segmentation":[[249.180256797246,367.277726994421,667.0346928874719,367.277726994421,667.0346928874719,459.0790803778796,249.180256797246,459.0790803778796]],"area":38359.6,"bbox":[249.180256797246,367.277726994421,417.854436090226,91.8013533834586],"iscrowd":0,"metadata":{}},
{"id":39,"datatorch_id":"7e0a7b7b-491b-4993-bdfd-1c2f6bf02983","image_id":10,"category_id":7,"segmentation":[[259.283434984021,707.028918336567,1106.068397390036,707.028918336567,1106.068397390036,792.7792942764166,259.283434984021,792.7792942764166]],"area":72612.13,"bbox":[259.283434984021,707.028918336567,846.784962406015,85.7503759398496],"iscrowd":0,"metadata":{}},
{"id":40,"datatorch_id":"81add911-5fbe-4350-9d64-4492eb904cda","image_id":12,"category_id":18,"segmentation":[[229.112006412592,795.409369464387,1565.3886981419118,795.409369464387,1565.3886981419118,1527.860497283935,229.112006412592,1527.860497283935]],"area":978757.37,"bbox":[229.112006412592,795.409369464387,1336.27669172932,732.451127819548],"iscrowd":0,"metadata":{}},
{"id":41,"datatorch_id":"84e9ed26-8f5c-4870-adfe-d7a49301b664","image_id":8,"category_id":5,"segmentation":[[203.555615435149,1170.31914390048,1282.581179344919,1170.31914390048,1282.581179344919,1259.6424521711567,203.555615435149,1259.6424521711567]],"area":96382.13,"bbox":[203.555615435149,1170.31914390048,1079.02556390977,89.3233082706768],"iscrowd":0,"metadata":{}},
{"id":42,"datatorch_id":"85af2f12-cec5-42cd-ac14-a8eb3ce2f9f0","image_id":1,"category_id":7,"segmentation":[[238.186592878757,1818.69057247191,1121.921630472741,1818.69057247191,1121.921630472741,1886.321549915519,238.186592878757,1886.321549915519]],"area":59767.86,"bbox":[238.186592878757,1818.69057247191,883.735037593984,67.630977443609],"iscrowd":0,"metadata":{}},
{"id":43,"datatorch_id":"8c943d83-18b3-4e50-967d-10fe06923555","image_id":12,"category_id":18,"segmentation":[[243.4037357359,1610.03794089296,1511.79471317951,1610.03794089296,1511.79471317951,2067.373279238825,243.4037357359,2067.373279238825]],"area":580080.02,"bbox":[243.4037357359,1610.03794089296,1268.39097744361,457.335338345865],"iscrowd":0,"metadata":{}},
{"id":44,"datatorch_id":"8d050036-2381-431d-b5f8-5aa308251b09","image_id":1,"category_id":18,"segmentation":[[256.616968818607,634.180798035816,1484.8124575404072,634.180798035816,1484.8124575404072,755.385910817771,256.616968818607,755.385910817771]],"area":148863.57,"bbox":[256.616968818607,634.180798035816,1228.1954887218,121.205112781955],"iscrowd":0,"metadata":{}},
{"id":45,"datatorch_id":"8f90d154-938e-4834-8216-70513925c6d9","image_id":7,"category_id":13,"segmentation":[[271.992487615599,519.920407058371,618.566923705825,519.920407058371,618.566923705825,587.8061213440853,271.992487615599,587.8061213440853]],"area":23527.45,"bbox":[271.992487615599,519.920407058371,346.574436090226,67.8857142857144],"iscrowd":0,"metadata":{}},
{"id":46,"datatorch_id":"92d12bdd-23c2-4554-9add-73c8f072357d","image_id":14,"category_id":10,"segmentation":[[242.849128977697,579.370508949308,1493.2468733385972,579.370508949308,1493.2468733385972,1127.013065340285,242.849128977697,1127.013065340285]],"area":684771.02,"bbox":[242.849128977697,579.370508949308,1250.3977443609,547.642556390977],"iscrowd":0,"metadata":{}},
{"id":47,"datatorch_id":"930fd13d-49fe-40f4-ac32-2c778757c223","image_id":3,"category_id":7,"segmentation":[[405.092156788532,883.377610065891,1354.896668066727,883.377610065891,1354.896668066727,945.9039258553645,405.092156788532,945.9039258553645]],"area":59387.78,"bbox":[405.092156788532,883.377610065891,949.804511278195,62.5263157894735],"iscrowd":0,"metadata":{}},
{"id":48,"datatorch_id":"976450be-eb98-4c16-9551-4f7365604070","image_id":12,"category_id":7,"segmentation":[[454.206743254698,727.523655178672,1247.3977206983059,727.523655178672,1247.3977206983059,795.4093694643863,454.206743254698,795.4093694643863]],"area":53846.34,"bbox":[454.206743254698,727.523655178672,793.190977443608,67.8857142857142],"iscrowd":0,"metadata":{}},
{"id":49,"datatorch_id":"9ac0f59e-e1e0-4b09-9451-c9d83a475afd","image_id":4,"category_id":18,"segmentation":[[248.696968818607,778.338692772657,1494.459374833647,778.338692772657,1494.459374833647,910.5371890132591,248.696968818607,910.5371890132591]],"area":164687.92,"bbox":[248.696968818607,778.338692772657,1245.76240601504,132.198496240602],"iscrowd":0,"metadata":{}},
{"id":50,"datatorch_id":"9c67a7b1-cac8-4498-91f4-a8dac1be3953","image_id":14,"category_id":14,"segmentation":[[242.849128977697,497.065847295173,780.9949936393509,497.065847295173,780.9949936393509,579.3705089493083,242.849128977697,579.3705089493083]],"area":44291.91,"bbox":[242.849128977697,497.065847295173,538.145864661654,82.3046616541353],"iscrowd":0,"metadata":{}},
{"id":51,"datatorch_id":"a0f5c0d9-7a6a-4770-90f2-0165cd145385","image_id":4,"category_id":17,"segmentation":[[248.696968818607,717.598843148597,498.80223197650196,717.598843148597,498.80223197650196,778.338692772657,248.696968818607,778.338692772657]],"area":15191.36,"bbox":[248.696968818607,717.598843148597,250.105263157895,60.7398496240601],"iscrowd":0,"metadata":{}},
{"id":52,"datatorch_id":"a20233a9-2c7c-46af-bb52-31c835b25fe1","image_id":1,"category_id":18,"segmentation":[[-1023.98152742199,851.600346907996,-509.47927178289194,851.600346907996,-509.47927178289194,1105.278542396717,-1023.98152742199,1105.278542396717]],"area":130518,"bbox":[-1023.98152742199,851.600346907996,514.502255639098,253.678195488721],"iscrowd":0,"metadata":{}},
{"id":53,"datatorch_id":"a3a97706-ce61-4b7c-8eef-f20390927428","image_id":15,"category_id":5,"segmentation":[[140.070906517888,774.993749812707,1020.165302573763,774.993749812707,1020.165302573763,838.094857454449,140.070906517888,838.094857454449]],"area":55534.93,"bbox":[140.070906517888,774.993749812707,880.094396055875,63.1011076417419],"iscrowd":0,"metadata":{}},
{"id":54,"datatorch_id":"a4b53195-ea0a-4836-9687-5af9f14fadef","image_id":7,"category_id":18,"segmentation":[[257.700758292291,587.806121344086,1608.269179344921,587.806121344086,1608.269179344921,1091.589579990702,257.700758292291,1091.589579990702]],"area":680394.03,"bbox":[257.700758292291,587.806121344086,1350.56842105263,503.783458646616],"iscrowd":0,"metadata":{}},
{"id":55,"datatorch_id":"a59e6ad2-cd5f-4639-85c9-441474db960b","image_id":2,"category_id":11,"segmentation":[[176.510502653194,92.137189013259,1559.235314683264,92.137189013259,1559.235314683264,1528.455986005739,176.510502653194,1528.455986005739]],"area":1986033.64,"bbox":[176.510502653194,92.137189013259,1382.72481203007,1436.31879699248],"iscrowd":0,"metadata":{}},
{"id":56,"datatorch_id":"b23ec7f8-434f-423a-ae80-8e48da2a30b6","image_id":7,"category_id":12,"segmentation":[[218.398502653193,105.460256682432,865.099254532892,105.460256682432,865.099254532892,176.9189032989733,218.398502653193,176.9189032989733]],"area":46212.36,"bbox":[218.398502653193,105.460256682432,646.700751879699,71.4586466165413],"iscrowd":0,"metadata":{}},
{"id":57,"datatorch_id":"bb7f6b5b-c320-484f-b442-44bd1c6d9eca","image_id":10,"category_id":8,"segmentation":[[398.627795886276,110.349219088447,1313.298472578005,110.349219088447,1313.298472578005,724.8935799907019,398.627795886276,724.8935799907019]],"area":562105.71,"bbox":[398.627795886276,110.349219088447,914.670676691729,614.544360902255],"iscrowd":0,"metadata":{}},
{"id":58,"datatorch_id":"c024afab-656a-45f2-a578-0d942ea452c4","image_id":11,"category_id":6,"segmentation":[[239.648848517855,160.43643713356,1565.2067432546949,160.43643713356,1565.2067432546949,406.968767960628,239.648848517855,406.968767960628]],"area":326792.88,"bbox":[239.648848517855,160.43643713356,1325.55789473684,246.532330827068],"iscrowd":0,"metadata":{}},
{"id":59,"datatorch_id":"c6bbed40-87db-4e8e-a0fc-bb8328230240","image_id":3,"category_id":18,"segmentation":[[268.129750773494,1222.80618149446,1658.595916187024,1222.80618149446,1658.595916187024,1353.8137002914518,268.129750773494,1353.8137002914518]],"area":182161.52,"bbox":[268.129750773494,1222.80618149446,1390.46616541353,131.007518796992],"iscrowd":0,"metadata":{}},
{"id":60,"datatorch_id":"ce3f7ded-cccf-4094-ac09-604c7f1e4e58","image_id":4,"category_id":14,"segmentation":[[259.415765811088,1768.04094841175,1149.075916187028,1768.04094841175,1149.075916187028,1860.9371890132538,259.415765811088,1860.9371890132538]],"area":82646.08,"bbox":[259.415765811088,1768.04094841175,889.66015037594,92.8962406015039],"iscrowd":0,"metadata":{}},
{"id":61,"datatorch_id":"ceb47254-0c67-46eb-9695-f5b33299a325","image_id":3,"category_id":13,"segmentation":[[268.129750773494,1157.30242209597,542.054562803569,1157.30242209597,542.054562803569,1222.8061814944663,268.129750773494,1222.8061814944663]],"area":17943.1,"bbox":[268.129750773494,1157.30242209597,273.924812030075,65.5037593984962],"iscrowd":0,"metadata":{}},
{"id":62,"datatorch_id":"cf1cce0d-7067-48a6-8b92-36067d5fbb8b","image_id":7,"category_id":18,"segmentation":[[271.992487615599,176.918903298973,1572.5398560366489,176.918903298973,1572.5398560366489,537.785068712507,271.992487615599,537.785068712507]],"area":469323.54,"bbox":[271.992487615599,176.918903298973,1300.54736842105,360.866165413534],"iscrowd":0,"metadata":{}},
{"id":63,"datatorch_id":"d181c3dc-4248-421f-96fb-fbe4131f3d8a","image_id":5,"category_id":5,"segmentation":[[247.936066562968,1384.42380555461,1469.8789237058281,1384.42380555461,1469.8789237058281,1453.0241063064898,247.936066562968,1453.0241063064898]],"area":83825.65,"bbox":[247.936066562968,1384.42380555461,1221.94285714286,68.6003007518798],"iscrowd":0,"metadata":{}},
{"id":64,"datatorch_id":"d1fff932-ec55-4438-aaea-1f731a2c1619","image_id":5,"category_id":18,"segmentation":[[256.511104156953,1886.06350480273,1512.754111675753,1886.06350480273,1512.754111675753,2083.289369464384,256.511104156953,2083.289369464384]],"area":247763.61,"bbox":[256.511104156953,1886.06350480273,1256.2430075188,197.225864661654],"iscrowd":0,"metadata":{}},
{"id":65,"datatorch_id":"d6d7176d-8bce-4142-b687-eba16c6a0140","image_id":9,"category_id":8,"segmentation":[[239.185690623118,106.677038637319,1482.566141750938,106.677038637319,1482.566141750938,882.003354426792,239.185690623118,882.003354426792]],"area":964025.58,"bbox":[239.185690623118,106.677038637319,1243.38045112782,775.326315789473],"iscrowd":0,"metadata":{}},
{"id":66,"datatorch_id":"d8289854-e454-46a9-9c22-2bc393c29d6c","image_id":9,"category_id":7,"segmentation":[[239.185690623118,882.003354426793,1382.524036487778,882.003354426793,1382.524036487778,946.31613638168,239.185690623118,946.31613638168]],"area":73531.27,"bbox":[239.185690623118,882.003354426793,1143.33834586466,64.3127819548871],"iscrowd":0,"metadata":{}},
{"id":67,"datatorch_id":"dc257da0-d84f-4837-9127-3e757691e3b5","image_id":3,"category_id":18,"segmentation":[[202.625991374998,112.219715329049,1539.4981718261279,112.219715329049,1539.4981718261279,496.309940892959,202.625991374998,496.309940892959]],"area":513479.54,"bbox":[202.625991374998,112.219715329049,1336.87218045113,384.09022556391],"iscrowd":0,"metadata":{}},
{"id":68,"datatorch_id":"de9c0a11-3327-41b0-9ff6-4aebb1d3a1dc","image_id":4,"category_id":8,"segmentation":[[549.537871074246,933.403955930552,1154.078021450186,933.403955930552,1154.078021450186,1623.694482246342,549.537871074246,1623.694482246342]],"area":417308.34,"bbox":[549.537871074246,933.403955930552,604.54015037594,690.29052631579],"iscrowd":0,"metadata":{}},
{"id":69,"datatorch_id":"e2ec20a1-27be-4681-92d1-af94481ea46e","image_id":1,"category_id":18,"segmentation":[[256.616968818607,212.37628675762,1534.4365176907868,212.37628675762,1534.4365176907868,559.7447078102521,256.616968818607,559.7447078102521]],"area":443874.16,"bbox":[256.616968818607,212.37628675762,1277.81954887218,347.368421052632],"iscrowd":0,"metadata":{}},
{"id":70,"datatorch_id":"e302248f-5db1-43b7-b245-ae9a4104aa89","image_id":9,"category_id":13,"segmentation":[[224.89396129981,1496.54771532905,614.34358535996,1496.54771532905,614.34358535996,1564.4334296147642,224.89396129981,1564.4334296147642]],"area":26438.07,"bbox":[224.89396129981,1496.54771532905,389.44962406015,67.8857142857141],"iscrowd":0,"metadata":{}},
{"id":71,"datatorch_id":"e584ff05-6122-4b3e-abd3-77eeab638da4","image_id":16,"category_id":5,"segmentation":[[201.911222047879,1333.86291661632,1141.785614816983,1333.86291661632,1141.785614816983,1403.6062461150875,201.911222047879,1403.6062461150875]],"area":65549.97,"bbox":[201.911222047879,1333.86291661632,939.874392769104,69.7433294987675],"iscrowd":0,"metadata":{}},
{"id":72,"datatorch_id":"eb87df45-3354-44f8-acb7-31f0227674e0","image_id":6,"category_id":18,"segmentation":[[207.747194382517,102.211534877921,1566.033149269737,102.211534877921,1566.033149269737,246.272166456868,207.747194382517,246.272166456868]],"area":195675.53,"bbox":[207.747194382517,102.211534877921,1358.28595488722,144.060631578947],"iscrowd":0,"metadata":{}},
{"id":73,"datatorch_id":"ef93e2e9-53be-4a54-b9ee-c30d7c8d7483","image_id":4,"category_id":6,"segmentation":[[213.324938743419,118.775384501981,1520.1606680667292,118.775384501981,1520.1606680667292,252.545970968146,213.324938743419,252.545970968146]],"area":174816.18,"bbox":[213.324938743419,118.775384501981,1306.83572932331,133.770586466165],"iscrowd":0,"metadata":{}},
{"id":74,"datatorch_id":"efd6219f-0caf-403b-9816-12df373e8ba5","image_id":3,"category_id":13,"segmentation":[[268.129750773494,1347.85881307341,628.400427465223,1347.85881307341,628.400427465223,1380.6106927726582,268.129750773494,1380.6106927726582]],"area":11799.54,"bbox":[268.129750773494,1347.85881307341,360.270676691729,32.7518796992483],"iscrowd":0,"metadata":{}},
{"id":75,"datatorch_id":"f14e6a18-30e8-4b5c-a722-5d526bc2fcf5","image_id":3,"category_id":8,"segmentation":[[556.941780848682,496.309940892958,1200.069600397554,496.309940892958,1200.069600397554,883.37761006589,556.941780848682,883.37761006589]],"area":248933.99,"bbox":[556.941780848682,496.309940892958,643.127819548872,387.067669172932],"iscrowd":0,"metadata":{}},
{"id":76,"datatorch_id":"f1f571ad-78af-46cb-abb7-b02b6e742591","image_id":16,"category_id":6,"segmentation":[[152.094558120188,264.465197635221,2277.605552368338,264.465197635221,2277.605552368338,1330.5418056878111,152.094558120188,1330.5418056878111]],"area":2265957.55,"bbox":[152.094558120188,264.465197635221,2125.51099424815,1066.07660805259],"iscrowd":0,"metadata":{}},
{"id":77,"datatorch_id":"f3b316ec-bae5-4aa8-99d6-74f4c63194d4","image_id":10,"category_id":8,"segmentation":[[409.346592878758,1228.67703863732,1281.142081600562,1228.67703863732,1281.142081600562,1839.6484672087481,409.346592878758,1839.6484672087481]],"area":532642.14,"bbox":[409.346592878758,1228.67703863732,871.795488721804,610.971428571428],"iscrowd":0,"metadata":{}},
{"id":78,"datatorch_id":"f6f04b3f-8000-4f41-acd8-4fc58c9b4fce","image_id":17,"category_id":6,"segmentation":[[193.193305860534,331.856073559626,2111.134867076644,331.856073559626,2111.134867076644,1264.534725983619,193.193305860534,1264.534725983619]],"area":1788823.15,"bbox":[193.193305860534,331.856073559626,1917.94156121611,932.678652423993],"iscrowd":0,"metadata":{}},
{"id":79,"datatorch_id":"f6f4dd1e-fd59-4260-a0b0-929c9fd0fce9","image_id":10,"category_id":18,"segmentation":[[234.272908668231,792.779294276417,1520.5285477659709,792.779294276417,1520.5285477659709,1228.677038637319,234.272908668231,1228.677038637319]],"area":560675.93,"bbox":[234.272908668231,792.779294276417,1286.25563909774,435.897744360902],"iscrowd":0,"metadata":{}},
{"id":80,"datatorch_id":"f8c77e8e-5233-4937-b94f-310c82d2a32a","image_id":4,"category_id":7,"segmentation":[[532.387795886277,1623.69448224634,1154.078021450187,1623.69448224634,1154.078021450187,1688.0072642012271,532.387795886277,1688.0072642012271]],"area":39982.63,"bbox":[532.387795886277,1623.69448224634,621.69022556391,64.3127819548872],"iscrowd":0,"metadata":{}},
{"id":81,"datatorch_id":"fb799931-139e-42f8-84d5-852b670910e0","image_id":17,"category_id":17,"segmentation":[[151.679419254124,237.757930585098,1106.4988112015349,237.757930585098,1106.4988112015349,293.1097793936436,151.679419254124,293.1097793936436]],"area":52851.02,"bbox":[151.679419254124,237.757930585098,954.819391947411,55.3518488085456],"iscrowd":0,"metadata":{}},
{"id":82,"datatorch_id":"fbc72007-7d0a-4e53-b997-cd45dd68a751","image_id":12,"category_id":12,"segmentation":[[229.112006412592,1527.86049728394,697.166141750938,1527.86049728394,697.166141750938,1610.0379408929628,229.112006412592,1610.0379408929628]],"area":38463.49,"bbox":[229.112006412592,1527.86049728394,468.054135338346,82.1774436090227],"iscrowd":0,"metadata":{}}
]}