{"info": {"year":2023,"version":"0.1.0","description":"","url":"","date_created":1695189326238},"categories": [
  {
    "id": 1,
    "datatorch_id": "ea6a231b-d390-4ea6-88e1-6d99d36018a5",
    "name": "references",
    "supercategory": null
  },
  {
    "id": 2,
    "datatorch_id": "1063f0c2-a886-4121-838b-6bbf199ec21e",
    "name": "list",
    "supercategory": null
  },
  {
    "id": 3,
    "datatorch_id": "a53a6729-a94d-4f74-913c-bd222ebbce0d",
    "name": "appendix_list",
    "supercategory": null
  },
  {
    "id": 4,
    "datatorch_id": "8a765348-148e-4280-93e7-911ad854ec0b",
    "name": "cross",
    "supercategory": null
  },
  {
    "id": 5,
    "datatorch_id": "2be5156a-b962-4988-b879-89b159ac0a94",
    "name": "table_caption",
    "supercategory": null
  },
  {
    "id": 6,
    "datatorch_id": "1af8b78f-669f-4554-bebc-3986baee5a1c",
    "name": "table",
    "supercategory": null
  },
  {
    "id": 7,
    "datatorch_id": "3c954454-0bd6-47f9-89cf-52da19baf90d",
    "name": "figure_caption",
    "supercategory": null
  },
  {
    "id": 8,
    "datatorch_id": "3a501698-425e-457a-8ebe-321109d4d594",
    "name": "figure",
    "supercategory": null
  },
  {
    "id": 9,
    "datatorch_id": "0d1cf435-1d24-4ae4-8760-de7d4ca8b4a2",
    "name": "list_of_tables",
    "supercategory": null
  },
  {
    "id": 10,
    "datatorch_id": "1910fde7-e3d7-44cf-a653-984b82088e8f",
    "name": "list_of_figures",
    "supercategory": null
  },
  {
    "id": 11,
    "datatorch_id": "2760da17-b8bf-4824-bda9-1a6c75cfb31a",
    "name": "table_of_contents",
    "supercategory": null
  },
  {
    "id": 12,
    "datatorch_id": "2d7ae022-e4b2-4454-82f9-6a21616cc1a1",
    "name": "subsubsubsection",
    "supercategory": null
  },
  {
    "id": 13,
    "datatorch_id": "78fdef56-aec3-43df-87be-9f219106f30b",
    "name": "subsubsection",
    "supercategory": null
  },
  {
    "id": 14,
    "datatorch_id": "a24ef245-0e7a-492e-b263-09d3fda426d8",
    "name": "subsection",
    "supercategory": null
  },
  {
    "id": 15,
    "datatorch_id": "2cb917fd-36d2-4af5-a88b-e9b7ad28c733",
    "name": "summary",
    "supercategory": null
  },
  {
    "id": 16,
    "datatorch_id": "b66fb620-4716-406d-a020-b97ecc4817c2",
    "name": "abstract",
    "supercategory": null
  },
  {
    "id": 17,
    "datatorch_id": "418130a4-f8a1-4218-99c8-a30542254019",
    "name": "section",
    "supercategory": null
  },
  {
    "id": 18,
    "datatorch_id": "ec6c7fda-bed5-4baf-97b1-95207a7890ba",
    "name": "paragraph",
    "supercategory": null
  },
  {
    "id": 19,
    "datatorch_id": "62a18526-d943-4993-a65e-2e91c2af6485",
    "name": "title",
    "supercategory": null
  },
  {
    "id": 20,
    "datatorch_id": "ab700373-3415-495f-8e5f-0609d9088715",
    "name": "other",
    "supercategory": null
  },
  {
    "id": 21,
    "datatorch_id": "27ef4a36-ce65-4f9e-a6a5-8fc1d422b062",
    "name": "form",
    "supercategory": null
  },
  {
    "id": 22,
    "datatorch_id": "7ce4fbc5-dafd-44a1-9d6b-80d965ba8dd5",
    "name": "report_title",
    "supercategory": null
  }
],"images": [
  {
    "id": 1,
    "datatorch_id": "eb1066b3-2dba-410a-ba68-c859c16cd126",
    "storage_id": "66fd663e-2150-4306-958e-7014007cac52",
    "path": "a071981_glenview annual technical report 2005_12265859-01.jpg",
    "width": 1700,
    "height": 2200,
    "file_name": "a071981_glenview annual technical report 2005_12265859-01.jpg",
    "metadata": {},
    "date_captured": "2023-09-20T05:46:12.420Z"
  },
  {
    "id": 2,
    "datatorch_id": "e12414ca-897e-46f1-8508-7bec3cd752c3",
    "storage_id": "66fd663e-2150-4306-958e-7014007cac52",
    "path": "a071981_glenview annual technical report 2005_12265859-13.jpg",
    "width": 1700,
    "height": 2200,
    "file_name": "a071981_glenview annual technical report 2005_12265859-13.jpg",
    "metadata": {},
    "date_captured": "2023-09-20T05:46:12.436Z"
  },
  {
    "id": 3,
    "datatorch_id": "6bad9ac6-f890-4ece-9906-5ac431589df5",
    "storage_id": "66fd663e-2150-4306-958e-7014007cac52",
    "path": "a071981_glenview annual technical report 2005_12265859-08.jpg",
    "width": 2339,
    "height": 1653,
    "file_name": "a071981_glenview annual technical report 2005_12265859-08.jpg",
    "metadata": {},
    "date_captured": "2023-09-20T05:46:12.702Z"
  },
  {
    "id": 4,
    "datatorch_id": "7aec846f-cf5e-46f1-a7b5-ddd095fb4323",
    "storage_id": "66fd663e-2150-4306-958e-7014007cac52",
    "path": "a071981_glenview annual technical report 2005_12265859-02.jpg",
    "width": 1700,
    "height": 2200,
    "file_name": "a071981_glenview annual technical report 2005_12265859-02.jpg",
    "metadata": {},
    "date_captured": "2023-09-20T05:46:12.577Z"
  },
  {
    "id": 5,
    "datatorch_id": "8d3e31ea-0bc1-45c4-8255-0623684b90ca",
    "storage_id": "66fd663e-2150-4306-958e-7014007cac52",
    "path": "a071981_glenview annual technical report 2005_12265859-12.jpg",
    "width": 1700,
    "height": 2200,
    "file_name": "a071981_glenview annual technical report 2005_12265859-12.jpg",
    "metadata": {},
    "date_captured": "2023-09-20T05:46:12.748Z"
  },
  {
    "id": 6,
    "datatorch_id": "92174b62-7206-457e-aa4b-b1153252b696",
    "storage_id": "66fd663e-2150-4306-958e-7014007cac52",
    "path": "a071981_glenview annual technical report 2005_12265859-09.jpg",
    "width": 9127,
    "height": 5843,
    "file_name": "a071981_glenview annual technical report 2005_12265859-09.jpg",
    "metadata": {},
    "date_captured": "2023-09-20T05:46:14.795Z"
  },
  {
    "id": 7,
    "datatorch_id": "88e12ef7-c34e-4349-8168-61934138c489",
    "storage_id": "66fd663e-2150-4306-958e-7014007cac52",
    "path": "a071981_glenview annual technical report 2005_12265859-04.jpg",
    "width": 1700,
    "height": 2200,
    "file_name": "a071981_glenview annual technical report 2005_12265859-04.jpg",
    "metadata": {},
    "date_captured": "2023-09-20T05:46:12.717Z"
  },
  {
    "id": 8,
    "datatorch_id": "fa1b21da-d775-4b37-8176-ef1ae587ebb0",
    "storage_id": "66fd663e-2150-4306-958e-7014007cac52",
    "path": "a071981_glenview annual technical report 2005_12265859-07.jpg",
    "width": 2200,
    "height": 1700,
    "file_name": "a071981_glenview annual technical report 2005_12265859-07.jpg",
    "metadata": {},
    "date_captured": "2023-09-20T05:46:12.733Z"
  },
  {
    "id": 9,
    "datatorch_id": "c43f2e09-2bf9-47c3-8eec-475a2cce5825",
    "storage_id": "66fd663e-2150-4306-958e-7014007cac52",
    "path": "a071981_glenview annual technical report 2005_12265859-03.jpg",
    "width": 1700,
    "height": 2200,
    "file_name": "a071981_glenview annual technical report 2005_12265859-03.jpg",
    "metadata": {},
    "date_captured": "2023-09-20T05:46:12.795Z"
  },
  {
    "id": 10,
    "datatorch_id": "5d6c0d24-f7a3-44a8-b988-1cb9f382b02a",
    "storage_id": "66fd663e-2150-4306-958e-7014007cac52",
    "path": "a071981_glenview annual technical report 2005_12265859-06.jpg",
    "width": 1700,
    "height": 2200,
    "file_name": "a071981_glenview annual technical report 2005_12265859-06.jpg",
    "metadata": {},
    "date_captured": "2023-09-20T05:46:12.873Z"
  },
  {
    "id": 11,
    "datatorch_id": "9223d0c3-f466-4d83-986a-32da52b09bf1",
    "storage_id": "66fd663e-2150-4306-958e-7014007cac52",
    "path": "a071981_glenview annual technical report 2005_12265859-05.jpg",
    "width": 1700,
    "height": 2200,
    "file_name": "a071981_glenview annual technical report 2005_12265859-05.jpg",
    "metadata": {},
    "date_captured": "2023-09-20T05:46:12.967Z"
  },
  {
    "id": 12,
    "datatorch_id": "a5af53b3-ef29-4b29-ab1c-8e347d7188e9",
    "storage_id": "66fd663e-2150-4306-958e-7014007cac52",
    "path": "a071981_glenview annual technical report 2005_12265859-10.jpg",
    "width": 1700,
    "height": 2200,
    "file_name": "a071981_glenview annual technical report 2005_12265859-10.jpg",
    "metadata": {},
    "date_captured": "2023-09-20T05:46:12.983Z"
  },
  {
    "id": 13,
    "datatorch_id": "9be4a749-9c91-4641-bac9-1912f860e3b1",
    "storage_id": "66fd663e-2150-4306-958e-7014007cac52",
    "path": "a071981_glenview annual technical report 2005_12265859-11.jpg",
    "width": 1700,
    "height": 2200,
    "file_name": "a071981_glenview annual technical report 2005_12265859-11.jpg",
    "metadata": {},
    "date_captured": "2023-09-20T05:46:13.014Z"
  },
  {
    "id": 14,
    "datatorch_id": "efe9d5b4-97e8-418f-8e83-6324c362a1fb",
    "storage_id": "66fd663e-2150-4306-958e-7014007cac52",
    "path": "a071981_glenview annual technical report 2005_12265859-14.jpg",
    "width": 1700,
    "height": 2200,
    "file_name": "a071981_glenview annual technical report 2005_12265859-14.jpg",
    "metadata": {},
    "date_captured": "2023-09-20T05:46:12.530Z"
  }
],"annotations": [
{"id":1,"datatorch_id":"05605f8c-e19b-43e0-8735-aa6af909e6e2","image_id":13,"category_id":18,"segmentation":[[282.14358535996,540.424407058372,1625.56614175094,540.424407058372,1625.56614175094,1623.022903298972,282.14358535996,1623.022903298972]],"area":1454387.24,"bbox":[282.14358535996,540.424407058372,1343.42255639098,1082.5984962406],"iscrowd":0,"metadata":{}},
{"id":2,"datatorch_id":"08c456ae-245e-4075-a431-87f828d9016f","image_id":10,"category_id":18,"segmentation":[[285.021780848682,1477.04545968995,1685.611254532892,1477.04545968995,1685.611254532892,2012.98530931401,285.021780848682,2012.98530931401]],"area":750631.71,"bbox":[285.021780848682,1477.04545968995,1400.58947368421,535.93984962406],"iscrowd":0,"metadata":{}},
{"id":3,"datatorch_id":"0950c48d-e1a0-40e9-a26f-16c50c35f6b3","image_id":12,"category_id":14,"segmentation":[[269.539074081765,778.901098787695,780.468397390036,778.901098787695,780.468397390036,878.943204050853,269.539074081765,878.943204050853]],"area":51114.45,"bbox":[269.539074081765,778.901098787695,510.929323308271,100.042105263158],"iscrowd":0,"metadata":{}},
{"id":4,"datatorch_id":"10f77961-7fed-4025-b6aa-54ea483c04fe","image_id":11,"category_id":17,"segmentation":[[263.336066562968,591.305610065891,590.854863555449,591.305610065891,590.854863555449,635.9672642012292,263.336066562968,635.9672642012292]],"area":14627.53,"bbox":[263.336066562968,591.305610065891,327.518796992481,44.6616541353383],"iscrowd":0,"metadata":{}},
{"id":5,"datatorch_id":"112e5573-f742-41a9-b46d-4091900674a8","image_id":12,"category_id":14,"segmentation":[[273.112006412593,1039.72515893807,916.239825961465,1039.72515893807,916.239825961465,1096.8920762313032,273.112006412593,1096.8920762313032]],"area":36765.63,"bbox":[273.112006412593,1039.72515893807,643.127819548872,57.1669172932332],"iscrowd":0,"metadata":{}},
{"id":6,"datatorch_id":"1ac87827-6246-4619-ae19-3e06747d2baf","image_id":2,"category_id":1,"segmentation":[[209.758622953946,169.021399539575,1485.295465059206,169.021399539575,1485.295465059206,594.2003469079959,209.758622953946,594.2003469079959]],"area":542331.41,"bbox":[209.758622953946,169.021399539575,1275.53684210526,425.178947368421],"iscrowd":0,"metadata":{}},
{"id":7,"datatorch_id":"23fb1ed9-6ed2-42c8-90c4-6668c272c25e","image_id":11,"category_id":5,"segmentation":[[269.290953781013,251.877038637319,447.937570322366,251.877038637319,447.937570322366,332.268016080928,269.290953781013,332.268016080928]],"area":14361.58,"bbox":[269.290953781013,251.877038637319,178.646616541353,80.390977443609],"iscrowd":0,"metadata":{}},
{"id":8,"datatorch_id":"2fb2a789-bef7-4ec2-a484-a9e7f5b5ce25","image_id":13,"category_id":14,"segmentation":[[260.705991374998,454.674031118522,793.072908668231,454.674031118522,793.072908668231,540.4244070583716,260.705991374998,540.4244070583716]],"area":45650.66,"bbox":[260.705991374998,454.674031118522,532.366917293233,85.7503759398495],"iscrowd":0,"metadata":{}},
{"id":9,"datatorch_id":"3a3205ac-1664-4031-a467-fa5b39973ef7","image_id":11,"category_id":18,"segmentation":[[280.605239495299,738.391324351605,1652.611254532889,738.391324351605,1652.611254532889,1188.580798035815,280.605239495299,1188.580798035815]],"area":617662.67,"bbox":[280.605239495299,738.391324351605,1372.00601503759,450.18947368421],"iscrowd":0,"metadata":{}},
{"id":10,"datatorch_id":"42b63a8b-e4fd-4f3a-a224-108e7f837a68","image_id":11,"category_id":14,"segmentation":[[263.336066562968,635.967264201229,799.2759161870281,635.967264201229,799.2759161870281,738.391324351605,263.336066562968,738.391324351605]],"area":54893.14,"bbox":[263.336066562968,635.967264201229,535.93984962406,102.424060150376],"iscrowd":0,"metadata":{}},
{"id":11,"datatorch_id":"46ab2a4b-15c7-4c60-9d63-beb6f1b06510","image_id":5,"category_id":18,"segmentation":[[282.689450021615,204.816888261379,1515.351104156955,204.816888261379,1515.351104156955,797.9236551786721,282.689450021615,797.9236551786721]],"area":731099.97,"bbox":[282.689450021615,204.816888261379,1232.66165413534,593.106766917293],"iscrowd":0,"metadata":{}},
{"id":12,"datatorch_id":"485c51a2-10f5-4734-abf5-e1a7850bc556","image_id":5,"category_id":17,"segmentation":[[271.970653029133,136.931173975665,1161.630803405073,136.931173975665,1161.630803405073,204.81688826137918,271.970653029133,204.81688826137918]],"area":60395.21,"bbox":[271.970653029133,136.931173975665,889.66015037594,67.8857142857142],"iscrowd":0,"metadata":{}},
{"id":13,"datatorch_id":"4f588a64-2723-4b6f-a313-91848905b77c","image_id":7,"category_id":18,"segmentation":[[273.492457540412,483.075534877921,1601.432307164472,483.075534877921,1601.432307164472,596.218392020778,273.492457540412,596.218392020778]],"area":150246.91,"bbox":[273.492457540412,483.075534877921,1327.93984962406,113.142857142857],"iscrowd":0,"metadata":{}},
{"id":14,"datatorch_id":"50214fa1-c590-466b-95d0-695970f8b98f","image_id":12,"category_id":17,"segmentation":[[269.539074081765,721.734181494462,1137.7616304727421,721.734181494462,1137.7616304727421,778.901098787695,269.539074081765,778.901098787695]],"area":49633.61,"bbox":[269.539074081765,721.734181494462,868.222556390977,57.166917293233],"iscrowd":0,"metadata":{}},
{"id":15,"datatorch_id":"52591d79-acf6-49a9-96cd-1e12dacd22fa","image_id":13,"category_id":18,"segmentation":[[242.841329720863,1748.07553487792,1511.232307164473,1748.07553487792,1511.232307164473,1969.5973393891982,242.841329720863,1969.5973393891982]],"area":280976.26,"bbox":[242.841329720863,1748.07553487792,1268.39097744361,221.521804511278],"iscrowd":0,"metadata":{}},
{"id":16,"datatorch_id":"5c797c44-c4f3-4c74-abd6-523aee96d22d","image_id":7,"category_id":8,"segmentation":[[276.469901149434,697.451474727545,1306.665389871234,697.451474727545,1306.665389871234,1968.819895780175,276.469901149434,1968.819895780175]],"area":1309758.01,"bbox":[276.469901149434,697.451474727545,1030.1954887218,1271.36842105263],"iscrowd":0,"metadata":{}},
{"id":17,"datatorch_id":"5de4564f-7016-43e8-be41-616efe6a8de6","image_id":7,"category_id":17,"segmentation":[[267.537570322366,375.887564953109,895.7781718261249,375.887564953109,895.7781718261249,483.075534877921,267.537570322366,483.075534877921]],"area":67339.83,"bbox":[267.537570322366,375.887564953109,628.240601503759,107.187969924812],"iscrowd":0,"metadata":{}},
{"id":18,"datatorch_id":"6a374a73-3bf9-4e73-9eab-903e86da352f","image_id":11,"category_id":18,"segmentation":[[287.751104156953,1267.18530931401,1599.017269570483,1267.18530931401,1599.017269570483,1953.188316832807,287.751104156953,1953.188316832807]],"area":899532.53,"bbox":[287.751104156953,1267.18530931401,1311.26616541353,686.003007518797],"iscrowd":0,"metadata":{}},
{"id":19,"datatorch_id":"7d47ac5c-e408-4b01-a506-6a1e6b5459ec","image_id":12,"category_id":5,"segmentation":[[258.820277089284,1182.64245217115,580.3841868637201,1182.64245217115,580.3841868637201,1257.6740311185183,258.820277089284,1257.6740311185183]],"area":24127.45,"bbox":[258.820277089284,1182.64245217115,321.563909774436,75.0315789473684],"iscrowd":0,"metadata":{}},
{"id":20,"datatorch_id":"804fcc1b-a57f-4f77-87e5-3f34ce95e9dd","image_id":9,"category_id":15,"segmentation":[[193.445540247179,209.862001043334,1556.876517690789,209.862001043334,1556.876517690789,1440.379895780174,193.445540247179,1440.379895780174]],"area":1677726.22,"bbox":[193.445540247179,209.862001043334,1363.43097744361,1230.51789473684],"iscrowd":0,"metadata":{}},
{"id":21,"datatorch_id":"80aac064-b182-45c1-adb5-866331212669","image_id":4,"category_id":3,"segmentation":[[200.048848517855,1511.68305367491,739.5616304727421,1511.68305367491,739.5616304727421,1672.465008562128,200.048848517855,1672.465008562128]],"area":86743.92,"bbox":[200.048848517855,1511.68305367491,539.512781954887,160.781954887218],"iscrowd":0,"metadata":{}},
{"id":22,"datatorch_id":"82d80908-7e80-43f0-a117-46b9d654cb7f","image_id":12,"category_id":18,"segmentation":[[273.112006412592,1511.35222660724,1648.690953781012,1511.35222660724,1648.690953781012,2040.1462115696459,273.112006412592,2040.1462115696459]],"area":727397.87,"bbox":[273.112006412592,1511.35222660724,1375.57894736842,528.793984962406],"iscrowd":0,"metadata":{}},
{"id":23,"datatorch_id":"88af780f-5c6a-4b75-9549-88754f7f816d","image_id":4,"category_id":11,"segmentation":[[178.611254532893,118.239444652357,1668.5240364877832,118.239444652357,1668.5240364877832,868.555234126041,178.611254532893,868.555234126041]],"area":1117905.09,"bbox":[178.611254532893,118.239444652357,1489.91278195489,750.315789473684],"iscrowd":0,"metadata":{}},
{"id":24,"datatorch_id":"8b505ae3-997a-4cb5-ab90-bc0eb10a1010","image_id":3,"category_id":8,"segmentation":[[86.782451628816,129.864876846396,2290.671663789866,129.864876846396,2290.671663789866,1540.672799278606,86.782451628816,1540.672799278606]],"area":3109264.36,"bbox":[86.782451628816,129.864876846396,2203.88921216105,1410.80792243221],"iscrowd":0,"metadata":{}},
{"id":25,"datatorch_id":"8cd9064b-55b3-477b-b356-48e5e39b5364","image_id":6,"category_id":8,"segmentation":[[11.9032620786977,93.0696613983544,9062.671438249608,93.0696613983544,9062.671438249608,5800.341002729495,11.9032620786977,5800.341002729495]],"area":51655189.83,"bbox":[11.9032620786977,93.0696613983544,9050.76817617091,5707.27134133114],"iscrowd":0,"metadata":{}},
{"id":26,"datatorch_id":"8dbc3bbe-3a1c-4853-9e0c-6f9e8ac15983","image_id":4,"category_id":10,"segmentation":[[239.351104156953,1029.33718901326,1382.6894500216129,1029.33718901326,1382.6894500216129,1315.171775479425,239.351104156953,1315.171775479425]],"area":326805.64,"bbox":[239.351104156953,1029.33718901326,1143.33834586466,285.834586466165],"iscrowd":0,"metadata":{}},
{"id":27,"datatorch_id":"91550574-0f14-4ba0-91e1-b5a0cabbe345","image_id":1,"category_id":22,"segmentation":[[332.363134232141,323.980798035815,1443.545089119361,323.980798035815,1443.545089119361,1724.570271720025,332.363134232141,1724.570271720025]],"area":1556309.75,"bbox":[332.363134232141,323.980798035815,1111.18195488722,1400.58947368421],"iscrowd":0,"metadata":{}},
{"id":28,"datatorch_id":"95a1ec5e-d465-4cd4-b744-92fc0724b68a","image_id":11,"category_id":6,"segmentation":[[287.155615435149,332.268016080928,1367.967645510339,332.268016080928,1367.967645510339,540.689068712507,287.155615435149,540.689068712507]],"area":225263.98,"bbox":[287.155615435149,332.268016080928,1080.81203007519,208.421052631579],"iscrowd":0,"metadata":{}},
{"id":29,"datatorch_id":"9efa0c30-fbac-4438-99e7-8a9e07465aa5","image_id":10,"category_id":8,"segmentation":[[263.58418686372,272.967264201229,1306.8804274652198,272.967264201229,1306.8804274652198,1477.045459689949,263.58418686372,1477.045459689949]],"area":1256210.25,"bbox":[263.58418686372,272.967264201229,1043.2962406015,1204.07819548872],"iscrowd":0,"metadata":{}},
{"id":30,"datatorch_id":"a6f10d42-7f80-4372-ac1c-7bafc8cc874c","image_id":13,"category_id":18,"segmentation":[[267.851856036652,147.401850667394,1579.118021450182,147.401850667394,1579.118021450182,401.080046156116,267.851856036652,401.080046156116]],"area":332639.63,"bbox":[267.851856036652,147.401850667394,1311.26616541353,253.678195488722],"iscrowd":0,"metadata":{}},
{"id":31,"datatorch_id":"a9757b30-ff01-4e6f-b7e1-45a7652f500f","image_id":8,"category_id":8,"segmentation":[[11.6937837493822,80.6805991044435,2125.8456982933426,80.6805991044435,2125.8456982933426,1512.6061866147134,11.6937837493822,1512.6061866147134]],"area":3027308.22,"bbox":[11.6937837493822,80.6805991044435,2114.15191454396,1431.92558751027],"iscrowd":0,"metadata":{}},
{"id":32,"datatorch_id":"b33289c5-b1ed-4033-99e6-e15967441ecc","image_id":12,"category_id":18,"segmentation":[[294.549600397555,1096.8920762313,1344.991705660715,1096.8920762313,1344.991705660715,1168.3507228478413,294.549600397555,1168.3507228478413]],"area":75063.17,"bbox":[294.549600397555,1096.8920762313,1050.44210526316,71.4586466165413],"iscrowd":0,"metadata":{}},
{"id":33,"datatorch_id":"b549ffd3-26a6-49ce-9ee0-7de425f7e6de","image_id":4,"category_id":20,"segmentation":[[200.048848517855,1672.46500856213,996.8127582922909,1672.46500856213,996.8127582922909,1840.392828111002,200.048848517855,1840.392828111002]],"area":133798.83,"bbox":[200.048848517855,1672.46500856213,796.763909774436,167.927819548872],"iscrowd":0,"metadata":{}},
{"id":34,"datatorch_id":"b5dd2d74-9c92-467a-9c04-8d8f4a0710db","image_id":7,"category_id":17,"segmentation":[[267.537570322366,182.353730366643,779.657871074246,182.353730366643,779.657871074246,227.0153845019813,267.537570322366,227.0153845019813]],"area":22872.14,"bbox":[267.537570322366,182.353730366643,512.12030075188,44.6616541353383],"iscrowd":0,"metadata":{}},
{"id":35,"datatorch_id":"b75dfc2d-a719-48b8-9fd0-536c5e218b91","image_id":14,"category_id":20,"segmentation":[[518.139074081765,746.579294276417,1299.718021450186,746.579294276417,1299.718021450186,1033.985309314011,518.139074081765,1033.985309314011]],"area":224630.49,"bbox":[518.139074081765,746.579294276417,781.578947368421,287.406015037594],"iscrowd":0,"metadata":{}},
{"id":36,"datatorch_id":"c28ffb45-6f70-41a1-b09e-eec30087522c","image_id":11,"category_id":14,"segmentation":[[280.605239495299,1177.86200104333,745.681931224623,1177.86200104333,745.681931224623,1267.1853093140062,280.605239495299,1267.1853093140062]],"area":41542.19,"bbox":[280.605239495299,1177.86200104333,465.076691729324,89.3233082706761],"iscrowd":0,"metadata":{}},
{"id":37,"datatorch_id":"c660d005-0364-4922-9744-005d38ea087b","image_id":10,"category_id":7,"segmentation":[[270.730051525374,208.654482246342,1506.964637991544,208.654482246342,1506.964637991544,272.9672642012292,270.730051525374,272.9672642012292]],"area":79505.69,"bbox":[270.730051525374,208.654482246342,1236.23458646617,64.3127819548872],"iscrowd":0,"metadata":{}},
{"id":38,"datatorch_id":"cacacd1d-4404-4962-999e-7cfc7e6668f9","image_id":12,"category_id":6,"segmentation":[[258.820277089284,1257.67403111852,1395.012758292294,1257.67403111852,1395.012758292294,1511.3522266072418,258.820277089284,1511.3522266072418]],"area":288227.26,"bbox":[258.820277089284,1257.67403111852,1136.19248120301,253.678195488722],"iscrowd":0,"metadata":{}},
{"id":39,"datatorch_id":"ce390e9f-b2a8-4c66-964b-418bcc1c63e0","image_id":13,"category_id":14,"segmentation":[[239.268397390036,1648.03342961476,785.927044006577,1648.03342961476,785.927044006577,1748.075534877918,239.268397390036,1748.075534877918]],"area":54688.88,"bbox":[239.268397390036,1648.03342961476,546.658646616541,100.042105263158],"iscrowd":0,"metadata":{}},
{"id":40,"datatorch_id":"d1f8d30d-61dd-403c-bc26-dbb9b6bbc437","image_id":12,"category_id":18,"segmentation":[[226.66388611184,160.783805554613,1595.0969688186099,160.783805554613,1595.0969688186099,668.140196532056,226.66388611184,668.140196532056]],"area":694283.27,"bbox":[226.66388611184,160.783805554613,1368.43308270677,507.356390977443],"iscrowd":0,"metadata":{}},
{"id":41,"datatorch_id":"e1600477-8aef-4a79-94e5-88e95f318a2e","image_id":4,"category_id":9,"segmentation":[[239.351104156953,1315.17177547942,861.0413297208629,1315.17177547942,861.0413297208629,1497.3913243516,239.351104156953,1497.3913243516]],"area":113284.11,"bbox":[239.351104156953,1315.17177547942,621.69022556391,182.21954887218],"iscrowd":0,"metadata":{}},
{"id":42,"datatorch_id":"e54a5345-943c-4ade-9924-eee9bc44b95a","image_id":12,"category_id":18,"segmentation":[[237.382683104322,878.943204050853,1562.940577841162,878.943204050853,1562.940577841162,1039.725158938071,237.382683104322,1039.725158938071]],"area":213125.79,"bbox":[237.382683104322,878.943204050853,1325.55789473684,160.781954887218],"iscrowd":0,"metadata":{}},
{"id":43,"datatorch_id":"ea706d7e-22dd-43be-9104-04b332014aef","image_id":11,"category_id":17,"segmentation":[[269.290953781013,204.237940892958,683.155615435148,204.237940892958,683.155615435148,251.8770386373189,269.290953781013,251.8770386373189]],"area":19716.14,"bbox":[269.290953781013,204.237940892958,413.864661654135,47.6390977443609],"iscrowd":0,"metadata":{}},
{"id":44,"datatorch_id":"f624f329-66c5-4870-a280-144b5a231d95","image_id":7,"category_id":7,"segmentation":[[288.379675585525,596.218392020778,1139.928547765976,596.218392020778,1139.928547765976,697.451474727545,288.379675585525,697.451474727545]],"area":86204.92,"bbox":[288.379675585525,596.218392020778,851.548872180451,101.233082706767],"iscrowd":0,"metadata":{}},
{"id":45,"datatorch_id":"fb1e3b1d-9e22-4374-9ef4-63738ae0373c","image_id":7,"category_id":18,"segmentation":[[267.537570322366,262.744707810252,1473.402231976506,262.744707810252,1473.402231976506,375.887564953109,267.537570322366,375.887564953109]],"area":136434.97,"bbox":[267.537570322366,262.744707810252,1205.86466165414,113.142857142857],"iscrowd":0,"metadata":{}}
]}