{"info": {"year":2023,"version":"0.1.0","description":"","url":"","date_created":1695182141984},"categories": [
  {
    "id": 1,
    "datatorch_id": "efdc34be-7bc8-40e6-a7ac-743c961d5b0e",
    "name": "other",
    "supercategory": null
  },
  {
    "id": 2,
    "datatorch_id": "98245cc4-3f97-4a16-8793-42b1f206b1ae",
    "name": "form",
    "supercategory": null
  },
  {
    "id": 3,
    "datatorch_id": "bac47c6d-1482-4149-b2f4-48ae401b6fce",
    "name": "report_title",
    "supercategory": null
  },
  {
    "id": 4,
    "datatorch_id": "f67b4326-b7f3-4891-a799-9e158f3f29a3",
    "name": "references",
    "supercategory": null
  },
  {
    "id": 5,
    "datatorch_id": "28540ac5-369f-447d-8dc0-6c623bdeded1",
    "name": "appendix_list",
    "supercategory": null
  },
  {
    "id": 6,
    "datatorch_id": "432d43ae-9402-465b-8bfa-08b71e3f6e70",
    "name": "list",
    "supercategory": null
  },
  {
    "id": 7,
    "datatorch_id": "866cde06-4b95-4b78-9e9d-615eb63f3b30",
    "name": "form_body",
    "supercategory": null
  },
  {
    "id": 8,
    "datatorch_id": "5c08d4fb-994f-42f5-8a08-eff81cd89470",
    "name": "form_title",
    "supercategory": null
  },
  {
    "id": 9,
    "datatorch_id": "7b220ed9-4839-4860-913e-e54f2b08ed1e",
    "name": "cross",
    "supercategory": null
  },
  {
    "id": 10,
    "datatorch_id": "bedfd226-54a1-411d-88c2-e513cc41e676",
    "name": "table_caption",
    "supercategory": null
  },
  {
    "id": 11,
    "datatorch_id": "3a69775c-e544-484e-9882-ad16eb2d72de",
    "name": "table",
    "supercategory": null
  },
  {
    "id": 12,
    "datatorch_id": "c5dfcaed-726f-42cd-8d24-72c5d6ed4f33",
    "name": "figure_caption",
    "supercategory": null
  },
  {
    "id": 13,
    "datatorch_id": "3f471323-e8c5-4b39-989f-cf5be1aec0f9",
    "name": "figure",
    "supercategory": null
  },
  {
    "id": 14,
    "datatorch_id": "99fb551f-c3d7-44ee-bfe4-335664818c3a",
    "name": "list_of_tables",
    "supercategory": null
  },
  {
    "id": 15,
    "datatorch_id": "d21d3657-a407-44b4-95f4-2f3d6302b266",
    "name": "list_of_figures",
    "supercategory": null
  },
  {
    "id": 16,
    "datatorch_id": "ee631f60-9883-4932-8f12-c50dd827cff1",
    "name": "table_of_contents",
    "supercategory": null
  },
  {
    "id": 17,
    "datatorch_id": "01396395-4edf-4a64-aee8-3045d83f9f59",
    "name": "subsubsubsubsection",
    "supercategory": null
  },
  {
    "id": 18,
    "datatorch_id": "60279c59-c020-4f1b-8221-132da3381de0",
    "name": "subsubsubsection",
    "supercategory": null
  },
  {
    "id": 19,
    "datatorch_id": "10a9f994-272f-449d-a0df-80b9119bc1d1",
    "name": "subsubsection",
    "supercategory": null
  },
  {
    "id": 20,
    "datatorch_id": "91510100-a731-4362-93ef-527524a170ce",
    "name": "subsubsection",
    "supercategory": null
  },
  {
    "id": 21,
    "datatorch_id": "b70e14c2-0849-4366-92ab-9a9a19a43234",
    "name": "subsection",
    "supercategory": null
  },
  {
    "id": 22,
    "datatorch_id": "553058cd-78a1-4549-bf72-7e47c9a279a7",
    "name": "summary",
    "supercategory": null
  },
  {
    "id": 23,
    "datatorch_id": "7ee54f92-1d68-40d6-9662-ee8721ea0609",
    "name": "abstract",
    "supercategory": null
  },
  {
    "id": 24,
    "datatorch_id": "e5aba03c-0aa5-4e2d-8318-1070c9c8cbbb",
    "name": "section",
    "supercategory": null
  },
  {
    "id": 25,
    "datatorch_id": "39ef7a9d-1162-4ae4-8624-f78005de7a54",
    "name": "paragraph",
    "supercategory": null
  },
  {
    "id": 26,
    "datatorch_id": "303bd345-80a9-4705-bb6e-cbb51b49d623",
    "name": "title",
    "supercategory": null
  }
],"images": [
  {
    "id": 1,
    "datatorch_id": "3688e0bd-686f-49ce-85c4-d75dee062df0",
    "storage_id": "379fb094-cabd-4982-968e-525c78f3db91",
    "path": "a072277_money-niagara atr_2005_12942412-09.jpg",
    "width": 1700,
    "height": 2200,
    "file_name": "a072277_money-niagara atr_2005_12942412-09.jpg",
    "metadata": {},
    "date_captured": "2023-09-17T15:21:52.767Z"
  },
  {
    "id": 2,
    "datatorch_id": "f6a80765-5e0f-453c-94a7-82a7f920f40d",
    "storage_id": "379fb094-cabd-4982-968e-525c78f3db91",
    "path": "a072277_money-niagara atr_2005_12942412-01.jpg",
    "width": 1700,
    "height": 2200,
    "file_name": "a072277_money-niagara atr_2005_12942412-01.jpg",
    "metadata": {},
    "date_captured": "2023-09-17T15:21:52.970Z"
  },
  {
    "id": 3,
    "datatorch_id": "ff8f6944-aa2d-4357-8fb8-a6476268a96c",
    "storage_id": "379fb094-cabd-4982-968e-525c78f3db91",
    "path": "a072277_money-niagara atr_2005_12942412-11.jpg",
    "width": 1700,
    "height": 2200,
    "file_name": "a072277_money-niagara atr_2005_12942412-11.jpg",
    "metadata": {},
    "date_captured": "2023-09-17T15:21:53.017Z"
  },
  {
    "id": 4,
    "datatorch_id": "592b6aee-b1d9-4a6d-9818-ada63214a19e",
    "storage_id": "379fb094-cabd-4982-968e-525c78f3db91",
    "path": "a072277_money-niagara atr_2005_12942412-06.jpg",
    "width": 1700,
    "height": 2200,
    "file_name": "a072277_money-niagara atr_2005_12942412-06.jpg",
    "metadata": {},
    "date_captured": "2023-09-17T15:21:53.064Z"
  },
  {
    "id": 5,
    "datatorch_id": "52262e36-d928-4fb0-9a30-c587f8014029",
    "storage_id": "379fb094-cabd-4982-968e-525c78f3db91",
    "path": "a072277_money-niagara atr_2005_12942412-08.jpg",
    "width": 1700,
    "height": 2200,
    "file_name": "a072277_money-niagara atr_2005_12942412-08.jpg",
    "metadata": {},
    "date_captured": "2023-09-17T15:21:53.080Z"
  },
  {
    "id": 6,
    "datatorch_id": "b50dea92-716f-4aa6-82cd-80b81faf8d97",
    "storage_id": "379fb094-cabd-4982-968e-525c78f3db91",
    "path": "a072277_money-niagara atr_2005_12942412-04.jpg",
    "width": 1700,
    "height": 2200,
    "file_name": "a072277_money-niagara atr_2005_12942412-04.jpg",
    "metadata": {},
    "date_captured": "2023-09-17T15:21:53.220Z"
  },
  {
    "id": 7,
    "datatorch_id": "ebdd6aed-367b-4432-a5f0-f3161f4e92e2",
    "storage_id": "379fb094-cabd-4982-968e-525c78f3db91",
    "path": "a072277_money-niagara atr_2005_12942412-02.jpg",
    "width": 1700,
    "height": 2200,
    "file_name": "a072277_money-niagara atr_2005_12942412-02.jpg",
    "metadata": {},
    "date_captured": "2023-09-17T15:21:53.251Z"
  },
  {
    "id": 8,
    "datatorch_id": "3c847331-1b54-45b9-a040-958745ff78ee",
    "storage_id": "379fb094-cabd-4982-968e-525c78f3db91",
    "path": "a072277_money-niagara atr_2005_12942412-10.jpg",
    "width": 1700,
    "height": 2200,
    "file_name": "a072277_money-niagara atr_2005_12942412-10.jpg",
    "metadata": {},
    "date_captured": "2023-09-17T15:21:52.970Z"
  },
  {
    "id": 9,
    "datatorch_id": "abd9e05f-ad85-40f8-804f-2edddfb67510",
    "storage_id": "379fb094-cabd-4982-968e-525c78f3db91",
    "path": "a072277_money-niagara atr_2005_12942412-05.jpg",
    "width": 1700,
    "height": 2200,
    "file_name": "a072277_money-niagara atr_2005_12942412-05.jpg",
    "metadata": {},
    "date_captured": "2023-09-17T15:21:53.251Z"
  },
  {
    "id": 10,
    "datatorch_id": "b1939dfa-020d-489a-8403-bd75e2b2694e",
    "storage_id": "379fb094-cabd-4982-968e-525c78f3db91",
    "path": "a072277_money-niagara atr_2005_12942412-07.jpg",
    "width": 1700,
    "height": 2200,
    "file_name": "a072277_money-niagara atr_2005_12942412-07.jpg",
    "metadata": {},
    "date_captured": "2023-09-17T15:21:53.236Z"
  },
  {
    "id": 11,
    "datatorch_id": "fd089524-20e2-44af-bd7f-7f8b02ed695d",
    "storage_id": "379fb094-cabd-4982-968e-525c78f3db91",
    "path": "a072277_money-niagara atr_2005_12942412-03.jpg",
    "width": 1700,
    "height": 2200,
    "file_name": "a072277_money-niagara atr_2005_12942412-03.jpg",
    "metadata": {},
    "date_captured": "2023-09-17T15:21:53.283Z"
  }
],"annotations": [
{"id":1,"datatorch_id":"03d96bb4-fa1e-4b54-81e0-0b9ba1509b79","image_id":4,"category_id":25,"segmentation":[[292.15441242763,239.553730366642,1450.87621693891,239.553730366642,1450.87621693891,343.764256682431,292.15441242763,343.764256682431]],"area":120751.01,"bbox":[292.15441242763,239.553730366642,1158.72180451128,104.210526315789],"iscrowd":0,"metadata":{}},
{"id":2,"datatorch_id":"044a5eb3-0f20-4f38-a44d-391def002d36","image_id":7,"category_id":25,"segmentation":[[290.36463799154,246.037940892958,1448.5902019013101,246.037940892958,1448.5902019013101,1017.1958356298,290.36463799154,1017.1958356298]],"area":893174.79,"bbox":[290.36463799154,246.037940892958,1158.22556390977,771.157894736842],"iscrowd":0,"metadata":{}},
{"id":3,"datatorch_id":"06fb75ef-0cf0-4130-a74d-1fcb1a8f8f04","image_id":10,"category_id":24,"segmentation":[[286.738773329886,187.398843148597,526.588397390037,187.398843148597,526.588397390037,263.9026025470933,286.738773329886,263.9026025470933]],"area":18349.4,"bbox":[286.738773329886,187.398843148597,239.849624060151,76.5037593984963],"iscrowd":0,"metadata":{}},
{"id":4,"datatorch_id":"09356b41-7894-4f55-a437-49d49f0bd511","image_id":9,"category_id":25,"segmentation":[[296.198221951439,288.025409564638,1543.457620447679,288.025409564638,1543.457620447679,892.11793253874,296.198221951439,892.11793253874]],"area":753460.08,"bbox":[296.198221951439,288.025409564638,1247.25939849624,604.092522974102],"iscrowd":0,"metadata":{}},
{"id":5,"datatorch_id":"186ad001-765f-4865-86c7-914bac2a4143","image_id":7,"category_id":25,"segmentation":[[296.898472578006,1114.62440705837,1365.883434984026,1114.62440705837,1365.883434984026,1563.308617584686,296.898472578006,1563.308617584686]],"area":479636.67,"bbox":[296.898472578006,1114.62440705837,1068.98496240602,448.684210526316],"iscrowd":0,"metadata":{}},
{"id":6,"datatorch_id":"1c900eb6-231a-4a11-9157-00c3b9f9114a","image_id":8,"category_id":16,"segmentation":[[170.357119194547,219.40636194559,1090.387194382517,219.40636194559,1090.387194382517,1056.068016080928,170.357119194547,1056.068016080928]],"area":769753.88,"bbox":[170.357119194547,219.40636194559,920.03007518797,836.661654135338],"iscrowd":0,"metadata":{}},
{"id":7,"datatorch_id":"2120b22f-df06-47e4-bb3d-19ba1990fefc","image_id":1,"category_id":5,"segmentation":[[195.896968818607,729.277038637319,624.648848517855,729.277038637319,624.648848517855,840.037940892958,195.896968818607,840.037940892958]],"area":47488.95,"bbox":[195.896968818607,729.277038637319,428.751879699248,110.760902255639],"iscrowd":0,"metadata":{}},
{"id":8,"datatorch_id":"25eb4546-e339-403f-976b-d18995544ecf","image_id":4,"category_id":13,"segmentation":[[310.793209420111,802.191324351605,1561.319525209581,802.191324351605,1561.319525209581,1609.674031118522,310.793209420111,1609.674031118522]],"area":1009778.37,"bbox":[310.793209420111,802.191324351605,1250.52631578947,807.482706766917],"iscrowd":0,"metadata":{}},
{"id":9,"datatorch_id":"2c880771-fb63-4b49-92dd-3d772cb75e90","image_id":4,"category_id":24,"segmentation":[[297.116818442668,177.523655178672,450.95140490883296,177.523655178672,450.95140490883296,209.77929427641638,297.116818442668,209.77929427641638]],"area":4962.03,"bbox":[297.116818442668,177.523655178672,153.834586466165,32.2556390977444],"iscrowd":0,"metadata":{}},
{"id":10,"datatorch_id":"2ea3e59a-ff80-4c94-95ce-90b70ccb4be0","image_id":3,"category_id":3,"segmentation":[[145.942081600562,123.846963449349,1603.698472578002,123.846963449349,1603.698472578002,1999.636437133559,145.942081600562,1999.636437133559]],"area":2734444.09,"bbox":[145.942081600562,123.846963449349,1457.75639097744,1875.78947368421],"iscrowd":0,"metadata":{}},
{"id":11,"datatorch_id":"3de5d992-c55a-4372-83a1-94328a1609aa","image_id":4,"category_id":10,"segmentation":[[699.071705660713,343.764256682431,1036.51531468327,343.764256682431,1036.51531468327,415.71914390047607,699.071705660713,415.71914390047607]],"area":24280.72,"bbox":[699.071705660713,343.764256682431,337.443609022557,71.9548872180451],"iscrowd":0,"metadata":{}},
{"id":12,"datatorch_id":"437eb509-e355-40ea-8029-be417b64f04f","image_id":10,"category_id":25,"segmentation":[[301.212457540413,263.902602547094,1401.212457540413,263.902602547094,1401.212457540413,756.007865704989,301.212457540413,756.007865704989]],"area":541315.79,"bbox":[301.212457540413,263.902602547094,1100,492.105263157895],"iscrowd":0,"metadata":{}},
{"id":13,"datatorch_id":"57713eab-7775-4225-9dec-964e3b51b529","image_id":1,"category_id":15,"segmentation":[[188.751104156953,168.32666269747,924.7751643073291,168.32666269747,924.7751643073291,439.869519840327,188.751104156953,439.869519840327]],"area":199862.08,"bbox":[188.751104156953,168.32666269747,736.024060150376,271.542857142857],"iscrowd":0,"metadata":{}},
{"id":14,"datatorch_id":"83a9d7f8-bbf7-4242-b5df-46efb0bd14f8","image_id":9,"category_id":24,"segmentation":[[344.048681433477,177.462544067562,530.713259545424,177.462544067562,530.713259545424,219.103103800227,344.048681433477,219.103103800227]],"area":7772.82,"bbox":[344.048681433477,177.462544067562,186.664578111947,41.640559732665],"iscrowd":0,"metadata":{}},
{"id":15,"datatorch_id":"94ee7792-6a91-425a-bb20-ea611c92d5a5","image_id":9,"category_id":21,"segmentation":[[287.318272076752,903.928918336567,754.266893630637,903.928918336567,754.266893630637,965.9589935245367,287.318272076752,965.9589935245367]],"area":28964.86,"bbox":[287.318272076752,903.928918336567,466.948621553885,62.0300751879697],"iscrowd":0,"metadata":{}},
{"id":16,"datatorch_id":"979a5738-7841-4081-857c-c2b4b8554420","image_id":10,"category_id":24,"segmentation":[[301.212457540413,756.007865704988,580.347795886278,756.007865704988,580.347795886278,828.3762867576196,301.212457540413,828.3762867576196]],"area":20200.58,"bbox":[301.212457540413,756.007865704988,279.135338345865,72.3684210526316],"iscrowd":0,"metadata":{}},
{"id":17,"datatorch_id":"9c610930-de47-4082-be00-94d680cef26d","image_id":4,"category_id":11,"segmentation":[[257.417570322367,415.719143900476,1470.725840999057,415.719143900476,1470.725840999057,755.643955930551,257.417570322367,755.643955930551]],"area":412433.59,"bbox":[257.417570322367,415.719143900476,1213.30827067669,339.924812030075],"iscrowd":0,"metadata":{}},
{"id":18,"datatorch_id":"a3a6c55a-1190-45f2-818a-1ff2ffb78cff","image_id":5,"category_id":22,"segmentation":[[773.951104156953,354.846963449349,963.316517690788,354.846963449349,963.316517690788,414.8920762313039,773.951104156953,414.8920762313039]],"area":11370.47,"bbox":[773.951104156953,354.846963449349,189.365413533835,60.0451127819549],"iscrowd":0,"metadata":{}},
{"id":19,"datatorch_id":"a6d04e69-8e5d-4d32-b506-c42edc092ea8","image_id":5,"category_id":1,"segmentation":[[648.648367314847,166.442271720026,1162.257389871238,166.442271720026,1162.257389871238,350.051294276417,648.648367314847,350.051294276417]],"area":94303.25,"bbox":[648.648367314847,166.442271720026,513.609022556391,183.609022556391],"iscrowd":0,"metadata":{}},
{"id":20,"datatorch_id":"af224da7-5d89-49f4-a1a1-e38fffd27bda","image_id":5,"category_id":22,"segmentation":[[254.453359796051,414.892076231304,1472.823284608081,414.892076231304,1472.823284608081,1093.749219088447,254.453359796051,1093.749219088447]],"area":827099.13,"bbox":[254.453359796051,414.892076231304,1218.36992481203,678.857142857143],"iscrowd":0,"metadata":{}},
{"id":21,"datatorch_id":"b3397f10-f596-4567-8e32-d1c27360c7ad","image_id":7,"category_id":24,"segmentation":[[278.620277089284,174.083053674913,820.5150139313889,174.083053674913,820.5150139313889,246.0379408929581,278.620277089284,246.0379408929581]],"area":38991.97,"bbox":[278.620277089284,174.083053674913,541.894736842105,71.9548872180451],"iscrowd":0,"metadata":{}},
{"id":22,"datatorch_id":"b59c9b5c-a918-412c-ac59-4887640158f2","image_id":6,"category_id":13,"segmentation":[[379.7044876156,202.451474727545,1551.62629212688,202.451474727545,1551.62629212688,1817.416888261375,379.7044876156,1817.416888261375]],"area":1892613.18,"bbox":[379.7044876156,202.451474727545,1171.92180451128,1614.96541353383],"iscrowd":0,"metadata":{}},
{"id":23,"datatorch_id":"ca49db32-caed-4748-9bd1-8c3428422c6d","image_id":10,"category_id":13,"segmentation":[[310.59471317951,1029.40335442679,1507.5270440065801,1029.40335442679,1507.5270440065801,1854.750722847842,310.59471317951,1854.750722847842]],"area":987884.95,"bbox":[310.59471317951,1029.40335442679,1196.93233082707,825.347368421052],"iscrowd":0,"metadata":{}},
{"id":24,"datatorch_id":"cf3d3834-001d-40be-b920-f1fe81257c6c","image_id":2,"category_id":4,"segmentation":[[217.648848517855,96.7026025470937,1521.769149269735,96.7026025470937,1521.769149269735,886.3206476598757,217.648848517855,886.3206476598757]],"area":1029756.92,"bbox":[217.648848517855,96.7026025470937,1304.12030075188,789.618045112782],"iscrowd":0,"metadata":{}},
{"id":25,"datatorch_id":"d19d0cad-0f55-4765-ab0d-3ccf5808c53c","image_id":7,"category_id":24,"segmentation":[[303.101480096803,1042.17327923882,774.530051525374,1042.17327923882,774.530051525374,1114.6244070583684,303.101480096803,1114.6244070583684]],"area":34155.53,"bbox":[303.101480096803,1042.17327923882,471.428571428571,72.4511278195484],"iscrowd":0,"metadata":{}},
{"id":26,"datatorch_id":"d9e4971e-828c-40b0-9620-4794be614692","image_id":10,"category_id":25,"segmentation":[[295.009450021616,828.37628675762,1388.806442502816,828.37628675762,1388.806442502816,985.519143900477,295.009450021616,985.519143900477]],"area":171882.38,"bbox":[295.009450021616,828.37628675762,1093.7969924812,157.142857142857],"iscrowd":0,"metadata":{}},
{"id":27,"datatorch_id":"e232fcea-f220-4457-8a20-f55d1f5d70f1","image_id":9,"category_id":21,"segmentation":[[296.198221951439,238.004356933059,599.8974700717399,238.004356933059,599.8974700717399,288.0254095646379,296.198221951439,288.0254095646379]],"area":15191.36,"bbox":[296.198221951439,238.004356933059,303.699248120301,50.0210526315789],"iscrowd":0,"metadata":{}},
{"id":28,"datatorch_id":"ea81b04e-8cfa-4886-94e9-a351928db813","image_id":1,"category_id":14,"segmentation":[[217.334562803569,539.911625103485,703.2533597960501,539.911625103485,703.2533597960501,682.828918336568,217.334562803569,682.828918336568]],"area":69446.2,"bbox":[217.334562803569,539.911625103485,485.918796992481,142.917293233083],"iscrowd":0,"metadata":{}},
{"id":29,"datatorch_id":"ec6261ad-f7d8-4ec2-9069-4e47afc87a6b","image_id":9,"category_id":25,"segmentation":[[287.318272076752,965.958993524537,1400.935481767642,965.958993524537,1400.935481767642,1416.6810068912891,287.318272076752,1416.6810068912891]],"area":501931.79,"bbox":[287.318272076752,965.958993524537,1113.61720969089,450.722013366752],"iscrowd":0,"metadata":{}},
{"id":30,"datatorch_id":"f8418964-0f83-41f9-b702-a9cb39639bec","image_id":11,"category_id":13,"segmentation":[[325.316517690788,239.818392020778,1515.102983856198,239.818392020778,1515.102983856198,1758.314632622278,325.316517690788,1758.314632622278]],"area":1806686.28,"bbox":[325.316517690788,239.818392020778,1189.78646616541,1518.4962406015],"iscrowd":0,"metadata":{}}
]}