{"info": {"year":2023,"version":"0.1.0","description":"","url":"","date_created":1695182232909},"categories": [
  {
    "id": 1,
    "datatorch_id": "efdc34be-7bc8-40e6-a7ac-743c961d5b0e",
    "name": "other",
    "supercategory": null
  },
  {
    "id": 2,
    "datatorch_id": "98245cc4-3f97-4a16-8793-42b1f206b1ae",
    "name": "form",
    "supercategory": null
  },
  {
    "id": 3,
    "datatorch_id": "bac47c6d-1482-4149-b2f4-48ae401b6fce",
    "name": "report_title",
    "supercategory": null
  },
  {
    "id": 4,
    "datatorch_id": "f67b4326-b7f3-4891-a799-9e158f3f29a3",
    "name": "references",
    "supercategory": null
  },
  {
    "id": 5,
    "datatorch_id": "28540ac5-369f-447d-8dc0-6c623bdeded1",
    "name": "appendix_list",
    "supercategory": null
  },
  {
    "id": 6,
    "datatorch_id": "432d43ae-9402-465b-8bfa-08b71e3f6e70",
    "name": "list",
    "supercategory": null
  },
  {
    "id": 7,
    "datatorch_id": "866cde06-4b95-4b78-9e9d-615eb63f3b30",
    "name": "form_body",
    "supercategory": null
  },
  {
    "id": 8,
    "datatorch_id": "5c08d4fb-994f-42f5-8a08-eff81cd89470",
    "name": "form_title",
    "supercategory": null
  },
  {
    "id": 9,
    "datatorch_id": "7b220ed9-4839-4860-913e-e54f2b08ed1e",
    "name": "cross",
    "supercategory": null
  },
  {
    "id": 10,
    "datatorch_id": "bedfd226-54a1-411d-88c2-e513cc41e676",
    "name": "table_caption",
    "supercategory": null
  },
  {
    "id": 11,
    "datatorch_id": "3a69775c-e544-484e-9882-ad16eb2d72de",
    "name": "table",
    "supercategory": null
  },
  {
    "id": 12,
    "datatorch_id": "c5dfcaed-726f-42cd-8d24-72c5d6ed4f33",
    "name": "figure_caption",
    "supercategory": null
  },
  {
    "id": 13,
    "datatorch_id": "3f471323-e8c5-4b39-989f-cf5be1aec0f9",
    "name": "figure",
    "supercategory": null
  },
  {
    "id": 14,
    "datatorch_id": "99fb551f-c3d7-44ee-bfe4-335664818c3a",
    "name": "list_of_tables",
    "supercategory": null
  },
  {
    "id": 15,
    "datatorch_id": "d21d3657-a407-44b4-95f4-2f3d6302b266",
    "name": "list_of_figures",
    "supercategory": null
  },
  {
    "id": 16,
    "datatorch_id": "ee631f60-9883-4932-8f12-c50dd827cff1",
    "name": "table_of_contents",
    "supercategory": null
  },
  {
    "id": 17,
    "datatorch_id": "01396395-4edf-4a64-aee8-3045d83f9f59",
    "name": "subsubsubsubsection",
    "supercategory": null
  },
  {
    "id": 18,
    "datatorch_id": "60279c59-c020-4f1b-8221-132da3381de0",
    "name": "subsubsubsection",
    "supercategory": null
  },
  {
    "id": 19,
    "datatorch_id": "10a9f994-272f-449d-a0df-80b9119bc1d1",
    "name": "subsubsection",
    "supercategory": null
  },
  {
    "id": 20,
    "datatorch_id": "91510100-a731-4362-93ef-527524a170ce",
    "name": "subsubsection",
    "supercategory": null
  },
  {
    "id": 21,
    "datatorch_id": "b70e14c2-0849-4366-92ab-9a9a19a43234",
    "name": "subsection",
    "supercategory": null
  },
  {
    "id": 22,
    "datatorch_id": "553058cd-78a1-4549-bf72-7e47c9a279a7",
    "name": "summary",
    "supercategory": null
  },
  {
    "id": 23,
    "datatorch_id": "7ee54f92-1d68-40d6-9662-ee8721ea0609",
    "name": "abstract",
    "supercategory": null
  },
  {
    "id": 24,
    "datatorch_id": "e5aba03c-0aa5-4e2d-8318-1070c9c8cbbb",
    "name": "section",
    "supercategory": null
  },
  {
    "id": 25,
    "datatorch_id": "39ef7a9d-1162-4ae4-8624-f78005de7a54",
    "name": "paragraph",
    "supercategory": null
  },
  {
    "id": 26,
    "datatorch_id": "303bd345-80a9-4705-bb6e-cbb51b49d623",
    "name": "title",
    "supercategory": null
  }
],"images": [
  {
    "id": 1,
    "datatorch_id": "14ef7aa6-c41a-4ad8-9301-218007dc7eb6",
    "storage_id": "379fb094-cabd-4982-968e-525c78f3db91",
    "path": "a072294_c268_1994_2006a_12967917-01.jpg",
    "width": 1700,
    "height": 2200,
    "file_name": "a072294_c268_1994_2006a_12967917-01.jpg",
    "metadata": {},
    "date_captured": "2023-09-18T04:36:37.361Z"
  },
  {
    "id": 2,
    "datatorch_id": "7277415c-0367-42e7-9b8d-7ad790ca7369",
    "storage_id": "379fb094-cabd-4982-968e-525c78f3db91",
    "path": "a072294_c268_1994_2006a_12967917-03.jpg",
    "width": 1700,
    "height": 2200,
    "file_name": "a072294_c268_1994_2006a_12967917-03.jpg",
    "metadata": {},
    "date_captured": "2023-09-18T04:36:37.611Z"
  },
  {
    "id": 3,
    "datatorch_id": "dff31dee-876c-4ade-8fa4-fd217d3c682a",
    "storage_id": "379fb094-cabd-4982-968e-525c78f3db91",
    "path": "a072294_c268_1994_2006a_12967917-05.jpg",
    "width": 1700,
    "height": 2200,
    "file_name": "a072294_c268_1994_2006a_12967917-05.jpg",
    "metadata": {},
    "date_captured": "2023-09-18T04:36:38.095Z"
  },
  {
    "id": 4,
    "datatorch_id": "3b200fc0-9c29-401c-a296-fbafedb4442a",
    "storage_id": "379fb094-cabd-4982-968e-525c78f3db91",
    "path": "a072294_c268_1994_2006a_12967917-07.jpg",
    "width": 1653,
    "height": 2339,
    "file_name": "a072294_c268_1994_2006a_12967917-07.jpg",
    "metadata": {},
    "date_captured": "2023-09-18T04:36:38.158Z"
  },
  {
    "id": 5,
    "datatorch_id": "e3da316f-2d2b-42ea-b54e-e8e9f75eb3f5",
    "storage_id": "379fb094-cabd-4982-968e-525c78f3db91",
    "path": "a072294_c268_1994_2006a_12967917-04.jpg",
    "width": 1700,
    "height": 2200,
    "file_name": "a072294_c268_1994_2006a_12967917-04.jpg",
    "metadata": {},
    "date_captured": "2023-09-18T04:36:37.392Z"
  },
  {
    "id": 6,
    "datatorch_id": "9f96e6e3-a91e-4691-8148-e1939baeccd5",
    "storage_id": "379fb094-cabd-4982-968e-525c78f3db91",
    "path": "a072294_c268_1994_2006a_12967917-02.jpg",
    "width": 1700,
    "height": 2200,
    "file_name": "a072294_c268_1994_2006a_12967917-02.jpg",
    "metadata": {},
    "date_captured": "2023-09-18T04:36:37.595Z"
  },
  {
    "id": 7,
    "datatorch_id": "d36ece46-283d-468f-89a9-fd22f2d26d4d",
    "storage_id": "379fb094-cabd-4982-968e-525c78f3db91",
    "path": "a072294_c268_1994_2006a_12967917-15.jpg",
    "width": 1700,
    "height": 2200,
    "file_name": "a072294_c268_1994_2006a_12967917-15.jpg",
    "metadata": {},
    "date_captured": "2023-09-18T04:36:38.189Z"
  },
  {
    "id": 8,
    "datatorch_id": "9a458034-3acf-4c75-854e-1b322bb1d741",
    "storage_id": "379fb094-cabd-4982-968e-525c78f3db91",
    "path": "a072294_c268_1994_2006a_12967917-10.jpg",
    "width": 1700,
    "height": 2200,
    "file_name": "a072294_c268_1994_2006a_12967917-10.jpg",
    "metadata": {},
    "date_captured": "2023-09-18T04:36:38.111Z"
  },
  {
    "id": 9,
    "datatorch_id": "e2bcdf8b-6a09-4c6b-8a3f-39aed5f7b12a",
    "storage_id": "379fb094-cabd-4982-968e-525c78f3db91",
    "path": "a072294_c268_1994_2006a_12967917-16.jpg",
    "width": 1700,
    "height": 2200,
    "file_name": "a072294_c268_1994_2006a_12967917-16.jpg",
    "metadata": {},
    "date_captured": "2023-09-18T04:36:38.174Z"
  },
  {
    "id": 10,
    "datatorch_id": "ddf9b78c-5c24-450a-b01d-0f6922976fbf",
    "storage_id": "379fb094-cabd-4982-968e-525c78f3db91",
    "path": "a072294_c268_1994_2006a_12967917-06.jpg",
    "width": 1700,
    "height": 2200,
    "file_name": "a072294_c268_1994_2006a_12967917-06.jpg",
    "metadata": {},
    "date_captured": "2023-09-18T04:36:38.189Z"
  },
  {
    "id": 11,
    "datatorch_id": "e3d2d94f-2f50-4c34-aa84-72d5ff066030",
    "storage_id": "379fb094-cabd-4982-968e-525c78f3db91",
    "path": "a072294_c268_1994_2006a_12967917-11.jpg",
    "width": 1700,
    "height": 2200,
    "file_name": "a072294_c268_1994_2006a_12967917-11.jpg",
    "metadata": {},
    "date_captured": "2023-09-18T04:36:38.330Z"
  },
  {
    "id": 12,
    "datatorch_id": "2e0f5ddf-0dd5-4d9e-bcb7-af561f1de021",
    "storage_id": "379fb094-cabd-4982-968e-525c78f3db91",
    "path": "a072294_c268_1994_2006a_12967917-08.jpg",
    "width": 1653,
    "height": 2339,
    "file_name": "a072294_c268_1994_2006a_12967917-08.jpg",
    "metadata": {},
    "date_captured": "2023-09-18T04:36:38.392Z"
  },
  {
    "id": 13,
    "datatorch_id": "9a12f61d-ea67-4f29-a77e-6b010413be87",
    "storage_id": "379fb094-cabd-4982-968e-525c78f3db91",
    "path": "a072294_c268_1994_2006a_12967917-12.jpg",
    "width": 1700,
    "height": 2200,
    "file_name": "a072294_c268_1994_2006a_12967917-12.jpg",
    "metadata": {},
    "date_captured": "2023-09-18T04:36:38.158Z"
  },
  {
    "id": 14,
    "datatorch_id": "72594cb7-fa64-4693-ac0a-58e62ca6e1b9",
    "storage_id": "379fb094-cabd-4982-968e-525c78f3db91",
    "path": "a072294_c268_1994_2006a_12967917-14.jpg",
    "width": 1700,
    "height": 2200,
    "file_name": "a072294_c268_1994_2006a_12967917-14.jpg",
    "metadata": {},
    "date_captured": "2023-09-18T04:36:38.174Z"
  },
  {
    "id": 15,
    "datatorch_id": "0aa55482-1ff3-4202-a1a4-2aad9ad70af5",
    "storage_id": "379fb094-cabd-4982-968e-525c78f3db91",
    "path": "a072294_c268_1994_2006a_12967917-09.jpg",
    "width": 1700,
    "height": 2200,
    "file_name": "a072294_c268_1994_2006a_12967917-09.jpg",
    "metadata": {},
    "date_captured": "2023-09-18T04:36:38.502Z"
  },
  {
    "id": 16,
    "datatorch_id": "a8137844-5db3-4449-bc61-877a1ef8712e",
    "storage_id": "379fb094-cabd-4982-968e-525c78f3db91",
    "path": "a072294_c268_1994_2006a_12967917-13.jpg",
    "width": 1700,
    "height": 2200,
    "file_name": "a072294_c268_1994_2006a_12967917-13.jpg",
    "metadata": {},
    "date_captured": "2023-09-18T04:36:38.502Z"
  }
],"annotations": [
{"id":1,"datatorch_id":"04509a58-3818-4732-a183-73eae2c4e778","image_id":16,"category_id":25,"segmentation":[[461.319525209585,322.541700291455,1464.718021450185,322.541700291455,1464.718021450185,2049.458993524535,461.319525209585,2049.458993524535]],"area":1732786.22,"bbox":[461.319525209585,322.541700291455,1003.3984962406,1726.91729323308],"iscrowd":0,"metadata":{}},
{"id":2,"datatorch_id":"0e2a7f8e-4818-47fe-98be-c661ed3af2c1","image_id":8,"category_id":25,"segmentation":[[400.662382352442,802.290572471905,1501.125540247182,802.290572471905,1501.125540247182,1438.272527359123,400.662382352442,1438.272527359123]],"area":699874.71,"bbox":[400.662382352442,802.290572471905,1100.46315789474,635.981954887218],"iscrowd":0,"metadata":{}},
{"id":3,"datatorch_id":"0f093d46-2b56-4bcd-b0c1-f99ac43b47e0","image_id":1,"category_id":1,"segmentation":[[254.552607916352,1853.03042209597,814.312006412592,1853.03042209597,814.312006412592,2037.631925855369,254.552607916352,2037.631925855369]],"area":103332.43,"bbox":[254.552607916352,1853.03042209597,559.75939849624,184.601503759399],"iscrowd":0,"metadata":{}},
{"id":4,"datatorch_id":"10e980a9-228c-42a2-914a-ebd662e9058f","image_id":13,"category_id":20,"segmentation":[[391.713510171991,570.57598600574,799.623284608081,570.57598600574,799.623284608081,618.2150837501009,391.713510171991,618.2150837501009]],"area":19432.45,"bbox":[391.713510171991,570.57598600574,407.90977443609,47.6390977443609],"iscrowd":0,"metadata":{}},
{"id":5,"datatorch_id":"17e0ef2a-1994-47b3-8cfd-fc7f56be468b","image_id":15,"category_id":25,"segmentation":[[380.845840999058,637.985309314011,1500.364637991538,637.985309314011,1500.364637991538,1849.8048581861908,380.845840999058,1849.8048581861908]],"area":1356654.76,"bbox":[380.845840999058,637.985309314011,1119.51879699248,1211.81954887218],"iscrowd":0,"metadata":{}},
{"id":6,"datatorch_id":"1d32646b-895b-49f0-8452-e29ce180e59d","image_id":5,"category_id":24,"segmentation":[[245.12403648778,272.007865704988,539.890953781013,272.007865704988,539.890953781013,328.5792942764166,245.12403648778,328.5792942764166]],"area":16675.39,"bbox":[245.12403648778,272.007865704988,294.766917293233,56.5714285714286],"iscrowd":0,"metadata":{}},
{"id":7,"datatorch_id":"1dfad891-1407-4767-9382-226c5728ed36","image_id":11,"category_id":21,"segmentation":[[326.705991374998,183.72666269747,598.248848517855,183.72666269747,598.248848517855,233.7477153290489,326.705991374998,233.7477153290489]],"area":13582.86,"bbox":[326.705991374998,183.72666269747,271.542857142857,50.0210526315789],"iscrowd":0,"metadata":{}},
{"id":8,"datatorch_id":"2148efdb-383a-4fae-a4f2-aea20838198f","image_id":2,"category_id":1,"segmentation":[[193.918622953945,619.832828111003,1427.076517690785,619.832828111003,1427.076517690785,987.050873223785,193.918622953945,987.050873223785]],"area":452837.83,"bbox":[193.918622953945,619.832828111003,1233.15789473684,367.218045112782],"iscrowd":0,"metadata":{}},
{"id":9,"datatorch_id":"23d21705-2b10-4ff4-b141-1023017e43c3","image_id":10,"category_id":24,"segmentation":[[233.859374833645,1280.50109878769,1012.758622953946,1280.50109878769,1012.758622953946,1341.24094841175,233.859374833645,1341.24094841175]],"area":47310.22,"bbox":[233.859374833645,1280.50109878769,778.899248120301,60.7398496240601],"iscrowd":0,"metadata":{}},
{"id":10,"datatorch_id":"2d7eea2e-d2fa-488f-938b-5053e58849c0","image_id":9,"category_id":25,"segmentation":[[462.278923705825,300.690572471905,1502.002231976505,300.690572471905,1502.002231976505,493.62891833656704,462.278923705825,493.62891833656704]],"area":200602.5,"bbox":[462.278923705825,300.690572471905,1039.72330827068,192.938345864662],"iscrowd":0,"metadata":{}},
{"id":11,"datatorch_id":"3a7b2c54-9655-4989-93c7-4c117dbe9d9c","image_id":10,"category_id":24,"segmentation":[[233.859374833645,1055.40636194559,705.486442502818,1055.40636194559,705.486442502818,1134.0108732237854,233.859374833645,1134.0108732237854]],"area":37072.02,"bbox":[233.859374833645,1055.40636194559,471.627067669173,78.6045112781953],"iscrowd":0,"metadata":{}},
{"id":12,"datatorch_id":"3c0a5cc9-b8fb-4c9d-8dca-e90c41aae938","image_id":2,"category_id":5,"segmentation":[[164.14418686372,1031.71252735912,1285.64794626222,1031.71252735912,1285.64794626222,1391.486963449345,164.14418686372,1391.486963449345]],"area":403488.38,"bbox":[164.14418686372,1031.71252735912,1121.5037593985,359.774436090225],"iscrowd":0,"metadata":{}},
{"id":13,"datatorch_id":"42688979-8a50-43aa-ba72-075eacf8f9bc","image_id":14,"category_id":25,"segmentation":[[438.062382352442,167.499595028297,1495.650352277252,167.499595028297,1495.650352277252,2111.174782998217,438.062382352442,2111.174782998217]],"area":2055607.5,"bbox":[438.062382352442,167.499595028297,1057.58796992481,1943.67518796992],"iscrowd":0,"metadata":{}},
{"id":14,"datatorch_id":"473d95c8-bf22-46ca-9195-fbca9a0ec101","image_id":5,"category_id":25,"segmentation":[[301.695465059209,328.579294276417,1424.191705660709,328.579294276417,1424.191705660709,1156.308617584688,301.695465059209,1156.308617584688]],"area":929123.05,"bbox":[301.695465059209,328.579294276417,1122.4962406015,827.729323308271],"iscrowd":0,"metadata":{}},
{"id":15,"datatorch_id":"501de3c3-4a62-49f4-a2c2-3eee2f690d28","image_id":3,"category_id":25,"segmentation":[[307.478322202066,302.384407058372,1508.380577841166,302.384407058372,1508.380577841166,1076.817489765139,307.478322202066,1076.817489765139]],"area":930018.44,"bbox":[307.478322202066,302.384407058372,1200.9022556391,774.433082706767],"iscrowd":0,"metadata":{}},
{"id":16,"datatorch_id":"51277942-97c9-412d-822c-d7d6fc9ea308","image_id":1,"category_id":3,"segmentation":[[281.349600397555,397.060497283936,1341.319525209585,397.060497283936,1341.319525209585,1778.594331870406,281.349600397555,1778.594331870406]],"area":1464384.31,"bbox":[281.349600397555,397.060497283936,1059.96992481203,1381.53383458647],"iscrowd":0,"metadata":{}},
{"id":17,"datatorch_id":"5a727fe7-13d1-4493-b690-d16813f4d286","image_id":16,"category_id":21,"segmentation":[[321.379675585525,200.46651232153,580.417269570487,200.46651232153,580.417269570487,233.21839202077808,321.379675585525,233.21839202077808]],"area":8483.97,"bbox":[321.379675585525,200.46651232153,259.037593984962,32.7518796992481],"iscrowd":0,"metadata":{}},
{"id":18,"datatorch_id":"5eb00772-d3bf-4bf0-8f7e-116d8addc17d","image_id":9,"category_id":25,"segmentation":[[387.247344758457,572.233429614762,1462.6999763374072,572.233429614762,1462.6999763374072,1790.603354426792,387.247344758457,1790.603354426792]],"area":1310299.14,"bbox":[387.247344758457,572.233429614762,1075.45263157895,1218.36992481203],"iscrowd":0,"metadata":{}},
{"id":19,"datatorch_id":"60521baa-a70d-46d3-bc5a-84d5bf851642","image_id":10,"category_id":25,"segmentation":[[321.991705660712,1341.24094841175,1522.893961299812,1341.24094841175,1522.893961299812,2079.3492190884417,321.991705660712,2079.3492190884417]],"area":886395.89,"bbox":[321.991705660712,1341.24094841175,1200.9022556391,738.108270676692],"iscrowd":0,"metadata":{}},
{"id":20,"datatorch_id":"6424e9a6-1210-44a0-b578-fe9433604ad0","image_id":4,"category_id":13,"segmentation":[[28.1999783010053,40.8855772199848,1619.9974592032554,40.8855772199848,1619.9974592032554,2327.385051505695,28.1999783010053,2327.385051505695]],"area":3639644.1,"bbox":[28.1999783010053,40.8855772199848,1591.79748090225,2286.49947428571],"iscrowd":0,"metadata":{}},
{"id":21,"datatorch_id":"681afc88-bfa9-4973-85c1-b0cd3a0e5a41","image_id":13,"category_id":25,"segmentation":[[475.081931224622,1639.47824164484,1511.2323071644719,1639.47824164484,1511.2323071644719,1776.440647659877,475.081931224622,1776.440647659877]],"area":141913.65,"bbox":[475.081931224622,1639.47824164484,1036.15037593985,136.962406015037],"iscrowd":0,"metadata":{}},
{"id":22,"datatorch_id":"6c47624d-e9d7-4842-9a70-227b5435f6e4","image_id":12,"category_id":13,"segmentation":[[29.2579801055169,34.6402713553238,1624.7021906318369,34.6402713553238,1624.7021906318369,2304.729462332764,29.2579801055169,2304.729462332764]],"area":3621800.66,"bbox":[29.2579801055169,34.6402713553238,1595.44421052632,2270.08919097744],"iscrowd":0,"metadata":{}},
{"id":23,"datatorch_id":"7228c28d-3b44-4b98-8043-419a52f74e21","image_id":16,"category_id":20,"segmentation":[[380.928547765976,233.218392020778,803.725540247179,233.218392020778,803.725540247179,322.54170029145473,380.928547765976,322.54170029145473]],"area":37765.63,"bbox":[380.928547765976,233.218392020778,422.796992481203,89.3233082706767],"iscrowd":0,"metadata":{}},
{"id":24,"datatorch_id":"739cdc19-9bea-451c-a173-db6792587319","image_id":6,"category_id":16,"segmentation":[[163.661179344923,212.035534877921,1509.9420816005631,212.035534877921,1509.9420816005631,1189.589820592206,163.661179344923,1189.589820592206]],"area":1316062.67,"bbox":[163.661179344923,212.035534877921,1346.28090225564,977.554285714285],"iscrowd":0,"metadata":{}},
{"id":25,"datatorch_id":"75d46352-353a-49e5-8e1f-2bf33bda4d02","image_id":7,"category_id":25,"segmentation":[[472.038322202066,812.083053674913,1586.793209420106,812.083053674913,1586.793209420106,2109.057489765133,472.038322202066,2109.057489765133]],"area":1445808.59,"bbox":[472.038322202066,812.083053674913,1114.75488721804,1296.97443609022],"iscrowd":0,"metadata":{}},
{"id":26,"datatorch_id":"78d1aea4-3e05-4346-98c4-d45b471d3198","image_id":13,"category_id":20,"segmentation":[[397.668397390036,1585.88425668243,671.593209420111,1585.88425668243,671.593209420111,1639.4782416448359,397.668397390036,1639.4782416448359]],"area":14680.72,"bbox":[397.668397390036,1585.88425668243,273.924812030075,53.5939849624058],"iscrowd":0,"metadata":{}},
{"id":27,"datatorch_id":"86e148e5-56f4-4cca-8ac6-d380e28846e7","image_id":8,"category_id":21,"segmentation":[[322.057871074246,734.404858186191,843.705991374998,734.404858186191,843.705991374998,802.2905724719051,322.057871074246,802.2905724719051]],"area":35412.46,"bbox":[322.057871074246,734.404858186191,521.648120300752,67.8857142857141],"iscrowd":0,"metadata":{}},
{"id":28,"datatorch_id":"89122e42-ab74-4739-ad91-8dc5237146e9","image_id":11,"category_id":25,"segmentation":[[453.902382352441,1964.76197096815,1529.212096638151,1964.76197096815,1529.212096638151,2103.6775799907073,453.902382352441,2103.6775799907073]],"area":149377.3,"bbox":[453.902382352441,1964.76197096815,1075.30971428571,138.915609022557],"iscrowd":0,"metadata":{}},
{"id":29,"datatorch_id":"8a25aa69-7074-493c-968d-4287b7702fb9","image_id":3,"category_id":25,"segmentation":[[322.365540247179,1152.74230179521,1500.936968818609,1152.74230179521,1500.936968818609,1483.7347829982182,322.365540247179,1483.7347829982182]],"area":390098.28,"bbox":[322.365540247179,1152.74230179521,1178.57142857143,330.992481203008],"iscrowd":0,"metadata":{}},
{"id":30,"datatorch_id":"95f2a691-5ced-4a0c-b958-20bf59082c66","image_id":15,"category_id":21,"segmentation":[[321.296968818607,1861.71463262228,666.680427465223,1861.71463262228,666.680427465223,1921.2635048027314,321.296968818607,1921.2635048027314]],"area":20567.2,"bbox":[321.296968818607,1861.71463262228,345.383458646616,59.5488721804513],"iscrowd":0,"metadata":{}},
{"id":31,"datatorch_id":"967f1692-f3db-4d0d-a293-d4aaac4b5190","image_id":15,"category_id":24,"segmentation":[[252.815765811089,215.188316832808,761.958622953946,215.188316832808,761.958622953946,268.782301795214,252.815765811089,268.782301795214]],"area":27286.99,"bbox":[252.815765811089,215.188316832808,509.142857142857,53.593984962406],"iscrowd":0,"metadata":{}},
{"id":32,"datatorch_id":"99d2939d-8d09-4e2b-9a65-2d5c110800d1","image_id":13,"category_id":25,"segmentation":[[457.217269570487,192.440647659876,1541.006743254697,192.440647659876,1541.006743254697,567.598542396718,457.217269570487,567.598542396718]],"area":406592.18,"bbox":[457.217269570487,192.440647659876,1083.78947368421,375.157894736842],"iscrowd":0,"metadata":{}},
{"id":33,"datatorch_id":"9cbfe053-8776-4b28-b609-694f2c90f335","image_id":11,"category_id":20,"segmentation":[[397.307134232141,1882.44161006589,639.123194382517,1882.44161006589,639.123194382517,1964.7619709681455,397.307134232141,1964.7619709681455]],"area":19906.39,"bbox":[397.307134232141,1882.44161006589,241.816060150376,82.3203609022555],"iscrowd":0,"metadata":{}},
{"id":34,"datatorch_id":"a5b9e4b6-5864-40d8-b7d5-8de5bff1f87a","image_id":8,"category_id":25,"segmentation":[[393.516517690788,187.74621156965,1486.833810923868,187.74621156965,1486.833810923868,259.2048581861913,393.516517690788,259.2048581861913]],"area":78126.97,"bbox":[393.516517690788,187.74621156965,1093.31729323308,71.4586466165413],"iscrowd":0,"metadata":{}},
{"id":35,"datatorch_id":"ad2e4f39-42a9-4435-92aa-0e308bfd9539","image_id":3,"category_id":24,"segmentation":[[251.105389871239,1095.57538450198,833.493359796051,1095.57538450198,833.493359796051,1152.7423017952128,251.105389871239,1152.7423017952128]],"area":33293.32,"bbox":[251.105389871239,1095.57538450198,582.387969924812,57.1669172932329],"iscrowd":0,"metadata":{}},
{"id":36,"datatorch_id":"b4497898-b509-4690-94e8-d1da0e1cfc21","image_id":10,"category_id":10,"segmentation":[[463.321028968983,228.014482246342,947.8106530291329,228.014482246342,947.8106530291329,313.7648581861916,463.321028968983,313.7648581861916]],"area":41545.17,"bbox":[463.321028968983,228.014482246342,484.48962406015,85.7503759398496],"iscrowd":0,"metadata":{}},
{"id":37,"datatorch_id":"b90ebb00-299f-413b-86ad-7026892e7b90","image_id":9,"category_id":21,"segmentation":[[326.507495134397,507.920647659875,601.623284608081,507.920647659875,601.623284608081,572.2334296147621,326.507495134397,572.2334296147621]],"area":17693.46,"bbox":[326.507495134397,507.920647659875,275.115789473684,64.3127819548872],"iscrowd":0,"metadata":{}},
{"id":38,"datatorch_id":"bd3011ba-49b3-40f6-8172-fb12c9e4e97e","image_id":7,"category_id":25,"segmentation":[[439.881931224622,158.23643713356,1504.615765811092,158.23643713356,1504.615765811092,754.91613638168,439.881931224622,754.91613638168]],"area":635305.06,"bbox":[439.881931224622,158.23643713356,1064.73383458647,596.67969924812],"iscrowd":0,"metadata":{}},
{"id":39,"datatorch_id":"be0b1078-4d2e-4435-90b6-4b99d61bff7a","image_id":11,"category_id":25,"segmentation":[[455.331555284772,319.498091268898,1591.5240364877818,319.498091268898,1591.5240364877818,1891.588316832808,455.331555284772,1891.588316832808]],"area":1786197.09,"bbox":[455.331555284772,319.498091268898,1136.19248120301,1572.09022556391],"iscrowd":0,"metadata":{}},
{"id":40,"datatorch_id":"c3830fc6-26ae-4193-8dbd-4417d69caeb7","image_id":15,"category_id":21,"segmentation":[[315.342081600562,563.549219088447,562.469901149434,563.549219088447,562.469901149434,637.9853093140109,315.342081600562,637.9853093140109]],"area":18395.23,"bbox":[315.342081600562,563.549219088447,247.127819548872,74.4360902255639],"iscrowd":0,"metadata":{}},
{"id":41,"datatorch_id":"c531325a-d1f6-460a-a10d-07e52ccba03f","image_id":10,"category_id":11,"segmentation":[[308.970352277254,313.764858186191,1479.4629838562041,313.764858186191,1479.4629838562041,1034.068016080928,308.970352277254,1034.068016080928]],"area":843109.54,"bbox":[308.970352277254,313.764858186191,1170.49263157895,720.303157894737],"iscrowd":0,"metadata":{}},
{"id":42,"datatorch_id":"ca0130a3-d6e1-4d3a-a01e-aa9642038f9d","image_id":9,"category_id":20,"segmentation":[[369.382683104322,222.08606119371,676.65486355545,222.08606119371,676.65486355545,300.6905724719054,369.382683104322,300.6905724719054]],"area":24152.98,"bbox":[369.382683104322,222.08606119371,307.272180451128,78.6045112781954],"iscrowd":0,"metadata":{}},
{"id":43,"datatorch_id":"cb8503f7-998e-4a9a-8665-fc9e1e1c960e","image_id":2,"category_id":14,"segmentation":[[193.918622953945,475.923053674913,1570.986292126875,475.923053674913,1570.986292126875,619.832828111003,193.918622953945,619.832828111003]],"area":198173.5,"bbox":[193.918622953945,475.923053674913,1377.06766917293,143.90977443609],"iscrowd":0,"metadata":{}},
{"id":44,"datatorch_id":"ced5a193-728a-4f19-8d6e-5dc848f2f557","image_id":7,"category_id":20,"segmentation":[[400.579675585524,762.062001043334,636.39320942011,762.062001043334,636.39320942011,812.0830536749129,400.579675585524,812.0830536749129]],"area":11795.64,"bbox":[400.579675585524,762.062001043334,235.813533834586,50.0210526315789],"iscrowd":0,"metadata":{}},
{"id":45,"datatorch_id":"d0db8e51-a501-4ff1-a1a7-70246c998122","image_id":3,"category_id":24,"segmentation":[[247.532457540412,245.217489765139,997.848247014096,245.217489765139,997.848247014096,302.38440705837206,247.532457540412,302.38440705837206]],"area":42893.24,"bbox":[247.532457540412,245.217489765139,750.315789473684,57.1669172932331],"iscrowd":0,"metadata":{}},
{"id":46,"datatorch_id":"d2f88430-881e-43cf-94c8-34647b6924dd","image_id":11,"category_id":20,"segmentation":[[386.016668066727,233.747715329049,836.2061417509381,233.747715329049,836.2061417509381,319.4980912688986,386.016668066727,319.4980912688986]],"area":38603.92,"bbox":[386.016668066727,233.747715329049,450.189473684211,85.7503759398496],"iscrowd":0,"metadata":{}},
{"id":47,"datatorch_id":"dcdeb48e-c221-4961-9b85-c7def878cb11","image_id":15,"category_id":21,"segmentation":[[303.432307164472,268.782301795214,687.522532728382,268.782301795214,687.522532728382,340.2409484117553,303.432307164472,340.2409484117553]],"area":27446.57,"bbox":[303.432307164472,268.782301795214,384.09022556391,71.4586466165413],"iscrowd":0,"metadata":{}},
{"id":48,"datatorch_id":"df380ede-e49c-4089-b5b4-1dc866c9f78d","image_id":15,"category_id":25,"segmentation":[[365.958622953946,1921.26350480273,1512.274412427626,1921.26350480273,1512.274412427626,2099.910121344084,365.958622953946,2099.910121344084]],"area":204785.44,"bbox":[365.958622953946,1921.26350480273,1146.31578947368,178.646616541354],"iscrowd":0,"metadata":{}},
{"id":49,"datatorch_id":"e31ac8b0-abd3-4bb3-8d9f-13acf6bc81f0","image_id":2,"category_id":15,"segmentation":[[131.312908668231,213.888166456868,1636.232006412591,213.888166456868,1636.232006412591,428.26410630649195,131.312908668231,428.26410630649195]],"area":322618.45,"bbox":[131.312908668231,213.888166456868,1504.91909774436,214.375939849624],"iscrowd":0,"metadata":{}},
{"id":50,"datatorch_id":"e67b097e-af8b-42e3-a3e0-704dc2a67d32","image_id":15,"category_id":25,"segmentation":[[398.710502653194,340.240948411755,1518.229299645674,340.240948411755,1518.229299645674,560.571775479424,398.710502653194,560.571775479424]],"area":246664.5,"bbox":[398.710502653194,340.240948411755,1119.51879699248,220.330827067669],"iscrowd":0,"metadata":{}},
{"id":51,"datatorch_id":"e684879f-867b-442d-a0d3-23ca7367e124","image_id":8,"category_id":21,"segmentation":[[322.057871074246,287.788316832808,643.621780848682,287.788316832808,643.621780848682,337.8093694643869,322.057871074246,337.8093694643869]],"area":16084.97,"bbox":[322.057871074246,287.788316832808,321.563909774436,50.0210526315789],"iscrowd":0,"metadata":{}},
{"id":52,"datatorch_id":"e69d9ab4-ebd8-4d08-8e28-585e54f1e24d","image_id":8,"category_id":25,"segmentation":[[386.370653029133,337.809369464386,1544.0007282171032,337.809369464386,1544.0007282171032,709.394331870401,386.370653029133,709.394331870401]],"area":430157.93,"bbox":[386.370653029133,337.809369464386,1157.63007518797,371.584962406015],"iscrowd":0,"metadata":{}},
{"id":53,"datatorch_id":"e970aaab-0bc2-4054-acff-f5b348c94d17","image_id":13,"category_id":25,"segmentation":[[469.127044006577,618.215083750101,1630.330051525377,618.215083750101,1630.330051525377,1568.019595028296,469.127044006577,1568.019595028296]],"area":1102915.86,"bbox":[469.127044006577,618.215083750101,1161.2030075188,949.804511278195],"iscrowd":0,"metadata":{}},
{"id":54,"datatorch_id":"f41b35c9-bca7-46a3-8ecc-855fbdbd44c3","image_id":10,"category_id":25,"segmentation":[[319.510502653194,1134.01087322379,1443.495465059214,1134.01087322379,1443.495465059214,1253.108617584692,319.510502653194,1253.108617584692]],"area":133864.07,"bbox":[319.510502653194,1134.01087322379,1123.98496240602,119.097744360902],"iscrowd":0,"metadata":{}}
]}