{"info": {"year":2023,"version":"0.1.0","description":"","url":"","date_created":1695190792833},"categories": [
  {
    "id": 1,
    "datatorch_id": "ea6a231b-d390-4ea6-88e1-6d99d36018a5",
    "name": "references",
    "supercategory": null
  },
  {
    "id": 2,
    "datatorch_id": "1063f0c2-a886-4121-838b-6bbf199ec21e",
    "name": "list",
    "supercategory": null
  },
  {
    "id": 3,
    "datatorch_id": "a53a6729-a94d-4f74-913c-bd222ebbce0d",
    "name": "appendix_list",
    "supercategory": null
  },
  {
    "id": 4,
    "datatorch_id": "8a765348-148e-4280-93e7-911ad854ec0b",
    "name": "cross",
    "supercategory": null
  },
  {
    "id": 5,
    "datatorch_id": "2be5156a-b962-4988-b879-89b159ac0a94",
    "name": "table_caption",
    "supercategory": null
  },
  {
    "id": 6,
    "datatorch_id": "1af8b78f-669f-4554-bebc-3986baee5a1c",
    "name": "table",
    "supercategory": null
  },
  {
    "id": 7,
    "datatorch_id": "3c954454-0bd6-47f9-89cf-52da19baf90d",
    "name": "figure_caption",
    "supercategory": null
  },
  {
    "id": 8,
    "datatorch_id": "3a501698-425e-457a-8ebe-321109d4d594",
    "name": "figure",
    "supercategory": null
  },
  {
    "id": 9,
    "datatorch_id": "0d1cf435-1d24-4ae4-8760-de7d4ca8b4a2",
    "name": "list_of_tables",
    "supercategory": null
  },
  {
    "id": 10,
    "datatorch_id": "1910fde7-e3d7-44cf-a653-984b82088e8f",
    "name": "list_of_figures",
    "supercategory": null
  },
  {
    "id": 11,
    "datatorch_id": "2760da17-b8bf-4824-bda9-1a6c75cfb31a",
    "name": "table_of_contents",
    "supercategory": null
  },
  {
    "id": 12,
    "datatorch_id": "2d7ae022-e4b2-4454-82f9-6a21616cc1a1",
    "name": "subsubsubsection",
    "supercategory": null
  },
  {
    "id": 13,
    "datatorch_id": "78fdef56-aec3-43df-87be-9f219106f30b",
    "name": "subsubsection",
    "supercategory": null
  },
  {
    "id": 14,
    "datatorch_id": "a24ef245-0e7a-492e-b263-09d3fda426d8",
    "name": "subsection",
    "supercategory": null
  },
  {
    "id": 15,
    "datatorch_id": "2cb917fd-36d2-4af5-a88b-e9b7ad28c733",
    "name": "summary",
    "supercategory": null
  },
  {
    "id": 16,
    "datatorch_id": "b66fb620-4716-406d-a020-b97ecc4817c2",
    "name": "abstract",
    "supercategory": null
  },
  {
    "id": 17,
    "datatorch_id": "418130a4-f8a1-4218-99c8-a30542254019",
    "name": "section",
    "supercategory": null
  },
  {
    "id": 18,
    "datatorch_id": "ec6c7fda-bed5-4baf-97b1-95207a7890ba",
    "name": "paragraph",
    "supercategory": null
  },
  {
    "id": 19,
    "datatorch_id": "62a18526-d943-4993-a65e-2e91c2af6485",
    "name": "title",
    "supercategory": null
  },
  {
    "id": 20,
    "datatorch_id": "ab700373-3415-495f-8e5f-0609d9088715",
    "name": "other",
    "supercategory": null
  },
  {
    "id": 21,
    "datatorch_id": "27ef4a36-ce65-4f9e-a6a5-8fc1d422b062",
    "name": "form",
    "supercategory": null
  },
  {
    "id": 22,
    "datatorch_id": "7ce4fbc5-dafd-44a1-9d6b-80d965ba8dd5",
    "name": "report_title",
    "supercategory": null
  }
],"images": [
  {
    "id": 1,
    "datatorch_id": "409e2d13-4c94-4e5e-b3e3-9e53250316ec",
    "storage_id": "66fd663e-2150-4306-958e-7014007cac52",
    "path": "a072056_a72056_16536028-04.jpg",
    "width": 1648,
    "height": 2325,
    "file_name": "a072056_a72056_16536028-04.jpg",
    "metadata": {},
    "date_captured": "2023-09-20T04:16:21.111Z"
  },
  {
    "id": 2,
    "datatorch_id": "c6ced624-412e-460f-a35b-0a3e8cacd4da",
    "storage_id": "66fd663e-2150-4306-958e-7014007cac52",
    "path": "a072056_a72056_16536028-01.jpg",
    "width": 1650,
    "height": 2320,
    "file_name": "a072056_a72056_16536028-01.jpg",
    "metadata": {},
    "date_captured": "2023-09-20T04:16:21.080Z"
  },
  {
    "id": 3,
    "datatorch_id": "0afacb4d-2986-4961-a320-24d0aeb5f19b",
    "storage_id": "66fd663e-2150-4306-958e-7014007cac52",
    "path": "a072056_a72056_16536028-02.jpg",
    "width": 1648,
    "height": 2323,
    "file_name": "a072056_a72056_16536028-02.jpg",
    "metadata": {},
    "date_captured": "2023-09-20T04:16:21.111Z"
  },
  {
    "id": 4,
    "datatorch_id": "e2dde8b9-92b1-4e08-87af-fb200d6762e7",
    "storage_id": "66fd663e-2150-4306-958e-7014007cac52",
    "path": "a072056_a72056_16536028-03.jpg",
    "width": 1650,
    "height": 2320,
    "file_name": "a072056_a72056_16536028-03.jpg",
    "metadata": {},
    "date_captured": "2023-09-20T04:16:21.127Z"
  },
  {
    "id": 5,
    "datatorch_id": "5b47ff05-65a9-4e17-902c-85dc864e8258",
    "storage_id": "66fd663e-2150-4306-958e-7014007cac52",
    "path": "a072056_a72056_16536028-07.jpg",
    "width": 2306,
    "height": 1645,
    "file_name": "a072056_a72056_16536028-07.jpg",
    "metadata": {},
    "date_captured": "2023-09-20T04:16:21.643Z"
  },
  {
    "id": 6,
    "datatorch_id": "5803e923-d99e-4aed-9a4f-72bedc3bde25",
    "storage_id": "66fd663e-2150-4306-958e-7014007cac52",
    "path": "a072056_a72056_16536028-06.jpg",
    "width": 2306,
    "height": 1639,
    "file_name": "a072056_a72056_16536028-06.jpg",
    "metadata": {},
    "date_captured": "2023-09-20T04:16:21.705Z"
  },
  {
    "id": 7,
    "datatorch_id": "b5c0d6b0-ecf2-4f78-a741-f68a30575c6b",
    "storage_id": "66fd663e-2150-4306-958e-7014007cac52",
    "path": "a072056_a72056_16536028-08.jpg",
    "width": 1648,
    "height": 2320,
    "file_name": "a072056_a72056_16536028-08.jpg",
    "metadata": {},
    "date_captured": "2023-09-20T04:16:21.627Z"
  },
  {
    "id": 8,
    "datatorch_id": "219844b5-029e-4a49-aabc-00deb356f036",
    "storage_id": "66fd663e-2150-4306-958e-7014007cac52",
    "path": "a072056_a72056_16536028-09.jpg",
    "width": 1648,
    "height": 2323,
    "file_name": "a072056_a72056_16536028-09.jpg",
    "metadata": {},
    "date_captured": "2023-09-20T04:16:21.643Z"
  },
  {
    "id": 9,
    "datatorch_id": "9e452830-a702-4a5b-b510-4eee0b5375ca",
    "storage_id": "66fd663e-2150-4306-958e-7014007cac52",
    "path": "a072056_a72056_16536028-05.jpg",
    "width": 1648,
    "height": 2323,
    "file_name": "a072056_a72056_16536028-05.jpg",
    "metadata": {},
    "date_captured": "2023-09-20T04:16:21.674Z"
  },
  {
    "id": 10,
    "datatorch_id": "9d635924-73aa-4847-894c-747e059f5889",
    "storage_id": "66fd663e-2150-4306-958e-7014007cac52",
    "path": "a072056_a72056_16536028-10.jpg",
    "width": 1648,
    "height": 2320,
    "file_name": "a072056_a72056_16536028-10.jpg",
    "metadata": {},
    "date_captured": "2023-09-20T04:16:21.768Z"
  },
  {
    "id": 11,
    "datatorch_id": "a91b5d1c-0e18-4070-a16f-f7487c0a2c7b",
    "storage_id": "66fd663e-2150-4306-958e-7014007cac52",
    "path": "a072056_a72056_16536028-16.jpg",
    "width": 1648,
    "height": 2325,
    "file_name": "a072056_a72056_16536028-16.jpg",
    "metadata": {},
    "date_captured": "2023-09-20T04:16:21.877Z"
  },
  {
    "id": 12,
    "datatorch_id": "979e03bc-014e-439e-84de-df77eb9d9c19",
    "storage_id": "66fd663e-2150-4306-958e-7014007cac52",
    "path": "a072056_a72056_16536028-11.jpg",
    "width": 2317,
    "height": 1639,
    "file_name": "a072056_a72056_16536028-11.jpg",
    "metadata": {},
    "date_captured": "2023-09-20T04:16:21.908Z"
  },
  {
    "id": 13,
    "datatorch_id": "187cd36f-9b28-4891-a2dd-43a54b14d683",
    "storage_id": "66fd663e-2150-4306-958e-7014007cac52",
    "path": "a072056_a72056_16536028-14.jpg",
    "width": 1648,
    "height": 2323,
    "file_name": "a072056_a72056_16536028-14.jpg",
    "metadata": {},
    "date_captured": "2023-09-20T04:16:21.924Z"
  },
  {
    "id": 14,
    "datatorch_id": "469e256d-f37d-4cd4-8f88-935d1ee42723",
    "storage_id": "66fd663e-2150-4306-958e-7014007cac52",
    "path": "a072056_a72056_16536028-12.jpg",
    "width": 2317,
    "height": 1645,
    "file_name": "a072056_a72056_16536028-12.jpg",
    "metadata": {},
    "date_captured": "2023-09-20T04:16:21.939Z"
  },
  {
    "id": 15,
    "datatorch_id": "5e6a1e7a-aa35-4e40-abe5-2bab883f1f14",
    "storage_id": "66fd663e-2150-4306-958e-7014007cac52",
    "path": "a072056_a72056_16536028-15.jpg",
    "width": 1648,
    "height": 2334,
    "file_name": "a072056_a72056_16536028-15.jpg",
    "metadata": {},
    "date_captured": "2023-09-20T04:16:21.939Z"
  },
  {
    "id": 16,
    "datatorch_id": "ed56fb41-fefa-4d4b-8f90-cc80540a124d",
    "storage_id": "66fd663e-2150-4306-958e-7014007cac52",
    "path": "a072056_a72056_16536028-19.jpg",
    "width": 1634,
    "height": 2317,
    "file_name": "a072056_a72056_16536028-19.jpg",
    "metadata": {},
    "date_captured": "2023-09-20T04:16:22.111Z"
  },
  {
    "id": 17,
    "datatorch_id": "834a2fe0-9019-478d-b2d8-a015a8cd6f25",
    "storage_id": "66fd663e-2150-4306-958e-7014007cac52",
    "path": "a072056_a72056_16536028-18.jpg",
    "width": 1634,
    "height": 2317,
    "file_name": "a072056_a72056_16536028-18.jpg",
    "metadata": {},
    "date_captured": "2023-09-20T04:16:22.174Z"
  },
  {
    "id": 18,
    "datatorch_id": "83e25255-cf0b-4dfe-937a-be127e51f3c6",
    "storage_id": "66fd663e-2150-4306-958e-7014007cac52",
    "path": "a072056_a72056_16536028-17.jpg",
    "width": 1634,
    "height": 2323,
    "file_name": "a072056_a72056_16536028-17.jpg",
    "metadata": {},
    "date_captured": "2023-09-20T04:16:22.174Z"
  },
  {
    "id": 19,
    "datatorch_id": "3590a286-7605-4d8f-ab79-54b994534922",
    "storage_id": "66fd663e-2150-4306-958e-7014007cac52",
    "path": "a072056_a72056_16536028-20.jpg",
    "width": 1645,
    "height": 2317,
    "file_name": "a072056_a72056_16536028-20.jpg",
    "metadata": {},
    "date_captured": "2023-09-20T04:16:22.174Z"
  },
  {
    "id": 20,
    "datatorch_id": "7a24e523-5a52-41ec-be7a-ce41b91a4543",
    "storage_id": "66fd663e-2150-4306-958e-7014007cac52",
    "path": "a072056_a72056_16536028-13.jpg",
    "width": 2317,
    "height": 1639,
    "file_name": "a072056_a72056_16536028-13.jpg",
    "metadata": {},
    "date_captured": "2023-09-20T04:16:22.174Z"
  }
],"annotations": [
{"id":1,"datatorch_id":"032ef87f-d5c5-49d8-9bc7-0b1ffa08a96d","image_id":19,"category_id":18,"segmentation":[[175.055264552668,1323.93226487872,1428.1167382368778,1323.93226487872,1428.1167382368778,1508.316685931352,175.055264552668,1508.316685931352]],"area":231045.01,"bbox":[175.055264552668,1323.93226487872,1253.06147368421,184.384421052632],"iscrowd":0,"metadata":{}},
{"id":2,"datatorch_id":"0d01e4de-10b8-4e60-b7dd-b8fb2ed8f264","image_id":6,"category_id":8,"segmentation":[[55.7017209613184,52.3892897168548,2256.0008959818583,52.3892897168548,2256.0008959818583,1569.0240782131548,55.7017209613184,1569.0240782131548]],"area":3337050.27,"bbox":[55.7017209613184,52.3892897168548,2200.29917502054,1516.6347884963],"iscrowd":0,"metadata":{}},
{"id":3,"datatorch_id":"0f18c21d-7398-47b4-b34c-5223ab8c76c7","image_id":18,"category_id":17,"segmentation":[[182.148527646029,155.608021805699,1376.834241931739,155.608021805699,1376.834241931739,221.630127068857,182.148527646029,221.630127068857]],"area":78875.67,"bbox":[182.148527646029,155.608021805699,1194.68571428571,66.022105263158],"iscrowd":0,"metadata":{}},
{"id":4,"datatorch_id":"17de8483-e625-431d-a988-d1523419b726","image_id":9,"category_id":17,"segmentation":[[204.710881029488,157.878623309458,736.660414864074,157.878623309458,736.660414864074,244.6505330838941,204.710881029488,244.6505330838941]],"area":46158.28,"bbox":[204.710881029488,157.878623309458,531.949533834586,86.7719097744361],"iscrowd":0,"metadata":{}},
{"id":5,"datatorch_id":"1afe2d10-10dc-43b9-b375-74e7923160a8","image_id":9,"category_id":18,"segmentation":[[212.256264488134,1961.225269926,1434.608384788884,1961.225269926,1434.608384788884,2134.769089474872,212.256264488134,2134.769089474872]],"area":212131.66,"bbox":[212.256264488134,1961.225269926,1222.35212030075,173.543819548872],"iscrowd":0,"metadata":{}},
{"id":6,"datatorch_id":"1d46dc97-4fd1-4c00-8823-c11214f01921","image_id":9,"category_id":17,"segmentation":[[182.074730653548,1470.77534511397,974.339993811443,1470.77534511397,974.339993811443,1550.0018714297594,182.074730653548,1550.0018714297594]],"area":62768.42,"bbox":[182.074730653548,1470.77534511397,792.265263157895,79.2265263157894],"iscrowd":0,"metadata":{}},
{"id":7,"datatorch_id":"22182959-6e30-49d5-91d4-03a4a0f83388","image_id":7,"category_id":17,"segmentation":[[217.288576550477,1371.93482379334,610.648937452733,1371.93482379334,610.648937452733,1507.576327552739,217.288576550477,1507.576327552739]],"area":53355.99,"bbox":[217.288576550477,1371.93482379334,393.360360902256,135.641503759399],"iscrowd":0,"metadata":{}},
{"id":8,"datatorch_id":"285f3bd8-c2e6-43c0-b695-b88297aa540c","image_id":10,"category_id":17,"segmentation":[[207.250128430176,1203.73796364296,597.897659257244,1203.73796364296,597.897659257244,1268.8458854474713,207.250128430176,1268.8458854474713]],"area":25434.25,"bbox":[207.250128430176,1203.73796364296,390.647530827068,65.1079218045113],"iscrowd":0,"metadata":{}},
{"id":9,"datatorch_id":"28e62f15-5aac-4f25-9f9f-add40b561406","image_id":9,"category_id":17,"segmentation":[[193.392805841518,1863.13528496359,736.660414864074,1863.13528496359,736.660414864074,1961.225269925996,193.392805841518,1961.225269925996]],"area":53289.11,"bbox":[193.392805841518,1863.13528496359,543.267609022556,98.0899849624059],"iscrowd":0,"metadata":{}},
{"id":10,"datatorch_id":"305b3262-fa09-453c-9f4e-555b92357561","image_id":7,"category_id":18,"segmentation":[[217.288576550477,1507.57632755274,1555.618080309877,1507.57632755274,1555.618080309877,2077.2706433422127,217.288576550477,2077.2706433422127]],"area":762438.71,"bbox":[217.288576550477,1507.57632755274,1338.3295037594,569.694315789473],"iscrowd":0,"metadata":{}},
{"id":11,"datatorch_id":"30d9e300-a8a7-46c4-abab-2884f4e80322","image_id":20,"category_id":8,"segmentation":[[56.6197970715195,94.4414966170612,2256.6766147674894,94.4414966170612,2256.6766147674894,1595.2554497740011,56.6197970715195,1595.2554497740011]],"area":3301875.97,"bbox":[56.6197970715195,94.4414966170612,2200.05681769597,1500.81395315694],"iscrowd":0,"metadata":{}},
{"id":12,"datatorch_id":"3b6ba2d3-677f-435a-b265-6bc5fea76ea5","image_id":8,"category_id":17,"segmentation":[[204.204362232495,236.074645865849,1109.650377270089,236.074645865849,1109.650377270089,303.9830969936686,204.204362232495,303.9830969936686]],"area":61487.44,"bbox":[204.204362232495,236.074645865849,905.446015037594,67.9084511278196],"iscrowd":0,"metadata":{}},
{"id":13,"datatorch_id":"417e3665-83a4-4a61-8630-4f466e0c0c0b","image_id":5,"category_id":8,"segmentation":[[206.566039120727,148.338711573881,2230.0554590056868,148.338711573881,2230.0554590056868,1559.542497933781,206.566039120727,1559.542497933781]],"area":2855555.93,"bbox":[206.566039120727,148.338711573881,2023.48941988496,1411.2037863599],"iscrowd":0,"metadata":{}},
{"id":14,"datatorch_id":"44c1e5e3-495e-46b7-81e3-56bfaa22398c","image_id":18,"category_id":17,"segmentation":[[210.443715615954,240.493585715473,417.94176072873597,240.493585715473,417.94176072873597,312.8035105275031,210.443715615954,312.8035105275031]],"area":15004.17,"bbox":[210.443715615954,240.493585715473,207.498045112782,72.3099248120301],"iscrowd":0,"metadata":{}},
{"id":15,"datatorch_id":"458f0047-be37-4b85-a1a0-a0d3c8f65ac9","image_id":7,"category_id":18,"segmentation":[[212.76719309183,806.761891462512,1528.489779558,806.761891462512,1528.489779558,1371.934823793339,212.76719309183,1371.934823793339]],"area":743610.79,"bbox":[212.76719309183,806.761891462512,1315.72258646617,565.172932330827],"iscrowd":0,"metadata":{}},
{"id":16,"datatorch_id":"467986bc-e81b-4a14-83c6-f1018d103453","image_id":18,"category_id":18,"segmentation":[[210.443715615954,312.803510527503,1524.598001330244,312.803510527503,1524.598001330244,646.057946617728,210.443715615954,646.057946617728]],"area":437947.75,"bbox":[210.443715615954,312.803510527503,1314.15428571429,333.254436090225],"iscrowd":0,"metadata":{}},
{"id":17,"datatorch_id":"4d37a09c-27d0-4c34-8a84-729360b74940","image_id":10,"category_id":18,"segmentation":[[239.804089332432,183.713855372287,1379.192720911382,183.713855372287,1379.192720911382,682.874589206873,239.804089332432,682.874589206873]],"area":568738.07,"bbox":[239.804089332432,183.713855372287,1139.38863157895,499.160733834586],"iscrowd":0,"metadata":{}},
{"id":18,"datatorch_id":"5095a166-e9dd-4ea0-bdfd-037c18e46546","image_id":18,"category_id":18,"segmentation":[[223.019354713698,1215.10561579066,1373.690332157308,1215.10561579066,1373.690332157308,1287.41554060269,223.019354713698,1287.41554060269]],"area":83204.93,"bbox":[223.019354713698,1215.10561579066,1150.67097744361,72.30992481203],"iscrowd":0,"metadata":{}},
{"id":19,"datatorch_id":"52bfb814-4b34-49fa-9504-ead55fc541c9","image_id":9,"category_id":18,"segmentation":[[182.074730653548,1550.00187142976,1445.926459976858,1550.00187142976,1445.926459976858,1783.9087586478051,182.074730653548,1783.9087586478051]],"area":295623.62,"bbox":[182.074730653548,1550.00187142976,1263.85172932331,233.906887218045],"iscrowd":0,"metadata":{}},
{"id":20,"datatorch_id":"53c026e6-2cf7-4a79-8b4e-f46ceb49cfa6","image_id":19,"category_id":8,"segmentation":[[235.262422447405,322.988264878725,1597.449369815825,322.988264878725,1597.449369815825,1327.6952122471448,235.262422447405,1327.6952122471448]],"area":1368598.69,"bbox":[235.262422447405,322.988264878725,1362.18694736842,1004.70694736842],"iscrowd":0,"metadata":{}},
{"id":21,"datatorch_id":"54343a28-ddd8-435c-b370-d4e1e4610460","image_id":2,"category_id":22,"segmentation":[[227.10736752792,323.319942590332,1626.92768632491,323.319942590332,1626.92768632491,2249.4292959737923,227.10736752792,2249.4292959737923]],"area":2696207.01,"bbox":[227.10736752792,323.319942590332,1399.82031879699,1926.10935338346],"iscrowd":0,"metadata":{}},
{"id":22,"datatorch_id":"553a5d5d-26e0-41f5-9e48-c978485551d7","image_id":14,"category_id":8,"segmentation":[[70.1839453443218,44.6294016688277,2215.1814408250116,44.6294016688277,2215.1814408250116,1646.7977763606978,70.1839453443218,1646.7977763606978]],"area":3436647.15,"bbox":[70.1839453443218,44.6294016688277,2144.99749548069,1602.16837469187],"iscrowd":0,"metadata":{}},
{"id":23,"datatorch_id":"57da2a4a-aa85-434e-a00c-4ef9673c7d88","image_id":17,"category_id":5,"segmentation":[[222.602369815826,1064.53279119451,629.0006856053,1064.53279119451,629.0006856053,1139.7917385629312,222.602369815826,1139.7917385629312]],"area":30585.11,"bbox":[222.602369815826,1064.53279119451,406.398315789474,75.2589473684211],"iscrowd":0,"metadata":{}},
{"id":24,"datatorch_id":"5ae5075a-2ce2-4f67-92b0-80bdc20bbca1","image_id":17,"category_id":17,"segmentation":[[203.787632973721,1316.65026487872,508.58636981582595,1316.65026487872,508.58636981582595,1361.8056332997726,203.787632973721,1361.8056332997726]],"area":13763.3,"bbox":[203.787632973721,1316.65026487872,304.798736842105,45.1553684210526],"iscrowd":0,"metadata":{}},
{"id":25,"datatorch_id":"5b33bf60-6dbc-471a-a8a2-ff9be6a97d93","image_id":8,"category_id":18,"segmentation":[[211.749745691142,1869.65016466284,1490.6922419317418,1869.65016466284,1490.6922419317418,2092.238976692915,211.749745691142,2092.238976692915]],"area":284678.29,"bbox":[211.749745691142,1869.65016466284,1278.9424962406,222.588812030075],"iscrowd":0,"metadata":{}},
{"id":26,"datatorch_id":"5d704282-202a-4e8d-8ddd-72f8780fed2f","image_id":17,"category_id":6,"segmentation":[[222.602369815826,364.624580668198,1502.004475078986,364.624580668198,1502.004475078986,1064.532791194514,222.602369815826,1064.532791194514]],"area":895464.04,"bbox":[222.602369815826,364.624580668198,1279.40210526316,699.908210526316],"iscrowd":0,"metadata":{}},
{"id":27,"datatorch_id":"5ef4e141-b019-4b03-8e12-48b5347ee67d","image_id":9,"category_id":18,"segmentation":[[227.347031405428,825.645059399684,1559.107211856558,825.645059399684,1559.107211856558,1463.229961655323,227.347031405428,1463.229961655323]],"area":849110.18,"bbox":[227.347031405428,825.645059399684,1331.76018045113,637.584902255639],"iscrowd":0,"metadata":{}},
{"id":28,"datatorch_id":"63199a8a-2586-4c3c-8a89-d1e0a0fc62a4","image_id":4,"category_id":16,"segmentation":[[193.016275798597,161.334402740708,1440.918110385067,161.334402740708,1440.918110385067,942.629464394843,193.016275798597,942.629464394843]],"area":974979.54,"bbox":[193.016275798597,161.334402740708,1247.90183458647,781.295061654135],"iscrowd":0,"metadata":{}},
{"id":29,"datatorch_id":"7b0e69a4-7380-4454-a428-fbab786625fd","image_id":15,"category_id":1,"segmentation":[[177.543395948769,174.17451978084,1454.960899708169,174.17451978084,1454.960899708169,826.15021902896,177.543395948769,826.15021902896]],"area":832845.17,"bbox":[177.543395948769,174.17451978084,1277.4175037594,651.97569924812],"iscrowd":0,"metadata":{}},
{"id":30,"datatorch_id":"8044a52c-2377-4bb8-bac5-4e808812070f","image_id":13,"category_id":17,"segmentation":[[201.130317119713,263.601322557578,834.942527646029,263.601322557578,834.942527646029,350.3732323320141,201.130317119713,350.3732323320141]],"area":54997.1,"bbox":[201.130317119713,263.601322557578,633.812210526316,86.7719097744361],"iscrowd":0,"metadata":{}},
{"id":31,"datatorch_id":"81406608-ca0b-4322-959e-68fdcc97b799","image_id":10,"category_id":17,"segmentation":[[196.398808129424,1491.29795161289,733.539163016642,1491.29795161289,733.539163016642,1561.8315335677773,196.398808129424,1561.8315335677773]],"area":37886.43,"bbox":[196.398808129424,1491.29795161289,537.140354887218,70.5335819548873],"iscrowd":0,"metadata":{}},
{"id":32,"datatorch_id":"8414e93e-c249-45bb-aa84-4d4d91595bdd","image_id":10,"category_id":18,"segmentation":[[207.250128430176,1268.84588544748,1428.0236622647658,1268.84588544748,1428.0236622647658,1453.318330560262,207.250128430176,1453.318330560262]],"area":225199.08,"bbox":[207.250128430176,1268.84588544748,1220.77353383459,184.472445112782],"iscrowd":0,"metadata":{}},
{"id":33,"datatorch_id":"84e9cee1-94f7-450a-b4e4-771921e01ec9","image_id":3,"category_id":22,"segmentation":[[232.2410509543,283.201853384646,1450.06594117986,283.201853384646,1450.06594117986,1695.697636843296,232.2410509543,1695.697636843296]],"area":1720172.52,"bbox":[232.2410509543,283.201853384646,1217.82489022556,1412.49578345865],"iscrowd":0,"metadata":{}},
{"id":34,"datatorch_id":"93917460-c239-4c42-a37d-b93ae1adbdd4","image_id":12,"category_id":8,"segmentation":[[34.6045731175345,66.1968363442593,2350.6754884831844,66.1968363442593,2350.6754884831844,1619.0171091462294,34.6045731175345,1619.0171091462294]],"area":3596441.87,"bbox":[34.6045731175345,66.1968363442593,2316.07091536565,1552.82027280197],"iscrowd":0,"metadata":{}},
{"id":35,"datatorch_id":"95b4709b-7653-4de6-bd0d-961b04c5f58a","image_id":11,"category_id":18,"segmentation":[[193.76589604557,194.165677623462,1485.137324617,194.165677623462,1485.137324617,389.004173864063,193.76589604557,389.004173864063]],"area":251608.87,"bbox":[193.76589604557,194.165677623462,1291.37142857143,194.838496240601],"iscrowd":0,"metadata":{}},
{"id":36,"datatorch_id":"9633e8c9-f10e-4cc1-849f-2bfdf948252d","image_id":18,"category_id":5,"segmentation":[[219.875444939262,1152.22742030194,606.576347194901,1152.22742030194,606.576347194901,1215.1056157906617,219.875444939262,1215.1056157906617]],"area":24315.05,"bbox":[219.875444939262,1152.22742030194,386.700902255639,62.8781954887218],"iscrowd":0,"metadata":{}},
{"id":37,"datatorch_id":"9c591fe2-84db-4622-966a-71966cec52d1","image_id":8,"category_id":17,"segmentation":[[211.749745691142,1801.74171353502,641.836602833999,1801.74171353502,641.836602833999,1869.6501646628394,211.749745691142,1869.6501646628394]],"area":29206.53,"bbox":[211.749745691142,1801.74171353502,430.086857142857,67.9084511278195],"iscrowd":0,"metadata":{}},
{"id":38,"datatorch_id":"a16858c4-9ce7-4fca-a1a6-18219d56bc8d","image_id":16,"category_id":20,"segmentation":[[153.0226856053,147.192422773462,1439.9506856053001,147.192422773462,1439.9506856053001,1234.684212247142,153.0226856053,1234.684212247142]],"area":1399523.63,"bbox":[153.0226856053,147.192422773462,1286.928,1087.49178947368],"iscrowd":0,"metadata":{}},
{"id":39,"datatorch_id":"a37de38a-610b-4162-af0e-a6b6388a19bb","image_id":7,"category_id":17,"segmentation":[[158.510591588071,729.89837266552,723.6835239188981,729.89837266552,723.6835239188981,806.7618914625125,158.510591588071,806.7618914625125]],"area":43441.18,"bbox":[158.510591588071,729.89837266552,565.172932330827,76.8635187969925],"iscrowd":0,"metadata":{}},
{"id":40,"datatorch_id":"a864c90b-11bc-4641-bdb3-b51645bd3acf","image_id":17,"category_id":17,"segmentation":[[196.261738236879,195.291949089251,501.060475078984,195.291949089251,501.060475078984,247.9732122471457,196.261738236879,247.9732122471457]],"area":16057.18,"bbox":[196.261738236879,195.291949089251,304.798736842105,52.6812631578947],"iscrowd":0,"metadata":{}},
{"id":41,"datatorch_id":"aaae2b99-f77f-43cc-8bc5-2c62512a8296","image_id":18,"category_id":17,"segmentation":[[210.443715615954,646.057946617729,405.366121630992,646.057946617729,405.366121630992,730.9435105275035,210.443715615954,730.9435105275035]],"area":16546.1,"bbox":[210.443715615954,646.057946617729,194.922406015038,84.8855639097744],"iscrowd":0,"metadata":{}},
{"id":42,"datatorch_id":"abf6df6c-50a8-49a9-95a8-fbf6ece4e2ee","image_id":10,"category_id":17,"segmentation":[[218.101448730928,688.30024935725,635.877280309875,688.30024935725,635.877280309875,758.8338313121371,218.101448730928,758.8338313121371]],"area":29467.23,"bbox":[218.101448730928,688.30024935725,417.775831578947,70.5335819548872],"iscrowd":0,"metadata":{}},
{"id":43,"datatorch_id":"ad0053f7-3a75-499e-9505-ab7c34644299","image_id":18,"category_id":17,"segmentation":[[223.019354713698,1287.41554060269,326.768377270089,1287.41554060269,326.768377270089,1353.437645865848,223.019354713698,1353.437645865848]],"area":6849.73,"bbox":[223.019354713698,1287.41554060269,103.749022556391,66.022105263158],"iscrowd":0,"metadata":{}},
{"id":44,"datatorch_id":"b2fc88cd-c2f1-4bed-9844-a27173786917","image_id":18,"category_id":18,"segmentation":[[229.307174262571,1388.02065338465,974.413790803924,1388.02065338465,974.413790803924,1438.3232097756272,229.307174262571,1438.3232097756272]],"area":37480.77,"bbox":[229.307174262571,1388.02065338465,745.106616541353,50.3025563909773],"iscrowd":0,"metadata":{}},
{"id":45,"datatorch_id":"b450dfda-f668-4d16-85d3-d96a1655ac17","image_id":13,"category_id":19,"segmentation":[[201.130317119713,350.373232332014,1483.845505089633,350.373232332014,1483.845505089633,754.0512473696081,201.130317119713,754.0512473696081]],"area":517803.92,"bbox":[201.130317119713,350.373232332014,1282.71518796992,403.678015037594],"iscrowd":0,"metadata":{}},
{"id":46,"datatorch_id":"b8889bcf-a6e7-46bc-b4cb-a38ca2957255","image_id":18,"category_id":18,"segmentation":[[201.011986292646,730.943510527503,1417.705068999416,730.943510527503,1417.705068999416,806.3973451139691,201.011986292646,806.3973451139691]],"area":91804.16,"bbox":[201.011986292646,730.943510527503,1216.69308270677,75.4538345864661],"iscrowd":0,"metadata":{}},
{"id":47,"datatorch_id":"bad548ed-d051-4611-888b-0994c9afbe72","image_id":17,"category_id":17,"segmentation":[[211.313527710563,1903.67005435241,531.164054026352,1903.67005435241,531.164054026352,1967.6401596155677,211.313527710563,1967.6401596155677]],"area":20460.87,"bbox":[211.313527710563,1903.67005435241,319.850526315789,63.9701052631576],"iscrowd":0,"metadata":{}},
{"id":48,"datatorch_id":"c5b93011-3138-4d8d-ab26-cb71d52fd785","image_id":10,"category_id":18,"segmentation":[[228.95276903168,758.833831312137,1482.28026376852,758.833831312137,1482.28026376852,1192.886643342212,228.95276903168,1192.886643342212]],"area":544010.32,"bbox":[228.95276903168,758.833831312137,1253.32749473684,434.052812030075],"iscrowd":0,"metadata":{}},
{"id":49,"datatorch_id":"cbf74ba1-b3f9-4d7e-895c-35f407e3441e","image_id":18,"category_id":6,"segmentation":[[216.731535164826,806.397345113969,1452.288076518206,806.397345113969,1452.288076518206,1152.227420301939,216.731535164826,1152.227420301939]],"area":427292.61,"bbox":[216.731535164826,806.397345113969,1235.55654135338,345.83007518797],"iscrowd":0,"metadata":{}},
{"id":50,"datatorch_id":"cda8905b-a5f1-41dc-9cc6-b663787d2fec","image_id":7,"category_id":18,"segmentation":[[244.416877302356,169.24682379334,1487.7973284301759,169.24682379334,1487.7973284301759,729.89837266552,244.416877302356,729.89837266552]],"area":697103.18,"bbox":[244.416877302356,169.24682379334,1243.38045112782,560.65154887218],"iscrowd":0,"metadata":{}},
{"id":51,"datatorch_id":"cf52c21a-bdbf-4aa6-9b60-612544add95c","image_id":3,"category_id":20,"segmentation":[[223.186590803924,1781.71500827186,1603.991763736254,1781.71500827186,1603.991763736254,2257.074166166597,223.186590803924,2257.074166166597]],"area":656378.38,"bbox":[223.186590803924,1781.71500827186,1380.80517293233,475.359157894737],"iscrowd":0,"metadata":{}},
{"id":52,"datatorch_id":"d450e3ab-8258-40a9-a04a-6edef9937218","image_id":17,"category_id":18,"segmentation":[[222.602369815826,1132.26584382609,1430.508475078986,1132.26584382609,1430.508475078986,1305.3614227734581,222.602369815826,1305.3614227734581]],"area":209083.21,"bbox":[222.602369815826,1132.26584382609,1207.90610526316,173.095578947368],"iscrowd":0,"metadata":{}},
{"id":53,"datatorch_id":"d8083a16-195b-42b8-b47e-ec4d6ab05056","image_id":9,"category_id":17,"segmentation":[[223.574339676104,697.373540602691,631.025046443021,697.373540602691,631.025046443021,825.645059399684,223.574339676104,825.645059399684]],"area":52264.32,"bbox":[223.574339676104,697.373540602691,407.450706766917,128.271518796993],"iscrowd":0,"metadata":{}},
{"id":54,"datatorch_id":"db380466-e440-4b71-a77c-d4ac68d20b58","image_id":8,"category_id":18,"segmentation":[[196.658978773849,356.800781204195,1724.599129149789,356.800781204195,1724.599129149789,1786.650946617725,196.658978773849,1786.650946617725]],"area":2184725.48,"bbox":[196.658978773849,356.800781204195,1527.94015037594,1429.85016541353],"iscrowd":0,"metadata":{}},
{"id":55,"datatorch_id":"dd4bfdc3-cd9a-470f-9aa2-2d89019a70d3","image_id":17,"category_id":18,"segmentation":[[200.0246856053,247.973212247146,1460.61205402635,247.973212247146,1460.61205402635,364.624580668199,200.0246856053,364.624580668199]],"area":147049.24,"bbox":[200.0246856053,247.973212247146,1260.58736842105,116.651368421053],"iscrowd":0,"metadata":{}},
{"id":56,"datatorch_id":"df263bc7-39d6-41d6-9b4c-a7d2ba9c80d5","image_id":10,"category_id":18,"segmentation":[[196.398808129424,1561.83153356778,1460.577623167014,1561.83153356778,1460.577623167014,1985.033025297103,196.398808129424,1985.033025297103]],"area":535002.36,"bbox":[196.398808129424,1561.83153356778,1264.17881503759,423.201491729323],"iscrowd":0,"metadata":{}},
{"id":57,"datatorch_id":"e0cff091-f98c-4329-b6b5-950d2dda3631","image_id":17,"category_id":18,"segmentation":[[211.313527710563,1967.64015961557,1419.219632973723,1967.64015961557,1419.219632973723,2163.313422773465,211.313527710563,2163.313422773465]],"area":236354.93,"bbox":[211.313527710563,1967.64015961557,1207.90610526316,195.673263157895],"iscrowd":0,"metadata":{}},
{"id":58,"datatorch_id":"e861cad8-f3fe-4fb9-8ad7-c1a6967e39ae","image_id":19,"category_id":7,"segmentation":[[171.292317184247,213.862791194514,1273.835896131617,213.862791194514,1273.835896131617,322.988264878725,171.292317184247,322.988264878725]],"area":120315.59,"bbox":[171.292317184247,213.862791194514,1102.54357894737,109.125473684211],"iscrowd":0,"metadata":{}},
{"id":59,"datatorch_id":"eee2ec8d-8ae0-48d3-815e-b55a7579b083","image_id":9,"category_id":18,"segmentation":[[223.574339676104,244.650533083894,1532.698369751294,244.650533083894,1532.698369751294,697.373540602691,223.574339676104,697.373540602691]],"area":592670.57,"bbox":[223.574339676104,244.650533083894,1309.12403007519,452.723007518797],"iscrowd":0,"metadata":{}},
{"id":60,"datatorch_id":"f493da79-2d77-4e7c-bd3f-e24c6d988aac","image_id":17,"category_id":18,"segmentation":[[207.550580342142,1361.80563329978,1479.426790868462,1361.80563329978,1479.426790868462,1802.070475405043,207.550580342142,1802.070475405043]],"area":559962.38,"bbox":[207.550580342142,1361.80563329978,1271.87621052632,440.264842105263],"iscrowd":0,"metadata":{}},
{"id":61,"datatorch_id":"f4adac66-4280-4985-b0e0-2914025a3b5b","image_id":1,"category_id":11,"segmentation":[[227.078076496698,187.645188901658,1544.8810840154981,187.645188901658,1544.8810840154981,1403.497820480608,227.078076496698,1403.497820480608]],"area":1602254.25,"bbox":[227.078076496698,187.645188901658,1317.8030075188,1215.85263157895],"iscrowd":0,"metadata":{}}
]}