{"info": {"year":2023,"version":"0.1.0","description":"","url":"","date_created":1695180695400},"categories": [
  {
    "id": 1,
    "datatorch_id": "efdc34be-7bc8-40e6-a7ac-743c961d5b0e",
    "name": "other",
    "supercategory": null
  },
  {
    "id": 2,
    "datatorch_id": "98245cc4-3f97-4a16-8793-42b1f206b1ae",
    "name": "form",
    "supercategory": null
  },
  {
    "id": 3,
    "datatorch_id": "bac47c6d-1482-4149-b2f4-48ae401b6fce",
    "name": "report_title",
    "supercategory": null
  },
  {
    "id": 4,
    "datatorch_id": "f67b4326-b7f3-4891-a799-9e158f3f29a3",
    "name": "references",
    "supercategory": null
  },
  {
    "id": 5,
    "datatorch_id": "28540ac5-369f-447d-8dc0-6c623bdeded1",
    "name": "appendix_list",
    "supercategory": null
  },
  {
    "id": 6,
    "datatorch_id": "432d43ae-9402-465b-8bfa-08b71e3f6e70",
    "name": "list",
    "supercategory": null
  },
  {
    "id": 7,
    "datatorch_id": "866cde06-4b95-4b78-9e9d-615eb63f3b30",
    "name": "form_body",
    "supercategory": null
  },
  {
    "id": 8,
    "datatorch_id": "5c08d4fb-994f-42f5-8a08-eff81cd89470",
    "name": "form_title",
    "supercategory": null
  },
  {
    "id": 9,
    "datatorch_id": "7b220ed9-4839-4860-913e-e54f2b08ed1e",
    "name": "cross",
    "supercategory": null
  },
  {
    "id": 10,
    "datatorch_id": "bedfd226-54a1-411d-88c2-e513cc41e676",
    "name": "table_caption",
    "supercategory": null
  },
  {
    "id": 11,
    "datatorch_id": "3a69775c-e544-484e-9882-ad16eb2d72de",
    "name": "table",
    "supercategory": null
  },
  {
    "id": 12,
    "datatorch_id": "c5dfcaed-726f-42cd-8d24-72c5d6ed4f33",
    "name": "figure_caption",
    "supercategory": null
  },
  {
    "id": 13,
    "datatorch_id": "3f471323-e8c5-4b39-989f-cf5be1aec0f9",
    "name": "figure",
    "supercategory": null
  },
  {
    "id": 14,
    "datatorch_id": "99fb551f-c3d7-44ee-bfe4-335664818c3a",
    "name": "list_of_tables",
    "supercategory": null
  },
  {
    "id": 15,
    "datatorch_id": "d21d3657-a407-44b4-95f4-2f3d6302b266",
    "name": "list_of_figures",
    "supercategory": null
  },
  {
    "id": 16,
    "datatorch_id": "ee631f60-9883-4932-8f12-c50dd827cff1",
    "name": "table_of_contents",
    "supercategory": null
  },
  {
    "id": 17,
    "datatorch_id": "01396395-4edf-4a64-aee8-3045d83f9f59",
    "name": "subsubsubsubsection",
    "supercategory": null
  },
  {
    "id": 18,
    "datatorch_id": "60279c59-c020-4f1b-8221-132da3381de0",
    "name": "subsubsubsection",
    "supercategory": null
  },
  {
    "id": 19,
    "datatorch_id": "10a9f994-272f-449d-a0df-80b9119bc1d1",
    "name": "subsubsection",
    "supercategory": null
  },
  {
    "id": 20,
    "datatorch_id": "91510100-a731-4362-93ef-527524a170ce",
    "name": "subsubsection",
    "supercategory": null
  },
  {
    "id": 21,
    "datatorch_id": "b70e14c2-0849-4366-92ab-9a9a19a43234",
    "name": "subsection",
    "supercategory": null
  },
  {
    "id": 22,
    "datatorch_id": "553058cd-78a1-4549-bf72-7e47c9a279a7",
    "name": "summary",
    "supercategory": null
  },
  {
    "id": 23,
    "datatorch_id": "7ee54f92-1d68-40d6-9662-ee8721ea0609",
    "name": "abstract",
    "supercategory": null
  },
  {
    "id": 24,
    "datatorch_id": "e5aba03c-0aa5-4e2d-8318-1070c9c8cbbb",
    "name": "section",
    "supercategory": null
  },
  {
    "id": 25,
    "datatorch_id": "39ef7a9d-1162-4ae4-8624-f78005de7a54",
    "name": "paragraph",
    "supercategory": null
  },
  {
    "id": 26,
    "datatorch_id": "303bd345-80a9-4705-bb6e-cbb51b49d623",
    "name": "title",
    "supercategory": null
  }
],"images": [
  {
    "id": 1,
    "datatorch_id": "8be47a1d-394a-4bbf-bd83-2259d39094ac",
    "storage_id": "379fb094-cabd-4982-968e-525c78f3db91",
    "path": "a072117_a72117_15522707-13.jpg",
    "width": 1648,
    "height": 2317,
    "file_name": "a072117_a72117_15522707-13.jpg",
    "metadata": {},
    "date_captured": "2023-09-15T08:27:55.428Z"
  },
  {
    "id": 2,
    "datatorch_id": "9864a587-41f9-4959-b46e-5de42704b142",
    "storage_id": "379fb094-cabd-4982-968e-525c78f3db91",
    "path": "a072117_a72117_15522707-15.jpg",
    "width": 2317,
    "height": 1645,
    "file_name": "a072117_a72117_15522707-15.jpg",
    "metadata": {},
    "date_captured": "2023-09-15T08:27:55.428Z"
  },
  {
    "id": 3,
    "datatorch_id": "5208dc55-ac90-4e92-a02a-9c73548d4946",
    "storage_id": "379fb094-cabd-4982-968e-525c78f3db91",
    "path": "a072117_a72117_15522707-14.jpg",
    "width": 1648,
    "height": 2320,
    "file_name": "a072117_a72117_15522707-14.jpg",
    "metadata": {},
    "date_captured": "2023-09-15T08:27:55.443Z"
  },
  {
    "id": 4,
    "datatorch_id": "d4576dc5-55e2-48d1-958c-a6da2bd0040f",
    "storage_id": "379fb094-cabd-4982-968e-525c78f3db91",
    "path": "a072117_a72117_15522707-12.jpg",
    "width": 1648,
    "height": 2317,
    "file_name": "a072117_a72117_15522707-12.jpg",
    "metadata": {},
    "date_captured": "2023-09-15T08:27:55.443Z"
  },
  {
    "id": 5,
    "datatorch_id": "1d910c9d-1d15-4753-bedf-9ffd0eef469a",
    "storage_id": "379fb094-cabd-4982-968e-525c78f3db91",
    "path": "a072117_a72117_15522707-02.jpg",
    "width": 1645,
    "height": 2320,
    "file_name": "a072117_a72117_15522707-02.jpg",
    "metadata": {},
    "date_captured": "2023-09-15T08:27:55.506Z"
  },
  {
    "id": 6,
    "datatorch_id": "16d6b3dc-4e40-4bfe-a939-cce162da7e31",
    "storage_id": "379fb094-cabd-4982-968e-525c78f3db91",
    "path": "a072117_a72117_15522707-10.jpg",
    "width": 1645,
    "height": 2320,
    "file_name": "a072117_a72117_15522707-10.jpg",
    "metadata": {},
    "date_captured": "2023-09-15T08:27:55.568Z"
  },
  {
    "id": 7,
    "datatorch_id": "2da22585-3794-44f6-b762-109301e05b9e",
    "storage_id": "379fb094-cabd-4982-968e-525c78f3db91",
    "path": "a072117_a72117_15522707-01.jpg",
    "width": 1645,
    "height": 2317,
    "file_name": "a072117_a72117_15522707-01.jpg",
    "metadata": {},
    "date_captured": "2023-09-15T08:27:55.568Z"
  },
  {
    "id": 8,
    "datatorch_id": "3cd5cc6e-6620-4fe2-b088-35abb495fa5a",
    "storage_id": "379fb094-cabd-4982-968e-525c78f3db91",
    "path": "a072117_a72117_15522707-04.jpg",
    "width": 1648,
    "height": 2317,
    "file_name": "a072117_a72117_15522707-04.jpg",
    "metadata": {},
    "date_captured": "2023-09-15T08:27:55.584Z"
  },
  {
    "id": 9,
    "datatorch_id": "e2535cad-52a0-4d52-98d0-5fc7f4a6644e",
    "storage_id": "379fb094-cabd-4982-968e-525c78f3db91",
    "path": "a072117_a72117_15522707-11.jpg",
    "width": 1648,
    "height": 2317,
    "file_name": "a072117_a72117_15522707-11.jpg",
    "metadata": {},
    "date_captured": "2023-09-15T08:27:55.584Z"
  },
  {
    "id": 10,
    "datatorch_id": "e8e7d6ee-fb83-4dde-b870-651a39218c77",
    "storage_id": "379fb094-cabd-4982-968e-525c78f3db91",
    "path": "a072117_a72117_15522707-05.jpg",
    "width": 1648,
    "height": 2314,
    "file_name": "a072117_a72117_15522707-05.jpg",
    "metadata": {},
    "date_captured": "2023-09-15T08:27:55.584Z"
  },
  {
    "id": 11,
    "datatorch_id": "4ae59be8-7e58-4332-a398-1cbe39a5941c",
    "storage_id": "379fb094-cabd-4982-968e-525c78f3db91",
    "path": "a072117_a72117_15522707-03.jpg",
    "width": 1645,
    "height": 2325,
    "file_name": "a072117_a72117_15522707-03.jpg",
    "metadata": {},
    "date_captured": "2023-09-15T08:27:55.599Z"
  },
  {
    "id": 12,
    "datatorch_id": "cd2049c9-6140-48d5-943d-6a9c07004cc4",
    "storage_id": "379fb094-cabd-4982-968e-525c78f3db91",
    "path": "a072117_a72117_15522707-17.jpg",
    "width": 1634,
    "height": 2312,
    "file_name": "a072117_a72117_15522707-17.jpg",
    "metadata": {},
    "date_captured": "2023-09-15T08:27:55.662Z"
  },
  {
    "id": 13,
    "datatorch_id": "6fb43c99-6de5-4758-979b-2a1fb8755506",
    "storage_id": "379fb094-cabd-4982-968e-525c78f3db91",
    "path": "a072117_a72117_15522707-09.jpg",
    "width": 1648,
    "height": 2323,
    "file_name": "a072117_a72117_15522707-09.jpg",
    "metadata": {},
    "date_captured": "2023-09-15T08:27:55.865Z"
  },
  {
    "id": 14,
    "datatorch_id": "1406022b-b314-47c5-a8ab-6f75d8d323a1",
    "storage_id": "379fb094-cabd-4982-968e-525c78f3db91",
    "path": "a072117_a72117_15522707-16.jpg",
    "width": 2317,
    "height": 1639,
    "file_name": "a072117_a72117_15522707-16.jpg",
    "metadata": {},
    "date_captured": "2023-09-15T08:27:55.803Z"
  },
  {
    "id": 15,
    "datatorch_id": "247ed147-0e4a-4a49-ae92-f30351a9f074",
    "storage_id": "379fb094-cabd-4982-968e-525c78f3db91",
    "path": "a072117_a72117_15522707-08.jpg",
    "width": 1648,
    "height": 2323,
    "file_name": "a072117_a72117_15522707-08.jpg",
    "metadata": {},
    "date_captured": "2023-09-15T08:27:55.865Z"
  },
  {
    "id": 16,
    "datatorch_id": "4170cf4a-4e17-471e-be3c-5ba313008445",
    "storage_id": "379fb094-cabd-4982-968e-525c78f3db91",
    "path": "a072117_a72117_15522707-07.jpg",
    "width": 1648,
    "height": 2323,
    "file_name": "a072117_a72117_15522707-07.jpg",
    "metadata": {},
    "date_captured": "2023-09-15T08:27:55.865Z"
  },
  {
    "id": 17,
    "datatorch_id": "fb546c53-5791-4878-b8d5-c11c0f1fdf61",
    "storage_id": "379fb094-cabd-4982-968e-525c78f3db91",
    "path": "a072117_a72117_15522707-06.jpg",
    "width": 1648,
    "height": 2323,
    "file_name": "a072117_a72117_15522707-06.jpg",
    "metadata": {},
    "date_captured": "2023-09-15T08:27:55.865Z"
  }
],"annotations": [
{"id":1,"datatorch_id":"0283a824-20e0-472e-b478-e56586beef7d","image_id":15,"category_id":24,"segmentation":[[181.093132157307,1732.13555112901,602.377041931743,1732.13555112901,602.377041931743,1795.0137466177318,181.093132157307,1795.0137466177318]],"area":26489.57,"bbox":[181.093132157307,1732.13555112901,421.283909774436,62.8781954887218],"iscrowd":0,"metadata":{}},
{"id":2,"datatorch_id":"0d278d95-4857-4a22-a7f9-219bebd8776c","image_id":17,"category_id":25,"segmentation":[[175.161622382871,470.959638347052,1533.330644939261,470.959638347052,1533.330644939261,1222.479830828255,175.161622382871,1222.479830828255]],"area":1020691.45,"bbox":[175.161622382871,470.959638347052,1358.16902255639,751.520192481203],"iscrowd":0,"metadata":{}},
{"id":3,"datatorch_id":"0f2eca9c-12fc-40f1-ac8e-c4759e37f889","image_id":8,"category_id":25,"segmentation":[[157.409527710563,175.832633299777,1542.174159289513,175.832633299777,1542.174159289513,672.541685931356,157.409527710563,672.541685931356]],"area":687825.13,"bbox":[157.409527710563,175.832633299777,1384.76463157895,496.709052631579],"iscrowd":0,"metadata":{}},
{"id":4,"datatorch_id":"22e49ef1-439e-4c1c-b9ba-68a7da0a258f","image_id":16,"category_id":24,"segmentation":[[184.974114112194,1702.16710451247,747.105181781367,1702.16710451247,747.105181781367,1883.256307519989,184.974114112194,1883.256307519989]],"area":101795.87,"bbox":[184.974114112194,1702.16710451247,562.131067669173,181.089203007519],"iscrowd":0,"metadata":{}},
{"id":5,"datatorch_id":"30e5659a-3daa-4c06-a56b-4f5f2bbd7757","image_id":4,"category_id":25,"segmentation":[[178.158001394774,244.576106983988,1485.782211921094,244.576106983988,1485.782211921094,464.081370141883,178.158001394774,464.081370141883]],"area":287030.4,"bbox":[178.158001394774,244.576106983988,1307.62421052632,219.505263157895],"iscrowd":0,"metadata":{}},
{"id":6,"datatorch_id":"32be3259-d81e-4ab5-9054-4e4cdd94c4b0","image_id":11,"category_id":16,"segmentation":[[96.4968734891795,47.8480084505298,1493.5946178500794,47.8480084505298,1493.5946178500794,750.1728204806049,96.4968734891795,750.1728204806049]],"area":981216.41,"bbox":[96.4968734891795,47.8480084505298,1397.0977443609,702.324812030075],"iscrowd":0,"metadata":{}},
{"id":7,"datatorch_id":"3515adeb-3f2a-4710-8e3d-f2292ba10b93","image_id":13,"category_id":25,"segmentation":[[165.42947501445,1619.60454060269,1500.9623471949,1619.60454060269,1500.9623471949,1819.557202256825,165.42947501445,1819.557202256825]],"area":267043.35,"bbox":[165.42947501445,1619.60454060269,1335.53287218045,199.952661654135],"iscrowd":0,"metadata":{}},
{"id":8,"datatorch_id":"424eeae0-f408-4b80-8808-1a6edb2648c1","image_id":17,"category_id":25,"segmentation":[[170.634392307683,1313.02443233201,1497.112804337753,1313.02443233201,1497.112804337753,2046.4357045124611,170.634392307683,2046.4357045124611]],"area":972854.22,"bbox":[170.634392307683,1313.02443233201,1326.47841203007,733.411272180451],"iscrowd":0,"metadata":{}},
{"id":9,"datatorch_id":"43330bef-93ce-4d67-ae4b-0e1724a0f272","image_id":13,"category_id":24,"segmentation":[[169.202166743773,1827.10258571547,874.6955201272319,1827.10258571547,874.6955201272319,1898.7837285726132,169.202166743773,1898.7837285726132]],"area":50570.57,"bbox":[169.202166743773,1827.10258571547,705.493353383459,71.6811428571432],"iscrowd":0,"metadata":{}},
{"id":10,"datatorch_id":"46af4508-0a69-4b0f-9fad-c96162b6c7ab","image_id":5,"category_id":3,"segmentation":[[117.315914896341,34.2786433422119,1473.730952490321,34.2786433422119,1473.730952490321,1447.2109741692818,117.315914896341,1447.2109741692818]],"area":1916522.66,"bbox":[117.315914896341,34.2786433422119,1356.41503759398,1412.93233082707],"iscrowd":0,"metadata":{}},
{"id":11,"datatorch_id":"57c24a6c-b950-4110-b632-19238e557f54","image_id":16,"category_id":25,"segmentation":[[184.974114112194,600.54111955006,1528.052369751294,600.54111955006,1528.052369751294,1709.71248797111,184.974114112194,1709.71248797111]],"area":1489703.95,"bbox":[184.974114112194,600.54111955006,1343.0782556391,1109.17136842105],"iscrowd":0,"metadata":{}},
{"id":12,"datatorch_id":"59c84179-99f8-4d19-bf00-323cd0ea48ce","image_id":6,"category_id":25,"segmentation":[[171.966741964011,210.176508003866,1505.774862264761,210.176508003866,1505.774862264761,537.976808755746,171.966741964011,537.976808755746]],"area":437222.7,"bbox":[171.966741964011,210.176508003866,1333.80812030075,327.80030075188],"iscrowd":0,"metadata":{}},
{"id":13,"datatorch_id":"5b918579-1c6c-40f2-943e-819b023b194e","image_id":17,"category_id":24,"segmentation":[[175.161622382871,1222.47983082826,406.05035621745697,1222.47983082826,406.05035621745697,1313.0244323320194,175.161622382871,1313.0244323320194]],"area":20905.73,"bbox":[175.161622382871,1222.47983082826,230.888733834586,90.5446015037594],"iscrowd":0,"metadata":{}},
{"id":14,"datatorch_id":"5e3053dc-ee60-4f97-acb3-03c7bbc873eb","image_id":15,"category_id":24,"segmentation":[[341.432530653548,798.394348121489,1290.893282533247,798.394348121489,1290.893282533247,861.2725436102106,341.432530653548,861.2725436102106]],"area":59700.38,"bbox":[341.432530653548,798.394348121489,949.460751879699,62.8781954887216],"iscrowd":0,"metadata":{}},
{"id":15,"datatorch_id":"5edbccc1-907b-4c3e-905a-dd3c1c730209","image_id":1,"category_id":24,"segmentation":[[166.3116856053,114.336317510304,945.241790868458,114.336317510304,945.241790868458,219.698843826093,166.3116856053,219.698843826093]],"area":82070.04,"bbox":[166.3116856053,114.336317510304,778.930105263158,105.362526315789],"iscrowd":0,"metadata":{}},
{"id":16,"datatorch_id":"60abbe79-7a1d-42d7-8979-6a2c6428dc9e","image_id":11,"category_id":15,"segmentation":[[115.3765727373,833.243497172334,949.8592795042169,833.243497172334,949.8592795042169,1203.285602435492,115.3765727373,1203.285602435492]],"area":308793.74,"bbox":[115.3765727373,833.243497172334,834.482706766917,370.042105263158],"iscrowd":0,"metadata":{}},
{"id":17,"datatorch_id":"67826c70-caa1-4fe0-9bc5-edd5c19d3527","image_id":12,"category_id":12,"segmentation":[[1327.66514806509,2195.0634185674,1605.5223510726091,2195.0634185674,1605.5223510726091,2262.6503057854447,1327.66514806509,2262.6503057854447]],"area":18779.5,"bbox":[1327.66514806509,2195.0634185674,277.857203007519,67.5868872180449],"iscrowd":0,"metadata":{}},
{"id":18,"datatorch_id":"6c3b3b29-d55c-4df7-a5bb-689b43055591","image_id":13,"category_id":24,"segmentation":[[195.611008849037,1532.83263082825,516.289805841518,1532.83263082825,516.289805841518,1578.10493158013,195.611008849037,1578.10493158013]],"area":14517.87,"bbox":[195.611008849037,1532.83263082825,320.678796992481,45.2723007518798],"iscrowd":0,"metadata":{}},
{"id":19,"datatorch_id":"6f4c2eea-035d-4c7b-8ac0-f9156e5138cb","image_id":15,"category_id":25,"segmentation":[[155.941853961818,1301.41991203126,1476.383959224978,1301.41991203126,1476.383959224978,1732.135551129005,155.941853961818,1732.135551129005]],"area":568735.07,"bbox":[155.941853961818,1301.41991203126,1320.44210526316,430.715639097745],"iscrowd":0,"metadata":{}},
{"id":20,"datatorch_id":"70d7f940-bc73-4e1c-8357-cc2c7bc86903","image_id":17,"category_id":24,"segmentation":[[166.107162232495,393.996727068857,573.557868999412,393.996727068857,573.557868999412,470.95963834705253,166.107162232495,470.95963834705253]],"area":31358.59,"bbox":[166.107162232495,393.996727068857,407.450706766917,76.9629112781955],"iscrowd":0,"metadata":{}},
{"id":21,"datatorch_id":"7ae4adb8-cfb3-42bb-88f3-37e0b701aa03","image_id":10,"category_id":24,"segmentation":[[161.456539021026,126.993570625764,582.360960073658,126.993570625764,582.360960073658,202.1550743851625,161.456539021026,202.1550743851625]],"area":31635.81,"bbox":[161.456539021026,126.993570625764,420.904421052632,75.1615037593985],"iscrowd":0,"metadata":{}},
{"id":22,"datatorch_id":"7cff6945-1432-4365-8775-e01e365dcd5f","image_id":10,"category_id":25,"segmentation":[[172.730764584936,251.010051828772,1457.992478870646,251.010051828772,1457.992478870646,592.994893934035,172.730764584936,592.994893934035]],"area":439540.02,"bbox":[172.730764584936,251.010051828772,1285.26171428571,341.984842105263],"iscrowd":0,"metadata":{}},
{"id":23,"datatorch_id":"7f8774dc-268c-4470-b827-e317a7aa0b4f","image_id":7,"category_id":3,"segmentation":[[70.0307066579315,27.5028227734615,1645.9530645526713,27.5028227734615,1645.9530645526713,2312.3644648787217,70.0307066579315,2312.3644648787217]],"area":3600764.55,"bbox":[70.0307066579315,27.5028227734615,1575.92235789474,2284.86164210526],"iscrowd":0,"metadata":{}},
{"id":24,"datatorch_id":"83cbf794-ce26-4b70-a500-db87b59f5363","image_id":13,"category_id":11,"segmentation":[[180.520241931743,235.026675941037,1538.689264488133,235.026675941037,1538.689264488133,808.47581879818,180.520241931743,808.47581879818]],"area":778840.86,"bbox":[180.520241931743,235.026675941037,1358.16902255639,573.449142857143],"iscrowd":0,"metadata":{}},
{"id":25,"datatorch_id":"8b9087cb-717a-429b-bd6c-a451bab62a91","image_id":11,"category_id":1,"segmentation":[[100.272813338804,1259.92470017985,1070.689354692187,1259.92470017985,1070.689354692187,1750.7968806309782,100.272813338804,1750.7968806309782]],"area":476350.48,"bbox":[100.272813338804,1259.92470017985,970.416541353383,490.872180451128],"iscrowd":0,"metadata":{}},
{"id":26,"datatorch_id":"8d169d81-6872-4bec-b7f8-dd09d25fe5be","image_id":17,"category_id":24,"segmentation":[[157.052702082119,122.362922557579,962.899655465578,122.362922557579,962.899655465578,190.2713736853986,157.052702082119,190.2713736853986]],"area":54723.82,"bbox":[157.052702082119,122.362922557579,805.846953383459,67.9084511278196],"iscrowd":0,"metadata":{}},
{"id":27,"datatorch_id":"97124b80-fc61-49ad-8280-daab73ea95c9","image_id":1,"category_id":25,"segmentation":[[132.445159289511,219.698843826093,1483.343264552671,219.698843826093,1483.343264552671,573.415896457672,132.445159289511,573.415896457672]],"area":477835.7,"bbox":[132.445159289511,219.698843826093,1350.89810526316,353.717052631579],"iscrowd":0,"metadata":{}},
{"id":28,"datatorch_id":"a39711a7-f0e1-46da-9112-c2a26501f85f","image_id":9,"category_id":24,"segmentation":[[156.172632973721,134.544738562935,603.963369815826,134.544738562935,603.963369815826,221.09252803661923,156.172632973721,221.09252803661923]],"area":38755.3,"bbox":[156.172632973721,134.544738562935,447.790736842105,86.5477894736842],"iscrowd":0,"metadata":{}},
{"id":29,"datatorch_id":"aad9d016-b6b7-462c-945c-78da52d0ef0c","image_id":15,"category_id":25,"segmentation":[[146.51012463851,138.17329548991,1501.53523742046,138.17329548991,1501.53523742046,798.394348121489,146.51012463851,798.394348121489]],"area":894616.11,"bbox":[146.51012463851,138.17329548991,1355.02511278195,660.221052631579],"iscrowd":0,"metadata":{}},
{"id":30,"datatorch_id":"ad2ecb63-3d74-434a-82a0-18c7234b4541","image_id":14,"category_id":13,"segmentation":[[-2.54967371894833,125.093491331934,2285.623114711622,125.093491331934,2285.623114711622,1603.167839138014,-2.54967371894833,1603.167839138014]],"area":3382089.5,"bbox":[-2.54967371894833,125.093491331934,2288.17278843057,1478.07434780608],"iscrowd":0,"metadata":{}},
{"id":31,"datatorch_id":"aef598b7-1b69-420f-8522-3a9e092a7f54","image_id":13,"category_id":25,"segmentation":[[180.520241931743,1898.78372857262,1482.098888548283,1898.78372857262,1482.098888548283,2181.735608271868,180.520241931743,2181.735608271868]],"area":368284.12,"bbox":[180.520241931743,1898.78372857262,1301.57864661654,282.951879699248],"iscrowd":0,"metadata":{}},
{"id":32,"datatorch_id":"afa41f54-2c76-4fbb-9e59-d89637e1917c","image_id":17,"category_id":25,"segmentation":[[166.107162232495,244.598134587654,1469.949423886635,244.598134587654,1469.949423886635,393.996727068857,166.107162232495,393.996727068857]],"area":194792.2,"bbox":[166.107162232495,244.598134587654,1303.84226165414,149.398592481203],"iscrowd":0,"metadata":{}},
{"id":33,"datatorch_id":"b5faefc6-bf61-4c49-8c11-4a97b913543e","image_id":6,"category_id":24,"segmentation":[[156.895463768522,123.516658379806,838.8708021143871,123.516658379806,838.8708021143871,210.1765080038661,156.895463768522,210.1765080038661]],"area":59099.88,"bbox":[156.895463768522,123.516658379806,681.975338345865,86.6598496240601],"iscrowd":0,"metadata":{}},
{"id":34,"datatorch_id":"b99441fe-4607-4b38-8f34-3aada8f0d19b","image_id":16,"category_id":25,"segmentation":[[173.656038924225,147.818112031263,1528.052369751295,147.818112031263,1528.052369751295,502.451134587654,173.656038924225,502.451134587654]],"area":480313.66,"bbox":[173.656038924225,147.818112031263,1354.39633082707,354.633022556391],"iscrowd":0,"metadata":{}},
{"id":35,"datatorch_id":"bf78e85c-06ff-486d-b815-91f03c79df7e","image_id":8,"category_id":24,"segmentation":[[146.1206856053,104.336633299777,518.652475078984,104.336633299777,518.652475078984,175.832633299777,146.1206856053,175.832633299777]],"area":26634.53,"bbox":[146.1206856053,104.336633299777,372.531789473684,71.496],"iscrowd":0,"metadata":{}},
{"id":36,"datatorch_id":"c228d7b3-5ffb-4e78-9bf0-72ac20b17074","image_id":9,"category_id":25,"segmentation":[[148.646738236879,221.092528036619,1488.2560013947689,221.092528036619,1488.2560013947689,657.594422773461,148.646738236879,657.594422773461]],"area":584741.98,"bbox":[148.646738236879,221.092528036619,1339.60926315789,436.501894736842],"iscrowd":0,"metadata":{}},
{"id":37,"datatorch_id":"c762a87b-8b2c-4cd6-94c0-54f105442ea2","image_id":16,"category_id":24,"segmentation":[[173.656038924225,502.451134587654,467.92599381144294,502.451134587654,467.92599381144294,600.5411195500601,173.656038924225,600.5411195500601]],"area":28864.94,"bbox":[173.656038924225,502.451134587654,294.269954887218,98.0899849624061],"iscrowd":0,"metadata":{}},
{"id":38,"datatorch_id":"ce78ffe6-d018-4136-99c5-f08136fe097b","image_id":13,"category_id":25,"segmentation":[[180.520241931743,838.657352632766,1493.416963736253,838.657352632766,1493.416963736253,1529.059939098931,180.520241931743,1529.059939098931]],"area":906427.29,"bbox":[180.520241931743,838.657352632766,1312.89672180451,690.402586466165],"iscrowd":0,"metadata":{}},
{"id":39,"datatorch_id":"d1182fb5-f6eb-4340-ba42-035100dfeed6","image_id":3,"category_id":25,"segmentation":[[143.393960009123,221.256688454994,1050.8105013625059,221.256688454994,1050.8105013625059,315.4521771767985,143.393960009123,315.4521771767985]],"area":85474.54,"bbox":[143.393960009123,221.256688454994,907.416541353383,94.1954887218045],"iscrowd":0,"metadata":{}},
{"id":40,"datatorch_id":"d4e65f22-92eb-4c92-9fdd-8f0d65187773","image_id":15,"category_id":11,"segmentation":[[171.661402833999,876.992092482391,1526.686515615949,876.992092482391,1526.686515615949,1269.980814286902,171.661402833999,1269.980814286902]],"area":532509.59,"bbox":[171.661402833999,876.992092482391,1355.02511278195,392.988721804511],"iscrowd":0,"metadata":{}},
{"id":41,"datatorch_id":"dbb25f58-ae7f-4695-9118-fe8965a53979","image_id":2,"category_id":13,"segmentation":[[3.28680549222631,7.36244620457148,2277.2473405785063,7.36244620457148,2277.2473405785063,1618.0844918906814,3.28680549222631,1618.0844918906814]],"area":3662718.36,"bbox":[3.28680549222631,7.36244620457148,2273.96053508628,1610.72204568611],"iscrowd":0,"metadata":{}},
{"id":42,"datatorch_id":"ddf63bee-895f-4e87-adb9-453f30144dbf","image_id":15,"category_id":25,"segmentation":[[171.661402833999,1795.01374661773,1501.535237420469,1795.01374661773,1501.535237420469,1949.065325565099,171.661402833999,1949.065325565099]],"area":204869.16,"bbox":[171.661402833999,1795.01374661773,1329.87383458647,154.051578947369],"iscrowd":0,"metadata":{}},
{"id":43,"datatorch_id":"e0e919ef-68eb-4f28-a4a5-65d01ee2d106","image_id":4,"category_id":24,"segmentation":[[162.479054026353,116.008738562935,391.39168560530004,116.008738562935,391.39168560530004,203.8108438260928,162.479054026353,203.8108438260928]],"area":20099.01,"bbox":[162.479054026353,116.008738562935,228.912631578947,87.8021052631578],"iscrowd":0,"metadata":{}},
{"id":44,"datatorch_id":"e53b8c5f-b657-4bc7-a804-1f1bb5e4a3b4","image_id":16,"category_id":25,"segmentation":[[188.746805841518,1883.25630751998,1512.9616028339979,1883.25630751998,1512.9616028339979,2049.254743610206,188.746805841518,2049.254743610206]],"area":219817.59,"bbox":[188.746805841518,1883.25630751998,1324.21479699248,165.998436090226],"iscrowd":0,"metadata":{}},
{"id":45,"datatorch_id":"ebadb764-bfc7-4432-968d-cf92c5928dd9","image_id":12,"category_id":13,"segmentation":[[186.197719493665,54.8119899959712,1537.9354638545651,54.8119899959712,1537.9354638545651,2153.760320823041,186.197719493665,2153.760320823041]],"area":2837227.68,"bbox":[186.197719493665,54.8119899959712,1351.7377443609,2098.94833082707],"iscrowd":0,"metadata":{}},
{"id":46,"datatorch_id":"ec124127-a0fd-42a4-8257-f8f31c0fa6f5","image_id":3,"category_id":24,"segmentation":[[165.372907377544,133.34089898131,479.35786978355895,133.34089898131,479.35786978355895,186.7183425903325,165.372907377544,186.7183425903325]],"area":16759.71,"bbox":[165.372907377544,133.34089898131,313.984962406015,53.3774436090225],"iscrowd":0,"metadata":{}},
{"id":47,"datatorch_id":"efbfc3bb-6332-45ed-b41f-cf7396fc0ae6","image_id":13,"category_id":10,"segmentation":[[297.473685540766,133.163999249308,1304.782377270086,133.163999249308,1304.782377270086,235.026675941037,297.473685540766,235.026675941037]],"area":102607.16,"bbox":[297.473685540766,133.163999249308,1007.30869172932,101.862676691729],"iscrowd":0,"metadata":{}}
]}