{"info": {"year":2023,"version":"0.1.0","description":"","url":"","date_created":1695180488065},"categories": [
  {
    "id": 1,
    "datatorch_id": "efdc34be-7bc8-40e6-a7ac-743c961d5b0e",
    "name": "other",
    "supercategory": null
  },
  {
    "id": 2,
    "datatorch_id": "98245cc4-3f97-4a16-8793-42b1f206b1ae",
    "name": "form",
    "supercategory": null
  },
  {
    "id": 3,
    "datatorch_id": "bac47c6d-1482-4149-b2f4-48ae401b6fce",
    "name": "report_title",
    "supercategory": null
  },
  {
    "id": 4,
    "datatorch_id": "f67b4326-b7f3-4891-a799-9e158f3f29a3",
    "name": "references",
    "supercategory": null
  },
  {
    "id": 5,
    "datatorch_id": "28540ac5-369f-447d-8dc0-6c623bdeded1",
    "name": "appendix_list",
    "supercategory": null
  },
  {
    "id": 6,
    "datatorch_id": "432d43ae-9402-465b-8bfa-08b71e3f6e70",
    "name": "list",
    "supercategory": null
  },
  {
    "id": 7,
    "datatorch_id": "866cde06-4b95-4b78-9e9d-615eb63f3b30",
    "name": "form_body",
    "supercategory": null
  },
  {
    "id": 8,
    "datatorch_id": "5c08d4fb-994f-42f5-8a08-eff81cd89470",
    "name": "form_title",
    "supercategory": null
  },
  {
    "id": 9,
    "datatorch_id": "7b220ed9-4839-4860-913e-e54f2b08ed1e",
    "name": "cross",
    "supercategory": null
  },
  {
    "id": 10,
    "datatorch_id": "bedfd226-54a1-411d-88c2-e513cc41e676",
    "name": "table_caption",
    "supercategory": null
  },
  {
    "id": 11,
    "datatorch_id": "3a69775c-e544-484e-9882-ad16eb2d72de",
    "name": "table",
    "supercategory": null
  },
  {
    "id": 12,
    "datatorch_id": "c5dfcaed-726f-42cd-8d24-72c5d6ed4f33",
    "name": "figure_caption",
    "supercategory": null
  },
  {
    "id": 13,
    "datatorch_id": "3f471323-e8c5-4b39-989f-cf5be1aec0f9",
    "name": "figure",
    "supercategory": null
  },
  {
    "id": 14,
    "datatorch_id": "99fb551f-c3d7-44ee-bfe4-335664818c3a",
    "name": "list_of_tables",
    "supercategory": null
  },
  {
    "id": 15,
    "datatorch_id": "d21d3657-a407-44b4-95f4-2f3d6302b266",
    "name": "list_of_figures",
    "supercategory": null
  },
  {
    "id": 16,
    "datatorch_id": "ee631f60-9883-4932-8f12-c50dd827cff1",
    "name": "table_of_contents",
    "supercategory": null
  },
  {
    "id": 17,
    "datatorch_id": "01396395-4edf-4a64-aee8-3045d83f9f59",
    "name": "subsubsubsubsection",
    "supercategory": null
  },
  {
    "id": 18,
    "datatorch_id": "60279c59-c020-4f1b-8221-132da3381de0",
    "name": "subsubsubsection",
    "supercategory": null
  },
  {
    "id": 19,
    "datatorch_id": "10a9f994-272f-449d-a0df-80b9119bc1d1",
    "name": "subsubsection",
    "supercategory": null
  },
  {
    "id": 20,
    "datatorch_id": "91510100-a731-4362-93ef-527524a170ce",
    "name": "subsubsection",
    "supercategory": null
  },
  {
    "id": 21,
    "datatorch_id": "b70e14c2-0849-4366-92ab-9a9a19a43234",
    "name": "subsection",
    "supercategory": null
  },
  {
    "id": 22,
    "datatorch_id": "553058cd-78a1-4549-bf72-7e47c9a279a7",
    "name": "summary",
    "supercategory": null
  },
  {
    "id": 23,
    "datatorch_id": "7ee54f92-1d68-40d6-9662-ee8721ea0609",
    "name": "abstract",
    "supercategory": null
  },
  {
    "id": 24,
    "datatorch_id": "e5aba03c-0aa5-4e2d-8318-1070c9c8cbbb",
    "name": "section",
    "supercategory": null
  },
  {
    "id": 25,
    "datatorch_id": "39ef7a9d-1162-4ae4-8624-f78005de7a54",
    "name": "paragraph",
    "supercategory": null
  },
  {
    "id": 26,
    "datatorch_id": "303bd345-80a9-4705-bb6e-cbb51b49d623",
    "name": "title",
    "supercategory": null
  }
],"images": [
  {
    "id": 1,
    "datatorch_id": "6898eba2-8491-4c64-8c4a-b8d680ac16ac",
    "storage_id": "379fb094-cabd-4982-968e-525c78f3db91",
    "path": "a072069_appendix 9 napier_ellendale_annual_report_2006 c127_2000_15717350-01.jpg",
    "width": 1653,
    "height": 2339,
    "file_name": "a072069_appendix 9 napier_ellendale_annual_report_2006 c127_2000_15717350-01.jpg",
    "metadata": {},
    "date_captured": "2023-09-15T02:21:36.797Z"
  },
  {
    "id": 2,
    "datatorch_id": "9f0c54ef-863f-42a7-b8bf-41290b23fde7",
    "storage_id": "379fb094-cabd-4982-968e-525c78f3db91",
    "path": "a072069_appendix 9 napier_ellendale_annual_report_2006 c127_2000_15717350-13.jpg",
    "width": 1653,
    "height": 2339,
    "file_name": "a072069_appendix 9 napier_ellendale_annual_report_2006 c127_2000_15717350-13.jpg",
    "metadata": {},
    "date_captured": "2023-09-15T02:21:37.094Z"
  },
  {
    "id": 3,
    "datatorch_id": "da434c52-e73d-4926-9005-dddc27504aa4",
    "storage_id": "379fb094-cabd-4982-968e-525c78f3db91",
    "path": "a072069_appendix 9 napier_ellendale_annual_report_2006 c127_2000_15717350-06.jpg",
    "width": 1653,
    "height": 2339,
    "file_name": "a072069_appendix 9 napier_ellendale_annual_report_2006 c127_2000_15717350-06.jpg",
    "metadata": {},
    "date_captured": "2023-09-15T02:21:37.297Z"
  },
  {
    "id": 4,
    "datatorch_id": "ca879b0a-0187-4a64-8ce4-04740d00623c",
    "storage_id": "379fb094-cabd-4982-968e-525c78f3db91",
    "path": "a072069_appendix 9 napier_ellendale_annual_report_2006 c127_2000_15717350-09.jpg",
    "width": 1653,
    "height": 2339,
    "file_name": "a072069_appendix 9 napier_ellendale_annual_report_2006 c127_2000_15717350-09.jpg",
    "metadata": {},
    "date_captured": "2023-09-15T02:21:37.344Z"
  },
  {
    "id": 5,
    "datatorch_id": "348993c3-7cfb-4edd-a28b-4f608c4c6e29",
    "storage_id": "379fb094-cabd-4982-968e-525c78f3db91",
    "path": "a072069_appendix 9 napier_ellendale_annual_report_2006 c127_2000_15717350-12.jpg",
    "width": 1653,
    "height": 2339,
    "file_name": "a072069_appendix 9 napier_ellendale_annual_report_2006 c127_2000_15717350-12.jpg",
    "metadata": {},
    "date_captured": "2023-09-15T02:21:37.453Z"
  },
  {
    "id": 6,
    "datatorch_id": "5f3bd871-bf22-432f-8a3b-2f60b843c05d",
    "storage_id": "379fb094-cabd-4982-968e-525c78f3db91",
    "path": "a072069_appendix 9 napier_ellendale_annual_report_2006 c127_2000_15717350-04.jpg",
    "width": 1653,
    "height": 2339,
    "file_name": "a072069_appendix 9 napier_ellendale_annual_report_2006 c127_2000_15717350-04.jpg",
    "metadata": {},
    "date_captured": "2023-09-15T02:21:37.563Z"
  },
  {
    "id": 7,
    "datatorch_id": "b88c885e-4106-485c-831f-ddaf95954493",
    "storage_id": "379fb094-cabd-4982-968e-525c78f3db91",
    "path": "a072069_appendix 9 napier_ellendale_annual_report_2006 c127_2000_15717350-08.jpg",
    "width": 1653,
    "height": 2339,
    "file_name": "a072069_appendix 9 napier_ellendale_annual_report_2006 c127_2000_15717350-08.jpg",
    "metadata": {},
    "date_captured": "2023-09-15T02:21:37.344Z"
  },
  {
    "id": 8,
    "datatorch_id": "943aec77-c23f-4afc-bcdd-1477c2e8d680",
    "storage_id": "379fb094-cabd-4982-968e-525c78f3db91",
    "path": "a072069_appendix 9 napier_ellendale_annual_report_2006 c127_2000_15717350-14.jpg",
    "width": 1653,
    "height": 2339,
    "file_name": "a072069_appendix 9 napier_ellendale_annual_report_2006 c127_2000_15717350-14.jpg",
    "metadata": {},
    "date_captured": "2023-09-15T02:21:36.797Z"
  },
  {
    "id": 9,
    "datatorch_id": "e8394cf9-b25a-41c1-adef-7ff0264783fe",
    "storage_id": "379fb094-cabd-4982-968e-525c78f3db91",
    "path": "a072069_appendix 9 napier_ellendale_annual_report_2006 c127_2000_15717350-02.jpg",
    "width": 1653,
    "height": 2339,
    "file_name": "a072069_appendix 9 napier_ellendale_annual_report_2006 c127_2000_15717350-02.jpg",
    "metadata": {},
    "date_captured": "2023-09-15T02:21:37.453Z"
  },
  {
    "id": 10,
    "datatorch_id": "43a5ac6a-45ed-4fce-b025-13a771012c38",
    "storage_id": "379fb094-cabd-4982-968e-525c78f3db91",
    "path": "a072069_appendix 9 napier_ellendale_annual_report_2006 c127_2000_15717350-05.jpg",
    "width": 1653,
    "height": 2339,
    "file_name": "a072069_appendix 9 napier_ellendale_annual_report_2006 c127_2000_15717350-05.jpg",
    "metadata": {},
    "date_captured": "2023-09-15T02:21:37.594Z"
  },
  {
    "id": 11,
    "datatorch_id": "ddc58e06-334c-4b2b-b5ba-3520e215a9ba",
    "storage_id": "379fb094-cabd-4982-968e-525c78f3db91",
    "path": "a072069_appendix 9 napier_ellendale_annual_report_2006 c127_2000_15717350-11.jpg",
    "width": 1653,
    "height": 2339,
    "file_name": "a072069_appendix 9 napier_ellendale_annual_report_2006 c127_2000_15717350-11.jpg",
    "metadata": {},
    "date_captured": "2023-09-15T02:21:37.594Z"
  },
  {
    "id": 12,
    "datatorch_id": "ff06da70-5888-4f00-81ff-1b552a2a1507",
    "storage_id": "379fb094-cabd-4982-968e-525c78f3db91",
    "path": "a072069_appendix 9 napier_ellendale_annual_report_2006 c127_2000_15717350-10.jpg",
    "width": 1653,
    "height": 2339,
    "file_name": "a072069_appendix 9 napier_ellendale_annual_report_2006 c127_2000_15717350-10.jpg",
    "metadata": {},
    "date_captured": "2023-09-15T02:21:37.594Z"
  },
  {
    "id": 13,
    "datatorch_id": "7dfd3ff7-1ec8-4016-8500-58286152c752",
    "storage_id": "379fb094-cabd-4982-968e-525c78f3db91",
    "path": "a072069_appendix 9 napier_ellendale_annual_report_2006 c127_2000_15717350-07.jpg",
    "width": 1653,
    "height": 2339,
    "file_name": "a072069_appendix 9 napier_ellendale_annual_report_2006 c127_2000_15717350-07.jpg",
    "metadata": {},
    "date_captured": "2023-09-15T02:21:37.563Z"
  },
  {
    "id": 14,
    "datatorch_id": "27951663-78c5-4196-933c-1867e677dccc",
    "storage_id": "379fb094-cabd-4982-968e-525c78f3db91",
    "path": "a072069_appendix 9 napier_ellendale_annual_report_2006 c127_2000_15717350-03.jpg",
    "width": 1653,
    "height": 2339,
    "file_name": "a072069_appendix 9 napier_ellendale_annual_report_2006 c127_2000_15717350-03.jpg",
    "metadata": {},
    "date_captured": "2023-09-15T02:21:37.594Z"
  }
],"annotations": [
{"id":1,"datatorch_id":"0163b4fd-b470-4e8b-9646-4e169b476e61","image_id":7,"category_id":21,"segmentation":[[222.624692887471,1189.4450202275,1053.58521920326,1189.4450202275,1053.58521920326,1252.7562984229887,222.624692887471,1252.7562984229887]],"area":52609.17,"bbox":[222.624692887471,1189.4450202275,830.960526315789,63.3112781954887],"iscrowd":0,"metadata":{}},
{"id":2,"datatorch_id":"0a136b91-9f3d-41dc-aafc-40ef8e2f1f42","image_id":3,"category_id":25,"segmentation":[[194.046685368674,344.151523986902,1441.278865819804,344.151523986902,1441.278865819804,530.9197946635941,194.046685368674,530.9197946635941]],"area":232943.4,"bbox":[194.046685368674,344.151523986902,1247.23218045113,186.768270676692],"iscrowd":0,"metadata":{}},
{"id":3,"datatorch_id":"0a8aabf5-daa0-425d-9251-1ffefdf15f05","image_id":3,"category_id":12,"segmentation":[[225.702324466419,1236.84054654329,1371.636459804769,1236.84054654329,1371.636459804769,1344.4697194756209,225.702324466419,1344.4697194756209]],"area":123335.94,"bbox":[225.702324466419,1236.84054654329,1145.93413533835,107.629172932331],"iscrowd":0,"metadata":{}},
{"id":4,"datatorch_id":"0c8dafb9-5c9e-447f-a070-d50f121cbeaf","image_id":9,"category_id":25,"segmentation":[[223.064354541607,431.468328498181,1373.2192417596468,431.468328498181,1373.2192417596468,542.263065340286,223.064354541607,542.263065340286]],"area":127431.11,"bbox":[223.064354541607,431.468328498181,1150.15488721804,110.794736842105],"iscrowd":0,"metadata":{}},
{"id":5,"datatorch_id":"1044bfb4-e4e0-42c6-92fe-ed1b09678ea3","image_id":14,"category_id":25,"segmentation":[[220.86604627093,1715.28035857337,1460.71191093258,1715.28035857337,1460.71191093258,2005.457050302693,220.86604627093,2005.457050302693]],"area":359774.37,"bbox":[220.86604627093,1715.28035857337,1239.84586466165,290.176691729323],"iscrowd":0,"metadata":{}},
{"id":6,"datatorch_id":"14c86f90-27b3-4263-9839-391508ba10df","image_id":10,"category_id":21,"segmentation":[[240.242976798135,382.480282170305,502.81868690674,382.480282170305,502.81868690674,419.11875334824975,240.242976798135,419.11875334824975]],"area":9620.37,"bbox":[240.242976798135,382.480282170305,262.575710108605,36.6384711779448],"iscrowd":0,"metadata":{}},
{"id":7,"datatorch_id":"1a6a9a08-97c0-4122-9724-8e58c0915f61","image_id":9,"category_id":12,"segmentation":[[209.874504917547,1634.38261421247,1465.548189128077,1634.38261421247,1465.548189128077,1782.108930001944,209.874504917547,1782.108930001944]],"area":185496.05,"bbox":[209.874504917547,1634.38261421247,1255.67368421053,147.726315789474],"iscrowd":0,"metadata":{}},
{"id":8,"datatorch_id":"1b989420-ca94-4aba-8209-237cb7d5e028","image_id":12,"category_id":1,"segmentation":[[597.744016195742,185.609531505699,1234.022362060404,185.609531505699,1234.022362060404,296.404268347804,597.744016195742,296.404268347804]],"area":70496.29,"bbox":[597.744016195742,185.609531505699,636.278345864662,110.794736842105],"iscrowd":0,"metadata":{}},
{"id":9,"datatorch_id":"1be804c7-b79a-44e3-ae4b-0d9af7a89217","image_id":1,"category_id":3,"segmentation":[[614.363226722058,540.94408037788,1454.116986120554,540.94408037788,1454.116986120554,1116.900847295173,614.363226722058,1116.900847295173]],"area":483661.86,"bbox":[614.363226722058,540.94408037788,839.753759398496,575.956766917293],"iscrowd":0,"metadata":{}},
{"id":10,"datatorch_id":"25752c87-117d-4a5f-a060-42f8f3137ab3","image_id":9,"category_id":21,"segmentation":[[228.340294391231,558.090884889158,428.826008676945,558.090884889158,428.826008676945,616.1262232350227,228.340294391231,616.1262232350227]],"area":11635.26,"bbox":[228.340294391231,558.090884889158,200.485714285714,58.0353383458647],"iscrowd":0,"metadata":{}},
{"id":11,"datatorch_id":"309d9473-c50f-4afd-b711-8555164a823c","image_id":11,"category_id":25,"segmentation":[[228.779956045366,1264.18750143051,1510.8333395040158,1264.18750143051,1510.8333395040158,1683.624719475622,228.779956045366,1683.624719475622]],"area":537740.9,"bbox":[228.779956045366,1264.18750143051,1282.05338345865,419.437218045112],"iscrowd":0,"metadata":{}},
{"id":12,"datatorch_id":"3377e7f3-cbca-4b69-88ac-aa75238841c2","image_id":11,"category_id":21,"segmentation":[[225.262662812283,1218.0230277463,609.966610180704,1218.0230277463,609.966610180704,1264.1875014305106,225.262662812283,1264.1875014305106]],"area":17759.66,"bbox":[225.262662812283,1218.0230277463,384.703947368421,46.1644736842106],"iscrowd":0,"metadata":{}},
{"id":13,"datatorch_id":"39828a81-5098-4b73-9ea6-edea0bb41ac0","image_id":6,"category_id":25,"segmentation":[[226.288540005266,317.302852307705,1445.030645268426,317.302852307705,1445.030645268426,1979.2239049392851,226.288540005266,1979.2239049392851]],"area":2025453.16,"bbox":[226.288540005266,317.302852307705,1218.74210526316,1661.92105263158],"iscrowd":0,"metadata":{}},
{"id":14,"datatorch_id":"3a0e4d6f-d0ca-45df-a6c4-7e890922d043","image_id":12,"category_id":13,"segmentation":[[167.227324466419,560.72885481397,1636.576572586719,560.72885481397,1636.576572586719,1209.6694563177289,167.227324466419,1209.6694563177289]],"area":953520.38,"bbox":[167.227324466419,560.72885481397,1469.3492481203,648.940601503759],"iscrowd":0,"metadata":{}},
{"id":15,"datatorch_id":"3a3bb75c-4eab-4a41-8bf5-c8eec5fead8e","image_id":4,"category_id":1,"segmentation":[[573.650557549125,116.670584137279,1080.140783113035,116.670584137279,1080.140783113035,297.10772699442197,573.650557549125,297.10772699442197]],"area":91389.65,"bbox":[573.650557549125,116.670584137279,506.49022556391,180.437142857143],"iscrowd":0,"metadata":{}},
{"id":16,"datatorch_id":"3ea82443-d321-48bf-adb0-f474bb1f0ba1","image_id":13,"category_id":12,"segmentation":[[224.295407173186,1789.84697511472,1424.0441289776961,1789.84697511472,1424.0441289776961,1891.1450202275018,224.295407173186,1891.1450202275018]],"area":121532.2,"bbox":[224.295407173186,1789.84697511472,1199.74872180451,101.298045112782],"iscrowd":0,"metadata":{}},
{"id":17,"datatorch_id":"4d212dec-b582-4b64-a487-db46e8294c15","image_id":11,"category_id":13,"segmentation":[[212.952136496494,385.743516468105,1513.471309428824,385.743516468105,1513.471309428824,955.545020227503,212.952136496494,955.545020227503]],"area":741037.78,"bbox":[212.952136496494,385.743516468105,1300.51917293233,569.801503759398],"iscrowd":0,"metadata":{}},
{"id":18,"datatorch_id":"530ec66c-69cf-46f8-aed9-57b0be17a973","image_id":13,"category_id":25,"segmentation":[[214.798715443862,1158.31697511472,1441.4547304814519,1158.31697511472,1441.4547304814519,1269.111711956825,214.798715443862,1269.111711956825]],"area":135907.03,"bbox":[214.798715443862,1158.31697511472,1226.65601503759,110.794736842105],"iscrowd":0,"metadata":{}},
{"id":19,"datatorch_id":"5389f59f-03b4-45d2-8aba-c533f4542c69","image_id":5,"category_id":24,"segmentation":[[633.268677849877,364.639757069609,997.308527473937,364.639757069609,997.308527473937,435.86494503953384,633.268677849877,435.86494503953384]],"area":25928.81,"bbox":[633.268677849877,364.639757069609,364.03984962406,71.2251879699248],"iscrowd":0,"metadata":{}},
{"id":20,"datatorch_id":"56e4ff70-e89d-4ec1-abef-aae6995e389d","image_id":1,"category_id":1,"segmentation":[[170.041159052885,1807.25757661848,635.379053789727,1807.25757661848,635.379053789727,2003.522539024495,170.041159052885,2003.522539024495]],"area":91329.52,"bbox":[170.041159052885,1807.25757661848,465.337894736842,196.264962406015],"iscrowd":0,"metadata":{}},
{"id":21,"datatorch_id":"571f8b6a-a33c-4387-b301-f7e9d86eaafc","image_id":13,"category_id":13,"segmentation":[[224.295407173186,1269.11171195683,1186.626835744614,1269.11171195683,1186.626835744614,1789.846975114724,224.295407173186,1789.846975114724]],"area":501119.91,"bbox":[224.295407173186,1269.11171195683,962.331428571428,520.735263157894],"iscrowd":0,"metadata":{}},
{"id":22,"datatorch_id":"5aac149e-7a4c-49fd-a437-072bb4e279fb","image_id":5,"category_id":25,"segmentation":[[192.727700406268,631.074719475624,1480.057023714538,631.074719475624,1480.057023714538,1812.885245791414,192.727700406268,1812.885245791414]],"area":1521379.35,"bbox":[192.727700406268,631.074719475624,1287.32932330827,1181.81052631579],"iscrowd":0,"metadata":{}},
{"id":23,"datatorch_id":"6c3f08ef-82a6-4322-bd45-e0bcdeb5474a","image_id":12,"category_id":21,"segmentation":[[238.452512436344,1457.63862925006,1111.620557549125,1457.63862925006,1111.620557549125,1532.3811104530675,238.452512436344,1532.3811104530675]],"area":65262.75,"bbox":[238.452512436344,1457.63862925006,873.168045112781,74.7424812030076],"iscrowd":0,"metadata":{}},
{"id":24,"datatorch_id":"6d72c93f-13e8-4c81-a152-6215652df305","image_id":9,"category_id":25,"segmentation":[[241.530144015291,1834.86832849818,1449.720369579201,1834.86832849818,1449.720369579201,2003.69840368615,241.530144015291,2003.69840368615]],"area":203978.85,"bbox":[241.530144015291,1834.86832849818,1208.19022556391,168.83007518797],"iscrowd":0,"metadata":{}},
{"id":25,"datatorch_id":"6f8e4589-cc68-46c0-81ee-8ad8d9683f13","image_id":12,"category_id":25,"segmentation":[[216.469429729577,1532.38111045307,1451.918677849877,1532.38111045307,1451.918677849877,1899.498591656077,216.469429729577,1899.498591656077]],"area":453555.02,"bbox":[216.469429729577,1532.38111045307,1235.4492481203,367.117481203007],"iscrowd":0,"metadata":{}},
{"id":26,"datatorch_id":"70985d7a-9bcf-487d-aca0-45e4ec9affc1","image_id":5,"category_id":21,"segmentation":[[219.107399654389,427.951035265098,675.47619664687,427.951035265098,675.47619664687,631.0747194756241,219.107399654389,631.0747194756241]],"area":92699.31,"bbox":[219.107399654389,427.951035265098,456.368796992481,203.123684210526],"iscrowd":0,"metadata":{}},
{"id":27,"datatorch_id":"71a3ee55-3f78-4fa4-97fe-47a1126f0e68","image_id":10,"category_id":25,"segmentation":[[239.001192868474,450.863682461515,1459.062283094034,450.863682461515,1459.062283094034,648.711426822417,239.001192868474,648.711426822417]],"area":241386.33,"bbox":[239.001192868474,450.863682461515,1220.06109022556,197.847744360902],"iscrowd":0,"metadata":{}},
{"id":28,"datatorch_id":"728a1021-c84e-4a4b-9fc1-fef552953e16","image_id":11,"category_id":21,"segmentation":[[238.452512436343,1712.64238864856,453.886722962659,1712.64238864856,453.886722962659,1756.6085540620936,238.452512436343,1756.6085540620936]],"area":9471.82,"bbox":[238.452512436343,1712.64238864856,215.434210526316,43.9661654135336],"iscrowd":0,"metadata":{}},
{"id":29,"datatorch_id":"768b8e85-927c-4808-8fd5-659ca5cfbf37","image_id":10,"category_id":25,"segmentation":[[226.177727956193,1011.43229148407,1426.087659033883,1011.43229148407,1426.087659033883,1286.220825318656,226.177727956193,1286.220825318656]],"area":329721.49,"bbox":[226.177727956193,1011.43229148407,1199.90993107769,274.788533834586],"iscrowd":0,"metadata":{}},
{"id":30,"datatorch_id":"7cdd4921-d18c-472a-a093-189f80674b3c","image_id":7,"category_id":13,"segmentation":[[202.99819664687,357.112749550813,1175.459429729577,357.112749550813,1175.459429729577,1040.874554062091,202.99819664687,1040.874554062091]],"area":664931.85,"bbox":[202.99819664687,357.112749550813,972.461233082707,683.761804511278],"iscrowd":0,"metadata":{}},
{"id":31,"datatorch_id":"7d80f202-a2de-47af-8800-c6d632d6e921","image_id":14,"category_id":25,"segmentation":[[223.504016195742,338.260057821489,1487.091610180702,338.260057821489,1487.091610180702,1427.741636768859,223.504016195742,1427.741636768859]],"area":1376655.41,"bbox":[223.504016195742,338.260057821489,1263.58759398496,1089.48157894737],"iscrowd":0,"metadata":{}},
{"id":32,"datatorch_id":"7f9569bf-d2f3-4397-a2d8-0ca11b10d9bf","image_id":12,"category_id":25,"segmentation":[[235.814542511532,339.13938112976,1420.263038752132,339.13938112976,1420.263038752132,513.245396167354,235.814542511532,513.245396167354]],"area":206219.61,"bbox":[235.814542511532,339.13938112976,1184.4484962406,174.106015037594],"iscrowd":0,"metadata":{}},
{"id":33,"datatorch_id":"82bf48ab-3318-454f-8548-5ac6c8fafc06","image_id":10,"category_id":10,"segmentation":[[234.767495395626,1940.6680024796,1411.7783819871058,1940.6680024796,1411.7783819871058,1994.0991062807695,234.767495395626,1994.0991062807695]],"area":62888.99,"bbox":[234.767495395626,1940.6680024796,1177.01088659148,53.4311038011695],"iscrowd":0,"metadata":{}},
{"id":34,"datatorch_id":"886a2fae-b13c-4f6e-b949-2be461f21945","image_id":13,"category_id":25,"segmentation":[[214.798715443862,1894.31058413728,1376.560670331082,1894.31058413728,1376.560670331082,1986.1119375207388,214.798715443862,1986.1119375207388]],"area":106651.32,"bbox":[214.798715443862,1894.31058413728,1161.76195488722,91.8013533834587],"iscrowd":0,"metadata":{}},
{"id":35,"datatorch_id":"9127ed3a-b394-44f4-b421-9a2d204ae907","image_id":14,"category_id":24,"segmentation":[[624.475444767171,1427.74163676886,993.7912342408549,1427.74163676886,993.7912342408549,1491.0529149643485,624.475444767171,1491.0529149643485]],"area":23381.85,"bbox":[624.475444767171,1427.74163676886,369.315789473684,63.3112781954885],"iscrowd":0,"metadata":{}},
{"id":36,"datatorch_id":"967d9195-a824-46a9-841d-7e96142e561b","image_id":8,"category_id":24,"segmentation":[[216.680467323562,330.223042783895,581.353429729577,330.223042783895,581.353429729577,440.384666844045,216.680467323562,440.384666844045]],"area":40172.97,"bbox":[216.680467323562,330.223042783895,364.672962406015,110.16162406015],"iscrowd":0,"metadata":{}},
{"id":37,"datatorch_id":"996e81ac-30ab-4e8f-9c21-a83f587efae4","image_id":3,"category_id":25,"segmentation":[[225.702324466419,1344.46971947562,1409.623226722059,1344.46971947562,1409.623226722059,1490.085659325244,225.702324466419,1490.085659325244]],"area":172397.75,"bbox":[225.702324466419,1344.46971947562,1183.92090225564,145.615939849624],"iscrowd":0,"metadata":{}},
{"id":38,"datatorch_id":"9b43e0eb-21c5-49af-92c5-7855386d392f","image_id":9,"category_id":25,"segmentation":[[236.254204165667,616.126223235023,1410.1508207070171,616.126223235023,1410.1508207070171,837.715696919233,236.254204165667,837.715696919233]],"area":260123.13,"bbox":[236.254204165667,616.126223235023,1173.89661654135,221.58947368421],"iscrowd":0,"metadata":{}},
{"id":39,"datatorch_id":"9b543999-75de-4f7f-b68a-822e67f6d378","image_id":10,"category_id":25,"segmentation":[[240.833116427371,760.458763915149,1446.238818181761,760.458763915149,1446.238818181761,910.6764957447231,240.833116427371,910.6764957447231]],"area":181073.31,"bbox":[240.833116427371,760.458763915149,1205.40570175439,150.217731829574],"iscrowd":0,"metadata":{}},
{"id":40,"datatorch_id":"9bb57cd3-e69d-47b1-b85a-9bb5cc62d1e6","image_id":4,"category_id":13,"segmentation":[[155.7961214589,366.750133009459,1497.99521920326,366.750133009459,1497.99521920326,1126.485471355323,155.7961214589,1126.485471355323]],"area":1019716.09,"bbox":[155.7961214589,366.750133009459,1342.19909774436,759.735338345864],"iscrowd":0,"metadata":{}},
{"id":41,"datatorch_id":"9e705f3e-17b8-4ba8-9831-21f78cacfe54","image_id":13,"category_id":13,"segmentation":[[202.136459804764,333.687576618481,1227.7791665716838,333.687576618481,1227.7791665716838,1033.2772006786308,202.136459804764,1033.2772006786308]],"area":717529,"bbox":[202.136459804764,333.687576618481,1025.64270676692,699.58962406015],"iscrowd":0,"metadata":{}},
{"id":42,"datatorch_id":"a510abb9-4f03-459f-bfab-301d1ef8be11","image_id":2,"category_id":13,"segmentation":[[243.288790631832,359.803478874121,1496.3245049175418,359.803478874121,1496.3245049175418,2008.534681881641,243.288790631832,2008.534681881641]],"area":2065919.08,"bbox":[243.288790631832,359.803478874121,1253.03571428571,1648.73120300752],"iscrowd":0,"metadata":{}},
{"id":43,"datatorch_id":"aab8f17e-3d33-414a-9a00-0d5cf202944b","image_id":4,"category_id":25,"segmentation":[[215.941835744615,1250.99765180645,1431.518377097995,1250.99765180645,1431.518377097995,1376.565020227502,215.941835744615,1376.565020227502]],"area":152636.75,"bbox":[215.941835744615,1250.99765180645,1215.57654135338,125.567368421052],"iscrowd":0,"metadata":{}},
{"id":44,"datatorch_id":"acc0798f-2c48-4725-b037-e3897ad38149","image_id":14,"category_id":21,"segmentation":[[215.590106421306,1641.41720067863,550.612286872434,1641.41720067863,550.612286872434,1715.2803585733668,215.590106421306,1715.2803585733668]],"area":24745.8,"bbox":[215.590106421306,1641.41720067863,335.022180451128,73.8631578947368],"iscrowd":0,"metadata":{}},
{"id":45,"datatorch_id":"b139d61b-e4dd-49af-a944-782ea8e65448","image_id":3,"category_id":13,"segmentation":[[225.702324466419,534.085358573369,1146.8814222107799,534.085358573369,1146.8814222107799,1236.840546543294,225.702324466419,1236.840546543294]],"area":647363.39,"bbox":[225.702324466419,534.085358573369,921.179097744361,702.755187969925],"iscrowd":0,"metadata":{}},
{"id":46,"datatorch_id":"b2e7fcdc-8cde-4b35-95e2-19a9b10bf634","image_id":9,"category_id":21,"segmentation":[[241.530144015291,1776.83299015232,571.276384616795,1776.83299015232,571.276384616795,1834.8683284981848,241.530144015291,1834.8683284981848]],"area":19136.93,"bbox":[241.530144015291,1776.83299015232,329.746240601504,58.0353383458648],"iscrowd":0,"metadata":{}},
{"id":47,"datatorch_id":"bbac8029-afbf-4820-af9e-e3de5163469d","image_id":9,"category_id":13,"segmentation":[[204.598565067922,842.991636768858,1418.064730481452,842.991636768858,1418.064730481452,1634.3826142124672,204.598565067922,1634.3826142124672]],"area":960326.17,"bbox":[204.598565067922,842.991636768858,1213.46616541353,791.390977443609],"iscrowd":0,"metadata":{}},
{"id":48,"datatorch_id":"bdf691c9-b72f-4951-a0e0-2a8bc18a9e2e","image_id":10,"category_id":24,"segmentation":[[619.959955713086,678.777990992547,1042.035143683011,678.777990992547,1042.035143683011,727.1407729474342,619.959955713086,727.1407729474342]],"area":20412.73,"bbox":[619.959955713086,678.777990992547,422.075187969925,48.3627819548873],"iscrowd":0,"metadata":{}},
{"id":49,"datatorch_id":"be4bfe18-644d-4785-8e65-4f284111787e","image_id":11,"category_id":25,"segmentation":[[223.504016195741,1068.97772699442,1442.2461214589011,1068.97772699442,1442.2461214589011,1211.42810293427,223.504016195741,1211.42810293427]],"area":173610.27,"bbox":[223.504016195741,1068.97772699442,1218.74210526316,142.45037593985],"iscrowd":0,"metadata":{}},
{"id":50,"datatorch_id":"c27f1796-b6f7-44b6-a6ed-91931073fa11","image_id":12,"category_id":12,"segmentation":[[214.710783113035,1209.66945631773,1454.556647774685,1209.66945631773,1454.556647774685,1323.102163084647,214.710783113035,1323.102163084647]],"area":140639.07,"bbox":[214.710783113035,1209.66945631773,1239.84586466165,113.432706766917],"iscrowd":0,"metadata":{}},
{"id":51,"datatorch_id":"c56e1e59-6d93-465a-badd-6c7fc12f0cf5","image_id":10,"category_id":11,"segmentation":[[228.661083532635,1310.1809776258,1422.464602747335,1310.1809776258,1422.464602747335,1940.668002479601,228.661083532635,1940.668002479601]],"area":752677.63,"bbox":[228.661083532635,1310.1809776258,1193.8035192147,630.487024853801],"iscrowd":0,"metadata":{}},
{"id":52,"datatorch_id":"cd8d10a0-b18d-4206-95e8-00b1f8104aa0","image_id":11,"category_id":25,"segmentation":[[241.969805669426,1756.60855406209,1415.8664222107761,1756.60855406209,1415.8664222107761,1918.404042783895,241.969805669426,1918.404042783895]],"area":189931.18,"bbox":[241.969805669426,1756.60855406209,1173.89661654135,161.795488721805],"iscrowd":0,"metadata":{}},
{"id":53,"datatorch_id":"cfe714e7-b13a-48f3-a043-2208c6b3eb85","image_id":4,"category_id":10,"segmentation":[[222.272963564163,1892.55193752074,1447.346196646873,1892.55193752074,1447.346196646873,2000.181110453071,222.272963564163,2000.181110453071]],"area":131853.62,"bbox":[222.272963564163,1892.55193752074,1225.07323308271,107.629172932331],"iscrowd":0,"metadata":{}},
{"id":54,"datatorch_id":"d03a3940-4fa3-40ae-a0a3-3251d3e4fa86","image_id":11,"category_id":12,"segmentation":[[223.504016195741,955.545020227504,1426.418301910031,955.545020227504,1426.418301910031,1068.977726994421,223.504016195741,1068.977726994421]],"area":136449.82,"bbox":[223.504016195741,955.545020227504,1202.91428571429,113.432706766917],"iscrowd":0,"metadata":{}},
{"id":55,"datatorch_id":"d30ef5ca-94d5-4440-8438-4e55fd492f21","image_id":9,"category_id":24,"segmentation":[[631.949692887471,357.605170603444,1025.007211684463,357.605170603444,1025.007211684463,431.46832849818077,631.949692887471,431.46832849818077]],"area":29032.47,"bbox":[631.949692887471,357.605170603444,393.057518796992,73.8631578947368],"iscrowd":0,"metadata":{}},
{"id":56,"datatorch_id":"d41986c6-9ed5-4070-80eb-f1deb54cab99","image_id":4,"category_id":11,"segmentation":[[222.272963564163,1376.5650202275,1453.677324466423,1376.5650202275,1453.677324466423,1892.5519375207332,222.272963564163,1892.5519375207332]],"area":635388.54,"bbox":[222.272963564163,1376.5650202275,1231.40436090226,515.986917293233],"iscrowd":0,"metadata":{}},
{"id":57,"datatorch_id":"d765dd11-24b2-4a19-9d94-3e1ffa9e195d","image_id":1,"category_id":1,"segmentation":[[543.577700406268,107.349757069609,1157.697098902508,107.349757069609,1157.697098902508,319.442539024496,543.577700406268,319.442539024496]],"area":130250.29,"bbox":[543.577700406268,107.349757069609,614.11939849624,212.092781954887],"iscrowd":0,"metadata":{}},
{"id":58,"datatorch_id":"d8a3d167-09b1-4daa-a3c9-4d9ea10b46eb","image_id":7,"category_id":12,"segmentation":[[202.99819664687,1040.87455406209,1475.5548883761899,1040.87455406209,1475.5548883761899,1173.828238272616,202.99819664687,1173.828238272616]],"area":169191.1,"bbox":[202.99819664687,1040.87455406209,1272.55669172932,132.953684210526],"iscrowd":0,"metadata":{}},
{"id":59,"datatorch_id":"e29b3422-483f-4555-9598-cb2cda2e883a","image_id":10,"category_id":21,"segmentation":[[226.462775261958,935.98005866172,1039.836835412334,935.98005866172,1039.836835412334,986.541148887284,226.462775261958,986.541148887284]],"area":41125.08,"bbox":[226.462775261958,935.98005866172,813.374060150376,50.5610902255639],"iscrowd":0,"metadata":{}},
{"id":60,"datatorch_id":"e9d5d239-d726-4064-9774-68e71d39c63b","image_id":7,"category_id":25,"segmentation":[[227.900632737095,1252.75629842299,1454.556647774685,1252.75629842299,1454.556647774685,1664.2796066936662,227.900632737095,1664.2796066936662]],"area":504797.54,"bbox":[227.900632737095,1252.75629842299,1226.65601503759,411.523308270676],"iscrowd":0,"metadata":{}},
{"id":61,"datatorch_id":"f580abc5-2d6d-466d-ad15-b8abc24dfd64","image_id":14,"category_id":25,"segmentation":[[215.590106421306,1491.05291496435,1463.349880857396,1491.05291496435,1463.349880857396,1641.4172006786362,215.590106421306,1641.4172006786362]],"area":187618.51,"bbox":[215.590106421306,1491.05291496435,1247.75977443609,150.364285714286],"iscrowd":0,"metadata":{}},
{"id":62,"datatorch_id":"f84f153d-438b-4b2b-a83b-e99a3824de1a","image_id":13,"category_id":12,"segmentation":[[202.136459804764,1033.27720067863,1427.209692887474,1033.27720067863,1427.209692887474,1158.316975114721,202.136459804764,1158.316975114721]],"area":153182.88,"bbox":[202.136459804764,1033.27720067863,1225.07323308271,125.039774436091],"iscrowd":0,"metadata":{}},
{"id":63,"datatorch_id":"fa3c6d64-f355-4494-bae1-c3c490c91a6c","image_id":12,"category_id":25,"segmentation":[[212.072813188223,1334.53336609217,1377.176196646873,1334.53336609217,1377.176196646873,1457.638629250065,212.072813188223,1457.638629250065]],"area":143430.36,"bbox":[212.072813188223,1334.53336609217,1165.10338345865,123.105263157895],"iscrowd":0,"metadata":{}},
{"id":64,"datatorch_id":"fd01f746-121b-4964-b46b-8fd77b047a20","image_id":4,"category_id":12,"segmentation":[[209.874504917546,1154.27208789668,1421.142362060406,1154.27208789668,1421.142362060406,1250.9976518064545,209.874504917546,1250.9976518064545]],"area":117160.57,"bbox":[209.874504917546,1154.27208789668,1211.26785714286,96.7255639097746],"iscrowd":0,"metadata":{}}
]}