{"info": {"year":2023,"version":"0.1.0","description":"","url":"","date_created":1695180617988},"categories": [
  {
    "id": 1,
    "datatorch_id": "efdc34be-7bc8-40e6-a7ac-743c961d5b0e",
    "name": "other",
    "supercategory": null
  },
  {
    "id": 2,
    "datatorch_id": "98245cc4-3f97-4a16-8793-42b1f206b1ae",
    "name": "form",
    "supercategory": null
  },
  {
    "id": 3,
    "datatorch_id": "bac47c6d-1482-4149-b2f4-48ae401b6fce",
    "name": "report_title",
    "supercategory": null
  },
  {
    "id": 4,
    "datatorch_id": "f67b4326-b7f3-4891-a799-9e158f3f29a3",
    "name": "references",
    "supercategory": null
  },
  {
    "id": 5,
    "datatorch_id": "28540ac5-369f-447d-8dc0-6c623bdeded1",
    "name": "appendix_list",
    "supercategory": null
  },
  {
    "id": 6,
    "datatorch_id": "432d43ae-9402-465b-8bfa-08b71e3f6e70",
    "name": "list",
    "supercategory": null
  },
  {
    "id": 7,
    "datatorch_id": "866cde06-4b95-4b78-9e9d-615eb63f3b30",
    "name": "form_body",
    "supercategory": null
  },
  {
    "id": 8,
    "datatorch_id": "5c08d4fb-994f-42f5-8a08-eff81cd89470",
    "name": "form_title",
    "supercategory": null
  },
  {
    "id": 9,
    "datatorch_id": "7b220ed9-4839-4860-913e-e54f2b08ed1e",
    "name": "cross",
    "supercategory": null
  },
  {
    "id": 10,
    "datatorch_id": "bedfd226-54a1-411d-88c2-e513cc41e676",
    "name": "table_caption",
    "supercategory": null
  },
  {
    "id": 11,
    "datatorch_id": "3a69775c-e544-484e-9882-ad16eb2d72de",
    "name": "table",
    "supercategory": null
  },
  {
    "id": 12,
    "datatorch_id": "c5dfcaed-726f-42cd-8d24-72c5d6ed4f33",
    "name": "figure_caption",
    "supercategory": null
  },
  {
    "id": 13,
    "datatorch_id": "3f471323-e8c5-4b39-989f-cf5be1aec0f9",
    "name": "figure",
    "supercategory": null
  },
  {
    "id": 14,
    "datatorch_id": "99fb551f-c3d7-44ee-bfe4-335664818c3a",
    "name": "list_of_tables",
    "supercategory": null
  },
  {
    "id": 15,
    "datatorch_id": "d21d3657-a407-44b4-95f4-2f3d6302b266",
    "name": "list_of_figures",
    "supercategory": null
  },
  {
    "id": 16,
    "datatorch_id": "ee631f60-9883-4932-8f12-c50dd827cff1",
    "name": "table_of_contents",
    "supercategory": null
  },
  {
    "id": 17,
    "datatorch_id": "01396395-4edf-4a64-aee8-3045d83f9f59",
    "name": "subsubsubsubsection",
    "supercategory": null
  },
  {
    "id": 18,
    "datatorch_id": "60279c59-c020-4f1b-8221-132da3381de0",
    "name": "subsubsubsection",
    "supercategory": null
  },
  {
    "id": 19,
    "datatorch_id": "10a9f994-272f-449d-a0df-80b9119bc1d1",
    "name": "subsubsection",
    "supercategory": null
  },
  {
    "id": 20,
    "datatorch_id": "91510100-a731-4362-93ef-527524a170ce",
    "name": "subsubsection",
    "supercategory": null
  },
  {
    "id": 21,
    "datatorch_id": "b70e14c2-0849-4366-92ab-9a9a19a43234",
    "name": "subsection",
    "supercategory": null
  },
  {
    "id": 22,
    "datatorch_id": "553058cd-78a1-4549-bf72-7e47c9a279a7",
    "name": "summary",
    "supercategory": null
  },
  {
    "id": 23,
    "datatorch_id": "7ee54f92-1d68-40d6-9662-ee8721ea0609",
    "name": "abstract",
    "supercategory": null
  },
  {
    "id": 24,
    "datatorch_id": "e5aba03c-0aa5-4e2d-8318-1070c9c8cbbb",
    "name": "section",
    "supercategory": null
  },
  {
    "id": 25,
    "datatorch_id": "39ef7a9d-1162-4ae4-8624-f78005de7a54",
    "name": "paragraph",
    "supercategory": null
  },
  {
    "id": 26,
    "datatorch_id": "303bd345-80a9-4705-bb6e-cbb51b49d623",
    "name": "title",
    "supercategory": null
  }
],"images": [
  {
    "id": 1,
    "datatorch_id": "80ab1ecb-1fca-4db7-992e-14c03c8baef8",
    "storage_id": "379fb094-cabd-4982-968e-525c78f3db91",
    "path": "a072113_e31_565_2005a_16152329-14.jpg",
    "width": 1653,
    "height": 2339,
    "file_name": "a072113_e31_565_2005a_16152329-14.jpg",
    "metadata": {},
    "date_captured": "2023-09-15T03:14:55.518Z"
  },
  {
    "id": 2,
    "datatorch_id": "47775032-793b-4290-9d0c-bbb0189fbbce",
    "storage_id": "379fb094-cabd-4982-968e-525c78f3db91",
    "path": "a072113_e31_565_2005a_16152329-02.jpg",
    "width": 1653,
    "height": 2339,
    "file_name": "a072113_e31_565_2005a_16152329-02.jpg",
    "metadata": {},
    "date_captured": "2023-09-15T03:14:55.580Z"
  },
  {
    "id": 3,
    "datatorch_id": "28a02b1a-91f3-4bab-b3c4-35c04158d252",
    "storage_id": "379fb094-cabd-4982-968e-525c78f3db91",
    "path": "a072113_e31_565_2005a_16152329-03.jpg",
    "width": 1653,
    "height": 2339,
    "file_name": "a072113_e31_565_2005a_16152329-03.jpg",
    "metadata": {},
    "date_captured": "2023-09-15T03:14:55.627Z"
  },
  {
    "id": 4,
    "datatorch_id": "9b43ca6a-efce-4025-8929-25cbb72e74c4",
    "storage_id": "379fb094-cabd-4982-968e-525c78f3db91",
    "path": "a072113_e31_565_2005a_16152329-09.jpg",
    "width": 1653,
    "height": 2339,
    "file_name": "a072113_e31_565_2005a_16152329-09.jpg",
    "metadata": {},
    "date_captured": "2023-09-15T03:14:55.768Z"
  },
  {
    "id": 5,
    "datatorch_id": "5519055d-ca24-4ec1-906c-6c486c0eca0b",
    "storage_id": "379fb094-cabd-4982-968e-525c78f3db91",
    "path": "a072113_e31_565_2005a_16152329-10.jpg",
    "width": 1653,
    "height": 2339,
    "file_name": "a072113_e31_565_2005a_16152329-10.jpg",
    "metadata": {},
    "date_captured": "2023-09-15T03:14:55.987Z"
  },
  {
    "id": 6,
    "datatorch_id": "a40816af-3672-42e8-9e51-5defe0c1763b",
    "storage_id": "379fb094-cabd-4982-968e-525c78f3db91",
    "path": "a072113_e31_565_2005a_16152329-15.jpg",
    "width": 1653,
    "height": 2339,
    "file_name": "a072113_e31_565_2005a_16152329-15.jpg",
    "metadata": {},
    "date_captured": "2023-09-15T03:14:55.299Z"
  },
  {
    "id": 7,
    "datatorch_id": "533114b4-2cf4-4ed2-8b89-1cb27dd28780",
    "storage_id": "379fb094-cabd-4982-968e-525c78f3db91",
    "path": "a072113_e31_565_2005a_16152329-01.jpg",
    "width": 1653,
    "height": 2339,
    "file_name": "a072113_e31_565_2005a_16152329-01.jpg",
    "metadata": {},
    "date_captured": "2023-09-15T03:14:55.487Z"
  },
  {
    "id": 8,
    "datatorch_id": "c7249311-46c4-41a4-a5ab-38335d5da533",
    "storage_id": "379fb094-cabd-4982-968e-525c78f3db91",
    "path": "a072113_e31_565_2005a_16152329-04.jpg",
    "width": 1653,
    "height": 2339,
    "file_name": "a072113_e31_565_2005a_16152329-04.jpg",
    "metadata": {},
    "date_captured": "2023-09-15T03:14:55.549Z"
  },
  {
    "id": 9,
    "datatorch_id": "da064889-85c1-45fd-a923-9ab770d18513",
    "storage_id": "379fb094-cabd-4982-968e-525c78f3db91",
    "path": "a072113_e31_565_2005a_16152329-08.jpg",
    "width": 1653,
    "height": 2339,
    "file_name": "a072113_e31_565_2005a_16152329-08.jpg",
    "metadata": {},
    "date_captured": "2023-09-15T03:14:55.752Z"
  },
  {
    "id": 10,
    "datatorch_id": "bcf53615-d15b-41de-9af5-1e70969fc046",
    "storage_id": "379fb094-cabd-4982-968e-525c78f3db91",
    "path": "a072113_e31_565_2005a_16152329-12.jpg",
    "width": 1653,
    "height": 2339,
    "file_name": "a072113_e31_565_2005a_16152329-12.jpg",
    "metadata": {},
    "date_captured": "2023-09-15T03:14:55.893Z"
  },
  {
    "id": 11,
    "datatorch_id": "d99b611a-f629-42c1-9fa6-96641e8aad25",
    "storage_id": "379fb094-cabd-4982-968e-525c78f3db91",
    "path": "a072113_e31_565_2005a_16152329-07.jpg",
    "width": 1653,
    "height": 2339,
    "file_name": "a072113_e31_565_2005a_16152329-07.jpg",
    "metadata": {},
    "date_captured": "2023-09-15T03:14:55.955Z"
  },
  {
    "id": 12,
    "datatorch_id": "4294713a-632c-42be-9343-7606fcf9416e",
    "storage_id": "379fb094-cabd-4982-968e-525c78f3db91",
    "path": "a072113_e31_565_2005a_16152329-06.jpg",
    "width": 1653,
    "height": 2339,
    "file_name": "a072113_e31_565_2005a_16152329-06.jpg",
    "metadata": {},
    "date_captured": "2023-09-15T03:14:55.971Z"
  },
  {
    "id": 13,
    "datatorch_id": "4a5d6250-04d3-45b6-978d-19704d7427f8",
    "storage_id": "379fb094-cabd-4982-968e-525c78f3db91",
    "path": "a072113_e31_565_2005a_16152329-05.jpg",
    "width": 1653,
    "height": 2339,
    "file_name": "a072113_e31_565_2005a_16152329-05.jpg",
    "metadata": {},
    "date_captured": "2023-09-15T03:14:55.987Z"
  },
  {
    "id": 14,
    "datatorch_id": "9f66bf09-4389-4ec2-b7bc-203ac307f995",
    "storage_id": "379fb094-cabd-4982-968e-525c78f3db91",
    "path": "a072113_e31_565_2005a_16152329-13.jpg",
    "width": 1653,
    "height": 2339,
    "file_name": "a072113_e31_565_2005a_16152329-13.jpg",
    "metadata": {},
    "date_captured": "2023-09-15T03:14:55.862Z"
  },
  {
    "id": 15,
    "datatorch_id": "2de807b0-84bf-4e3f-8803-bb0e9be1416d",
    "storage_id": "379fb094-cabd-4982-968e-525c78f3db91",
    "path": "a072113_e31_565_2005a_16152329-11.jpg",
    "width": 1653,
    "height": 2339,
    "file_name": "a072113_e31_565_2005a_16152329-11.jpg",
    "metadata": {},
    "date_captured": "2023-09-15T03:14:55.924Z"
  }
],"annotations": [
{"id":1,"datatorch_id":"013eb1fb-8ab7-42fa-b938-42e189246234","image_id":12,"category_id":13,"segmentation":[[49.4718643160428,59.9612653402863,1622.1240146919827,59.9612653402863,1622.1240146919827,2243.4406277462963,49.4718643160428,2243.4406277462963]],"area":3433853.51,"bbox":[49.4718643160428,59.9612653402863,1572.65215037594,2183.47936240601],"iscrowd":0,"metadata":{}},
{"id":2,"datatorch_id":"116e54e1-9c75-4310-8486-8f8493ba8c1f","image_id":10,"category_id":24,"segmentation":[[212.16074551905,1476.80787737036,636.346309428824,1476.80787737036,636.346309428824,1536.9535916560744,212.16074551905,1536.9535916560744]],"area":25512.94,"bbox":[212.16074551905,1476.80787737036,424.185563909774,60.1457142857143],"iscrowd":0,"metadata":{}},
{"id":3,"datatorch_id":"191cedfc-3380-4ac7-808a-cd84d4523479","image_id":11,"category_id":24,"segmentation":[[212.336610180704,98.0992758666019,546.620159052884,98.0992758666019,546.620159052884,151.2807495508124,212.336610180704,151.2807495508124]],"area":17777.69,"bbox":[212.336610180704,98.0992758666019,334.28354887218,53.1814736842105],"iscrowd":0,"metadata":{}},
{"id":4,"datatorch_id":"1b2570a0-f61c-4905-ab2b-bc0941676d35","image_id":10,"category_id":25,"segmentation":[[215.326309428825,482.820809701188,1554.3598432634149,482.820809701188,1554.3598432634149,780.3838172199851,215.326309428825,780.3838172199851]],"area":398446.85,"bbox":[215.326309428825,482.820809701188,1339.03353383459,297.563007518797],"iscrowd":0,"metadata":{}},
{"id":5,"datatorch_id":"1d1e7a20-20ca-4a43-93eb-52aa557ed1cf","image_id":3,"category_id":22,"segmentation":[[156.007159052885,66.3557044380306,1569.114888376195,66.3557044380306,1569.114888376195,1031.2195841372786,156.007159052885,1031.2195841372786]],"area":1363456.61,"bbox":[156.007159052885,66.3557044380306,1413.10772932331,964.863879699248],"iscrowd":0,"metadata":{}},
{"id":6,"datatorch_id":"1d56b535-44e3-4b01-9518-b1763a915c2c","image_id":14,"category_id":13,"segmentation":[[44.1044748423589,87.0901480470529,1601.561918451379,87.0901480470529,1601.561918451379,2237.141155565853,44.1044748423589,2237.141155565853]],"area":3348612.95,"bbox":[44.1044748423589,87.0901480470529,1557.45744360902,2150.0510075188],"iscrowd":0,"metadata":{}},
{"id":7,"datatorch_id":"2163b0ce-c8d9-4b14-b9d5-ce4f327cf7f2","image_id":4,"category_id":13,"segmentation":[[29.8910928874713,63.0529660921661,1611.6600673235614,63.0529660921661,1611.6600673235614,2232.8570924079563,29.8910928874713,2232.8570924079563]],"area":3432128.85,"bbox":[29.8910928874713,63.0529660921661,1581.76897443609,2169.80412631579],"iscrowd":0,"metadata":{}},
{"id":8,"datatorch_id":"26d1fd16-40b0-48e8-8794-63e2b17d1ccf","image_id":2,"category_id":15,"segmentation":[[151.425532887472,1408.48023556585,1556.935908827322,1408.48023556585,1556.935908827322,1700.9783408290082,151.425532887472,1700.9783408290082]],"area":411109.12,"bbox":[151.425532887472,1408.48023556585,1405.51037593985,292.498105263158],"iscrowd":0,"metadata":{}},
{"id":9,"datatorch_id":"29fc2e54-c9ea-4ac2-882e-22882c3a1641","image_id":2,"category_id":16,"segmentation":[[113.438765970179,90.3394235357751,1560.734585519049,90.3394235357751,1560.734585519049,1070.39801000194,113.438765970179,1070.39801000194]],"area":1418434.7,"bbox":[113.438765970179,90.3394235357751,1447.29581954887,980.058586466165],"iscrowd":0,"metadata":{}},
{"id":10,"datatorch_id":"2ee027d8-ca0f-4ecb-866e-f4e4cf83645c","image_id":10,"category_id":20,"segmentation":[[180.505106421306,846.860659325248,538.213828225817,846.860659325248,538.213828225817,913.3375014305111,180.505106421306,913.3375014305111]],"area":23779.35,"bbox":[180.505106421306,846.860659325248,357.708721804511,66.4768421052631],"iscrowd":0,"metadata":{}},
{"id":11,"datatorch_id":"305de0ad-7561-4121-b956-586b87a30a26","image_id":9,"category_id":25,"segmentation":[[208.09827183484,729.857899926752,1537.6351139401,729.857899926752,1537.6351139401,927.389087896677,208.09827183484,927.389087896677]],"area":262624.99,"bbox":[208.09827183484,729.857899926752,1329.53684210526,197.531187969925],"iscrowd":0,"metadata":{}},
{"id":12,"datatorch_id":"3876ae82-c4d4-40a7-889a-46a77e36b6d2","image_id":10,"category_id":25,"segmentation":[[205.829617699501,1176.07930594179,1529.035331985211,1176.07930594179,1529.035331985211,1407.165471355324,205.829617699501,1407.165471355324]],"area":305774.53,"bbox":[205.829617699501,1176.07930594179,1323.20571428571,231.086165413534],"iscrowd":0,"metadata":{}},
{"id":13,"datatorch_id":"397618fe-c635-4cae-8914-60fa4962bcca","image_id":11,"category_id":10,"segmentation":[[217.084956045366,504.241125490662,963.6304447671699,504.241125490662,963.6304447671699,551.7245841372786,217.084956045366,551.7245841372786]],"area":35448.56,"bbox":[217.084956045366,504.241125490662,746.545488721804,47.4834586466166],"iscrowd":0,"metadata":{}},
{"id":14,"datatorch_id":"3d68f5a2-9850-45af-b6a3-1472df42a7e4","image_id":9,"category_id":25,"segmentation":[[215.695625218299,1064.14144879893,1568.024527473939,1064.14144879893,1568.024527473939,1440.210441280133,215.695625218299,1440.210441280133]],"area":508568.97,"bbox":[215.695625218299,1064.14144879893,1352.32890225564,376.068992481203],"iscrowd":0,"metadata":{}},
{"id":15,"datatorch_id":"4ab40f1a-e86c-4182-8629-1a6a91b2d8db","image_id":11,"category_id":25,"segmentation":[[210.331753037847,190.428223235023,1574.162204165667,190.428223235023,1574.162204165667,483.24288488915806,210.331753037847,483.24288488915806]],"area":399349.55,"bbox":[210.331753037847,190.428223235023,1363.83045112782,292.814661654135],"iscrowd":0,"metadata":{}},
{"id":16,"datatorch_id":"4d877591-6c09-41c7-ac6d-3e7a59904c81","image_id":10,"category_id":25,"segmentation":[[205.829617699501,289.721411204948,1408.743903413791,289.721411204948,1408.743903413791,406.84727586660205,205.829617699501,406.84727586660205]],"area":140892.38,"bbox":[205.829617699501,289.721411204948,1202.91428571429,117.125864661654],"iscrowd":0,"metadata":{}},
{"id":17,"datatorch_id":"53eaeba9-3a6a-4b88-a2f2-940d16f64784","image_id":9,"category_id":21,"segmentation":[[200.500918451382,988.167914964346,527.1871139401039,988.167914964346,527.1871139401039,1064.1414487989323,200.500918451382,1064.1414487989323]],"area":24819.5,"bbox":[200.500918451382,988.167914964346,326.686195488722,75.9735338345864],"iscrowd":0,"metadata":{}},
{"id":18,"datatorch_id":"54999d31-a263-46e5-991e-d2f459f22592","image_id":11,"category_id":21,"segmentation":[[217.084956045366,989.627591656075,594.314655293486,989.627591656075,594.314655293486,1045.0249600771274,217.084956045366,1045.0249600771274]],"area":20897.53,"bbox":[217.084956045366,989.627591656075,377.22969924812,55.3973684210525],"iscrowd":0,"metadata":{}},
{"id":19,"datatorch_id":"58d2e777-94fc-4baa-b234-56da70135ec7","image_id":11,"category_id":24,"segmentation":[[212.336610180704,827.445200678632,470.646625218298,827.445200678632,470.646625218298,888.2240277463012,212.336610180704,888.2240277463012]],"area":15699.78,"bbox":[212.336610180704,827.445200678632,258.310015037594,60.7788270676692],"iscrowd":0,"metadata":{}},
{"id":20,"datatorch_id":"5f6081be-ce1c-4b5f-b517-3284837b28e6","image_id":8,"category_id":24,"segmentation":[[203.349925970178,84.9797721072036,537.633474842358,84.9797721072036,537.633474842358,141.9599224831434,203.349925970178,141.9599224831434]],"area":19047.53,"bbox":[203.349925970178,84.9797721072036,334.28354887218,56.9801503759398],"iscrowd":0,"metadata":{}},
{"id":21,"datatorch_id":"67e870d3-bbd9-479d-a83f-c3b3f387f62c","image_id":1,"category_id":25,"segmentation":[[209.258978601757,280.47093000194,1527.399790631827,280.47093000194,1527.399790631827,523.586238272617,209.258978601757,523.586238272617]],"area":320460.21,"bbox":[209.258978601757,280.47093000194,1318.14081203007,243.115308270677],"iscrowd":0,"metadata":{}},
{"id":22,"datatorch_id":"68574d2f-d718-4fc6-9068-9b81eb5f5366","image_id":11,"category_id":11,"segmentation":[[211.914534992734,588.656163084647,1552.847407173184,588.656163084647,1552.847407173184,729.207200678632,211.914534992734,729.207200678632]],"area":188469.51,"bbox":[211.914534992734,588.656163084647,1340.93287218045,140.551037593985],"iscrowd":0,"metadata":{}},
{"id":23,"datatorch_id":"7d2d5834-608c-4284-9a7c-7b0888ed60ce","image_id":9,"category_id":21,"segmentation":[[208.09827183484,669.079072859083,462.609610180705,669.079072859083,462.609610180705,729.8578999267522,208.09827183484,729.8578999267522]],"area":15468.9,"bbox":[208.09827183484,669.079072859083,254.511338345865,60.7788270676692],"iscrowd":0,"metadata":{}},
{"id":24,"datatorch_id":"852c26b0-1827-47a4-b1cd-a44711613062","image_id":10,"category_id":21,"segmentation":[[193.167362060404,1628.75494503953,664.8363846167949,1628.75494503953,664.8363846167949,1730.0529901523118,193.167362060404,1730.0529901523118]],"area":47779.15,"bbox":[193.167362060404,1628.75494503953,471.669022556391,101.298045112782],"iscrowd":0,"metadata":{}},
{"id":25,"datatorch_id":"861cd15e-6869-438e-9c08-94e86f73c9e5","image_id":11,"category_id":25,"segmentation":[[177.72644476717,1910.59565180645,1579.4381440152902,1910.59565180645,1579.4381440152902,2066.341396167352,177.72644476717,2066.341396167352]],"area":218310.63,"bbox":[177.72644476717,1910.59565180645,1401.71169924812,155.745744360902],"iscrowd":0,"metadata":{}},
{"id":26,"datatorch_id":"870de345-17e4-437c-b849-689b035d6f75","image_id":10,"category_id":20,"segmentation":[[205.829617699501,406.847275866602,1066.863001158148,406.847275866602,1066.863001158148,482.8208097011884,205.829617699501,482.8208097011884]],"area":65415.75,"bbox":[205.829617699501,406.847275866602,861.033383458647,75.9735338345864],"iscrowd":0,"metadata":{}},
{"id":27,"datatorch_id":"8fcd23e2-a4af-4af0-b14e-25a69c8cad2c","image_id":5,"category_id":13,"segmentation":[[88.1761590528851,89.5522533102112,1584.8547755942352,89.5522533102112,1584.8547755942352,2216.8112006786314,88.1761590528851,2216.8112006786314]],"area":3183822.98,"bbox":[88.1761590528851,89.5522533102112,1496.67861654135,2127.25894736842],"iscrowd":0,"metadata":{}},
{"id":28,"datatorch_id":"96b22d78-2511-42e3-88a3-60ca500c3db1","image_id":11,"category_id":25,"segmentation":[[215.713211684464,1074.886779626,1556.646083864914,1074.886779626,1556.646083864914,1728.2591706034439,215.713211684464,1728.2591706034439]],"area":876128.52,"bbox":[215.713211684464,1074.886779626,1340.93287218045,653.372390977444],"iscrowd":0,"metadata":{}},
{"id":29,"datatorch_id":"b2bfecdb-f253-41ec-acda-c58c1b1f6e8d","image_id":10,"category_id":21,"segmentation":[[208.995181609276,210.582313460587,649.008565067923,210.582313460587,649.008565067923,289.7214112049479,208.995181609276,289.7214112049479]],"area":34822.26,"bbox":[208.995181609276,210.582313460587,440.013383458647,79.1390977443609],"iscrowd":0,"metadata":{}},
{"id":30,"datatorch_id":"b43a93b3-3ede-4ff0-9424-21a4051190dc","image_id":1,"category_id":21,"segmentation":[[209.258978601757,557.774328498181,604.321354541607,557.774328498181,604.321354541607,648.9425690996848,209.258978601757,648.9425690996848]],"area":36017.14,"bbox":[209.258978601757,557.774328498181,395.06237593985,91.1682406015037],"iscrowd":0,"metadata":{}},
{"id":31,"datatorch_id":"bfccec6b-6975-4e1c-9f3c-49045f607317","image_id":9,"category_id":21,"segmentation":[[189.104888376194,95.4788924079553,565.173880857397,95.4788924079553,565.173880857397,141.0630127087072,189.104888376194,141.0630127087072]],"area":17142.77,"bbox":[189.104888376194,95.4788924079553,376.068992481203,45.5841203007519],"iscrowd":0,"metadata":{}},
{"id":32,"datatorch_id":"c0e35650-26ea-4db0-b599-8eae4e0337b0","image_id":6,"category_id":4,"segmentation":[[125.965957549125,73.8440217312634,1584.6578071731851,73.8440217312634,1584.6578071731851,602.6198172199854,125.965957549125,602.6198172199854]],"area":771320.94,"bbox":[125.965957549125,73.8440217312634,1458.69184962406,528.775795488722],"iscrowd":0,"metadata":{}},
{"id":33,"datatorch_id":"c24a472e-2ddc-44d1-b611-93306ac2eb3c","image_id":7,"category_id":4,"segmentation":[[92.4848432634111,485.986373610963,1527.540482361151,485.986373610963,1527.540482361151,2042.388629250063,92.4848432634111,2042.388629250063]],"area":2233523.83,"bbox":[92.4848432634111,485.986373610963,1435.05563909774,1556.4022556391],"iscrowd":0,"metadata":{}},
{"id":34,"datatorch_id":"ce0f256b-39ad-4a8f-85c9-706112ddcb9a","image_id":1,"category_id":24,"segmentation":[[194.06427183484,124.725185641038,524.5491440152911,124.725185641038,524.5491440152911,200.6987194756244,194.06427183484,200.6987194756244]],"area":25108.1,"bbox":[194.06427183484,124.725185641038,330.484872180451,75.9735338345864],"iscrowd":0,"metadata":{}},
{"id":35,"datatorch_id":"cead93eb-6f4a-415b-a954-a2fcbbc8f931","image_id":8,"category_id":25,"segmentation":[[165.363159052885,187.544042783895,1548.081474842355,187.544042783895,1548.081474842355,996.6621781222409,165.363159052885,996.6621781222409]],"area":1118782.47,"bbox":[165.363159052885,187.544042783895,1382.71831578947,809.118135338346],"iscrowd":0,"metadata":{}},
{"id":36,"datatorch_id":"d7b32a57-09de-4c2e-a8ba-eb1d621c6319","image_id":2,"category_id":15,"segmentation":[[113.438765970179,1062.80065661848,1621.513412586719,1062.80065661848,1621.513412586719,1408.480235565848,113.438765970179,1408.480235565848]],"area":521310.61,"bbox":[113.438765970179,1062.80065661848,1508.07464661654,345.679578947368],"iscrowd":0,"metadata":{}},
{"id":37,"datatorch_id":"d9504680-98a8-4736-98f9-c8762074a76c","image_id":15,"category_id":13,"segmentation":[[57.4919963461179,79.1241823327674,1583.6483440152879,79.1241823327674,1583.6483440152879,2190.5806346635973,57.4919963461179,2190.5806346635973]],"area":3222412.67,"bbox":[57.4919963461179,79.1241823327674,1526.15634766917,2111.45645233083],"iscrowd":0,"metadata":{}},
{"id":38,"datatorch_id":"da1ee065-7074-45a4-bd2b-6d70e38a47a9","image_id":10,"category_id":21,"segmentation":[[218.491873338599,1084.27795255833,1101.684204165666,1084.27795255833,1101.684204165666,1176.0793059417888,218.491873338599,1176.0793059417888]],"area":81078.25,"bbox":[218.491873338599,1084.27795255833,883.192330827067,91.8013533834587],"iscrowd":0,"metadata":{}},
{"id":39,"datatorch_id":"e7d1e688-161e-4971-8db7-82ac19883f94","image_id":10,"category_id":25,"segmentation":[[215.326309428825,913.337501430511,1548.028715443865,913.337501430511,1548.028715443865,1084.277952558331,215.326309428825,1084.277952558331]],"area":227812.75,"bbox":[215.326309428825,913.337501430511,1332.70240601504,170.94045112782],"iscrowd":0,"metadata":{}},
{"id":40,"datatorch_id":"e897808d-0a22-4630-adce-2d46e33ea3a5","image_id":10,"category_id":25,"segmentation":[[212.16074551905,1730.05299015232,1535.3664598047599,1730.05299015232,1535.3664598047599,2068.768328498184,212.16074551905,2068.768328498184]],"area":448190.07,"bbox":[212.16074551905,1730.05299015232,1323.20571428571,338.715338345864],"iscrowd":0,"metadata":{}},
{"id":41,"datatorch_id":"edf24dfa-1f0a-4bd0-bea5-c24462207c8c","image_id":11,"category_id":21,"segmentation":[[211.809016195742,1820.58811797186,531.003377097998,1820.58811797186,531.003377097998,1873.3475164681006,211.809016195742,1873.3475164681006]],"area":16840.5,"bbox":[211.809016195742,1820.58811797186,319.194360902256,52.7593984962407],"iscrowd":0,"metadata":{}},
{"id":42,"datatorch_id":"f5af08ca-f96b-4d3e-94da-2e1dc7f20208","image_id":13,"category_id":13,"segmentation":[[52.5108056694265,80.2490127087072,1628.9616327370964,80.2490127087072,1628.9616327370964,2234.098696919237,52.5108056694265,2234.098696919237]],"area":3395438.12,"bbox":[52.5108056694265,80.2490127087072,1576.45082706767,2153.84968421053],"iscrowd":0,"metadata":{}},
{"id":43,"datatorch_id":"faf2f0a5-0a6c-4041-af33-0d4d995a22a2","image_id":9,"category_id":25,"segmentation":[[223.292978601757,141.063012708707,1537.6351139401072,141.063012708707,1537.6351139401072,589.306862332767,223.292978601757,589.306862332767]],"area":589145.78,"bbox":[223.292978601757,141.063012708707,1314.34213533835,448.24384962406],"iscrowd":0,"metadata":{}},
{"id":44,"datatorch_id":"fc6c4951-74d9-4a82-a88b-e143a7b7603f","image_id":1,"category_id":25,"segmentation":[[209.258978601757,648.942569099685,1478.016993639347,648.942569099685,1478.016993639347,728.7147796260008,209.258978601757,728.7147796260008]],"area":101211.63,"bbox":[209.258978601757,648.942569099685,1268.75801503759,79.7722105263158],"iscrowd":0,"metadata":{}}
]}