{"info": {"year":2023,"version":"0.1.0","description":"","url":"","date_created":1695181818049},"categories": [
  {
    "id": 1,
    "datatorch_id": "efdc34be-7bc8-40e6-a7ac-743c961d5b0e",
    "name": "other",
    "supercategory": null
  },
  {
    "id": 2,
    "datatorch_id": "98245cc4-3f97-4a16-8793-42b1f206b1ae",
    "name": "form",
    "supercategory": null
  },
  {
    "id": 3,
    "datatorch_id": "bac47c6d-1482-4149-b2f4-48ae401b6fce",
    "name": "report_title",
    "supercategory": null
  },
  {
    "id": 4,
    "datatorch_id": "f67b4326-b7f3-4891-a799-9e158f3f29a3",
    "name": "references",
    "supercategory": null
  },
  {
    "id": 5,
    "datatorch_id": "28540ac5-369f-447d-8dc0-6c623bdeded1",
    "name": "appendix_list",
    "supercategory": null
  },
  {
    "id": 6,
    "datatorch_id": "432d43ae-9402-465b-8bfa-08b71e3f6e70",
    "name": "list",
    "supercategory": null
  },
  {
    "id": 7,
    "datatorch_id": "866cde06-4b95-4b78-9e9d-615eb63f3b30",
    "name": "form_body",
    "supercategory": null
  },
  {
    "id": 8,
    "datatorch_id": "5c08d4fb-994f-42f5-8a08-eff81cd89470",
    "name": "form_title",
    "supercategory": null
  },
  {
    "id": 9,
    "datatorch_id": "7b220ed9-4839-4860-913e-e54f2b08ed1e",
    "name": "cross",
    "supercategory": null
  },
  {
    "id": 10,
    "datatorch_id": "bedfd226-54a1-411d-88c2-e513cc41e676",
    "name": "table_caption",
    "supercategory": null
  },
  {
    "id": 11,
    "datatorch_id": "3a69775c-e544-484e-9882-ad16eb2d72de",
    "name": "table",
    "supercategory": null
  },
  {
    "id": 12,
    "datatorch_id": "c5dfcaed-726f-42cd-8d24-72c5d6ed4f33",
    "name": "figure_caption",
    "supercategory": null
  },
  {
    "id": 13,
    "datatorch_id": "3f471323-e8c5-4b39-989f-cf5be1aec0f9",
    "name": "figure",
    "supercategory": null
  },
  {
    "id": 14,
    "datatorch_id": "99fb551f-c3d7-44ee-bfe4-335664818c3a",
    "name": "list_of_tables",
    "supercategory": null
  },
  {
    "id": 15,
    "datatorch_id": "d21d3657-a407-44b4-95f4-2f3d6302b266",
    "name": "list_of_figures",
    "supercategory": null
  },
  {
    "id": 16,
    "datatorch_id": "ee631f60-9883-4932-8f12-c50dd827cff1",
    "name": "table_of_contents",
    "supercategory": null
  },
  {
    "id": 17,
    "datatorch_id": "01396395-4edf-4a64-aee8-3045d83f9f59",
    "name": "subsubsubsubsection",
    "supercategory": null
  },
  {
    "id": 18,
    "datatorch_id": "60279c59-c020-4f1b-8221-132da3381de0",
    "name": "subsubsubsection",
    "supercategory": null
  },
  {
    "id": 19,
    "datatorch_id": "10a9f994-272f-449d-a0df-80b9119bc1d1",
    "name": "subsubsection",
    "supercategory": null
  },
  {
    "id": 20,
    "datatorch_id": "91510100-a731-4362-93ef-527524a170ce",
    "name": "subsubsection",
    "supercategory": null
  },
  {
    "id": 21,
    "datatorch_id": "b70e14c2-0849-4366-92ab-9a9a19a43234",
    "name": "subsection",
    "supercategory": null
  },
  {
    "id": 22,
    "datatorch_id": "553058cd-78a1-4549-bf72-7e47c9a279a7",
    "name": "summary",
    "supercategory": null
  },
  {
    "id": 23,
    "datatorch_id": "7ee54f92-1d68-40d6-9662-ee8721ea0609",
    "name": "abstract",
    "supercategory": null
  },
  {
    "id": 24,
    "datatorch_id": "e5aba03c-0aa5-4e2d-8318-1070c9c8cbbb",
    "name": "section",
    "supercategory": null
  },
  {
    "id": 25,
    "datatorch_id": "39ef7a9d-1162-4ae4-8624-f78005de7a54",
    "name": "paragraph",
    "supercategory": null
  },
  {
    "id": 26,
    "datatorch_id": "303bd345-80a9-4705-bb6e-cbb51b49d623",
    "name": "title",
    "supercategory": null
  }
],"images": [
  {
    "id": 1,
    "datatorch_id": "6d5480b1-fb62-44f5-b243-9931dd5018b4",
    "storage_id": "379fb094-cabd-4982-968e-525c78f3db91",
    "path": "a072252_p15-4678_doir_ar_2006_16555626-14.jpg",
    "width": 1700,
    "height": 2200,
    "file_name": "a072252_p15-4678_doir_ar_2006_16555626-14.jpg",
    "metadata": {},
    "date_captured": "2023-09-17T09:50:42.878Z"
  },
  {
    "id": 2,
    "datatorch_id": "216954e8-61b2-4881-adad-c00748edb216",
    "storage_id": "379fb094-cabd-4982-968e-525c78f3db91",
    "path": "a072252_p15-4678_doir_ar_2006_16555626-01.jpg",
    "width": 1700,
    "height": 2200,
    "file_name": "a072252_p15-4678_doir_ar_2006_16555626-01.jpg",
    "metadata": {},
    "date_captured": "2023-09-17T09:50:42.081Z"
  },
  {
    "id": 3,
    "datatorch_id": "45e473f5-de79-42f6-baa7-4d2d5803c7eb",
    "storage_id": "379fb094-cabd-4982-968e-525c78f3db91",
    "path": "a072252_p15-4678_doir_ar_2006_16555626-04.jpg",
    "width": 1700,
    "height": 2200,
    "file_name": "a072252_p15-4678_doir_ar_2006_16555626-04.jpg",
    "metadata": {},
    "date_captured": "2023-09-17T09:50:42.347Z"
  },
  {
    "id": 4,
    "datatorch_id": "0fd447a5-b2b9-42ca-88ea-a20dab862f56",
    "storage_id": "379fb094-cabd-4982-968e-525c78f3db91",
    "path": "a072252_p15-4678_doir_ar_2006_16555626-15.jpg",
    "width": 1700,
    "height": 2200,
    "file_name": "a072252_p15-4678_doir_ar_2006_16555626-15.jpg",
    "metadata": {},
    "date_captured": "2023-09-17T09:50:42.847Z"
  },
  {
    "id": 5,
    "datatorch_id": "6f45661a-2143-4bd8-a4a0-94bf8f07cd21",
    "storage_id": "379fb094-cabd-4982-968e-525c78f3db91",
    "path": "a072252_p15-4678_doir_ar_2006_16555626-12.jpg",
    "width": 1700,
    "height": 2200,
    "file_name": "a072252_p15-4678_doir_ar_2006_16555626-12.jpg",
    "metadata": {},
    "date_captured": "2023-09-17T09:50:42.878Z"
  },
  {
    "id": 6,
    "datatorch_id": "771e3b8f-b82f-4b7c-9b6c-8332365933c7",
    "storage_id": "379fb094-cabd-4982-968e-525c78f3db91",
    "path": "a072252_p15-4678_doir_ar_2006_16555626-03.jpg",
    "width": 1700,
    "height": 2200,
    "file_name": "a072252_p15-4678_doir_ar_2006_16555626-03.jpg",
    "metadata": {},
    "date_captured": "2023-09-17T09:50:42.878Z"
  },
  {
    "id": 7,
    "datatorch_id": "b54da2de-d795-466f-8e87-5f660f57eed1",
    "storage_id": "379fb094-cabd-4982-968e-525c78f3db91",
    "path": "a072252_p15-4678_doir_ar_2006_16555626-02.jpg",
    "width": 1700,
    "height": 2200,
    "file_name": "a072252_p15-4678_doir_ar_2006_16555626-02.jpg",
    "metadata": {},
    "date_captured": "2023-09-17T09:50:42.331Z"
  },
  {
    "id": 8,
    "datatorch_id": "37b3c082-38d2-473d-bfb3-80093d06e414",
    "storage_id": "379fb094-cabd-4982-968e-525c78f3db91",
    "path": "a072252_p15-4678_doir_ar_2006_16555626-09.jpg",
    "width": 1700,
    "height": 2200,
    "file_name": "a072252_p15-4678_doir_ar_2006_16555626-09.jpg",
    "metadata": {},
    "date_captured": "2023-09-17T09:50:42.362Z"
  },
  {
    "id": 9,
    "datatorch_id": "05583336-a042-4391-ad72-bcdeaf8d39c5",
    "storage_id": "379fb094-cabd-4982-968e-525c78f3db91",
    "path": "a072252_p15-4678_doir_ar_2006_16555626-13.jpg",
    "width": 1700,
    "height": 2200,
    "file_name": "a072252_p15-4678_doir_ar_2006_16555626-13.jpg",
    "metadata": {},
    "date_captured": "2023-09-17T09:50:42.393Z"
  },
  {
    "id": 10,
    "datatorch_id": "a16476bf-8c7d-4161-a190-d72cdba3c694",
    "storage_id": "379fb094-cabd-4982-968e-525c78f3db91",
    "path": "a072252_p15-4678_doir_ar_2006_16555626-06.jpg",
    "width": 1700,
    "height": 2200,
    "file_name": "a072252_p15-4678_doir_ar_2006_16555626-06.jpg",
    "metadata": {},
    "date_captured": "2023-09-17T09:50:42.393Z"
  },
  {
    "id": 11,
    "datatorch_id": "8835bdfc-9689-46a3-9ca4-78fd91062895",
    "storage_id": "379fb094-cabd-4982-968e-525c78f3db91",
    "path": "a072252_p15-4678_doir_ar_2006_16555626-11.jpg",
    "width": 1700,
    "height": 2200,
    "file_name": "a072252_p15-4678_doir_ar_2006_16555626-11.jpg",
    "metadata": {},
    "date_captured": "2023-09-17T09:50:42.878Z"
  },
  {
    "id": 12,
    "datatorch_id": "51bcf74e-39bd-4680-b4d5-1ad7dc50d013",
    "storage_id": "379fb094-cabd-4982-968e-525c78f3db91",
    "path": "a072252_p15-4678_doir_ar_2006_16555626-07.jpg",
    "width": 1700,
    "height": 2200,
    "file_name": "a072252_p15-4678_doir_ar_2006_16555626-07.jpg",
    "metadata": {},
    "date_captured": "2023-09-17T09:50:42.878Z"
  },
  {
    "id": 13,
    "datatorch_id": "62e524c0-ca10-4304-86c7-f1fc6026d535",
    "storage_id": "379fb094-cabd-4982-968e-525c78f3db91",
    "path": "a072252_p15-4678_doir_ar_2006_16555626-05.jpg",
    "width": 1700,
    "height": 2200,
    "file_name": "a072252_p15-4678_doir_ar_2006_16555626-05.jpg",
    "metadata": {},
    "date_captured": "2023-09-17T09:50:42.878Z"
  },
  {
    "id": 14,
    "datatorch_id": "ab71f3b9-ad79-4f1e-8cee-9fc976b43ea7",
    "storage_id": "379fb094-cabd-4982-968e-525c78f3db91",
    "path": "a072252_p15-4678_doir_ar_2006_16555626-10.jpg",
    "width": 1700,
    "height": 2200,
    "file_name": "a072252_p15-4678_doir_ar_2006_16555626-10.jpg",
    "metadata": {},
    "date_captured": "2023-09-17T09:50:43.019Z"
  },
  {
    "id": 15,
    "datatorch_id": "b37789c6-f36b-41bc-88f3-eb0c8c823253",
    "storage_id": "379fb094-cabd-4982-968e-525c78f3db91",
    "path": "a072252_p15-4678_doir_ar_2006_16555626-08.jpg",
    "width": 1700,
    "height": 2200,
    "file_name": "a072252_p15-4678_doir_ar_2006_16555626-08.jpg",
    "metadata": {},
    "date_captured": "2023-09-17T09:50:43.019Z"
  }
],"annotations": [
{"id":1,"datatorch_id":"03c82154-127f-4eb5-bbcd-1d1ff9b37c99","image_id":3,"category_id":10,"segmentation":[[215.978171826126,838.681549915515,1052.14358535996,838.681549915515,1052.14358535996,980.110121344086,215.978171826126,980.110121344086]],"area":118257.68,"bbox":[215.978171826126,838.681549915515,836.165413533834,141.428571428571],"iscrowd":0,"metadata":{}},
{"id":2,"datatorch_id":"1b773602-38f8-4f74-b116-8560862c79dc","image_id":7,"category_id":1,"segmentation":[[439.071404908833,312.120647659876,1147.702983856201,312.120647659876,1147.702983856201,496.72215141927404,439.071404908833,496.72215141927404]],"area":130814.46,"bbox":[439.071404908833,312.120647659876,708.631578947368,184.601503759398],"iscrowd":0,"metadata":{}},
{"id":3,"datatorch_id":"20468511-cca7-4a3f-86c0-1d68591c9984","image_id":3,"category_id":24,"segmentation":[[682.444337239659,240.711625103485,1067.030803405072,240.711625103485,1067.030803405072,277.9296702162669,682.444337239659,277.9296702162669]],"area":14313.56,"bbox":[682.444337239659,240.711625103485,384.586466165413,37.2180451127819],"iscrowd":0,"metadata":{}},
{"id":4,"datatorch_id":"20d85a0f-191c-4ce3-860a-b2761a614839","image_id":8,"category_id":21,"segmentation":[[621.191705660712,908.767264201229,1112.469901149435,908.767264201229,1112.469901149435,1004.0454596899507,621.191705660712,1004.0454596899507]],"area":46808.1,"bbox":[621.191705660712,908.767264201229,491.278195488723,95.2781954887217],"iscrowd":0,"metadata":{}},
{"id":5,"datatorch_id":"262dce37-b7e9-4135-855a-3f9d36826dfe","image_id":15,"category_id":25,"segmentation":[[181.334622953946,126.208407058372,1627.085961299806,126.208407058372,1627.085961299806,1659.4251288628818,181.334622953946,1659.4251288628818]],"area":2216650.13,"bbox":[181.334622953946,126.208407058372,1445.75133834586,1533.21672180451],"iscrowd":0,"metadata":{}},
{"id":6,"datatorch_id":"2d10a5ad-7c7c-4b51-b994-5e201bde4f28","image_id":4,"category_id":13,"segmentation":[[92.1826831043215,76.6544822463418,1621.3977206983016,76.6544822463418,1621.3977206983016,2131.090572471902,92.1826831043215,2131.090572471902]],"area":3141674.56,"bbox":[92.1826831043215,76.6544822463418,1529.21503759398,2054.43609022556],"iscrowd":0,"metadata":{}},
{"id":7,"datatorch_id":"370d162a-db46-467e-8953-5a6613d83e07","image_id":8,"category_id":24,"segmentation":[[549.733059044171,232.887564953109,1133.312006412592,232.887564953109,1133.312006412592,307.3236551786729,549.733059044171,307.3236551786729]],"area":43439.34,"bbox":[549.733059044171,232.887564953109,583.578947368421,74.4360902255639],"iscrowd":0,"metadata":{}},
{"id":8,"datatorch_id":"48e0147f-227f-486f-8bb7-b7199ba4929e","image_id":6,"category_id":15,"segmentation":[[184.086442502818,980.159745404236,1660.4022319764981,980.159745404236,1660.4022319764981,1382.114632622281,184.086442502818,1382.114632622281]],"area":593412.35,"bbox":[184.086442502818,980.159745404236,1476.31578947368,401.954887218045],"iscrowd":0,"metadata":{}},
{"id":9,"datatorch_id":"4bb03b34-43f8-40b1-af44-bc398accd50b","image_id":13,"category_id":21,"segmentation":[[644.101480096803,1413.6920762313,1063.9210289689831,1413.6920762313,1063.9210289689831,1461.331173975661,644.101480096803,1461.331173975661]],"area":19999.82,"bbox":[644.101480096803,1413.6920762313,419.81954887218,47.6390977443609],"iscrowd":0,"metadata":{}},
{"id":10,"datatorch_id":"5173faaa-a11c-46e5-840b-4eb1632abaf0","image_id":8,"category_id":25,"segmentation":[[219.236818442667,1004.04545968995,1481.6729086682271,1004.04545968995,1481.6729086682271,1152.917640141078,219.236818442667,1152.917640141078]],"area":187941.61,"bbox":[219.236818442667,1004.04545968995,1262.43609022556,148.872180451128],"iscrowd":0,"metadata":{}},
{"id":11,"datatorch_id":"563af0ef-3968-417b-9e30-a71e625b32e9","image_id":8,"category_id":25,"segmentation":[[228.169149269735,569.338692772658,1505.492457540415,569.338692772658,1505.492457540415,706.301098787696,228.169149269735,706.301098787696]],"area":174945.27,"bbox":[228.169149269735,569.338692772658,1277.32330827068,136.962406015038],"iscrowd":0,"metadata":{}},
{"id":12,"datatorch_id":"5c54c50b-fecc-461e-ba4d-78c04cf96c22","image_id":12,"category_id":24,"segmentation":[[369.018773329885,244.549219088447,1354.552607916351,244.549219088447,1354.552607916351,310.0529784869432,369.018773329885,310.0529784869432]],"area":64556.17,"bbox":[369.018773329885,244.549219088447,985.533834586466,65.5037593984962],"iscrowd":0,"metadata":{}},
{"id":13,"datatorch_id":"61f27253-021e-4872-9e40-805dbd00dedf","image_id":14,"category_id":4,"segmentation":[[181.687946262216,215.932677735064,1536.424788367476,215.932677735064,1536.424788367476,1862.458993524534,181.687946262216,1862.458993524534]],"area":2230609.86,"bbox":[181.687946262216,215.932677735064,1354.73684210526,1646.52631578947],"iscrowd":0,"metadata":{}},
{"id":14,"datatorch_id":"6e0558c9-b135-431f-8a70-4322eb7c4839","image_id":1,"category_id":13,"segmentation":[[126.588698141916,71.7582416448381,1645.084938743416,71.7582416448381,1645.084938743416,2158.350722847848,126.588698141916,2158.350722847848]],"area":3168482.84,"bbox":[126.588698141916,71.7582416448381,1518.4962406015,2086.59248120301],"iscrowd":0,"metadata":{}},
{"id":15,"datatorch_id":"7323fa37-3cd5-4f13-ac3d-81090f06cbcf","image_id":9,"category_id":13,"segmentation":[[141.767044006577,75.9167378854397,1629.5360665629669,75.9167378854397,1629.5360665629669,2151.0758356297997,141.767044006577,2151.0758356297997]],"area":3087357.42,"bbox":[141.767044006577,75.9167378854397,1487.76902255639,2075.15909774436],"iscrowd":0,"metadata":{}},
{"id":16,"datatorch_id":"733d4f96-3f4e-459e-9400-364ef92c228a","image_id":13,"category_id":25,"segmentation":[[224.281931224622,1494.08305367491,1400.372156788532,1494.08305367491,1400.372156788532,1598.2935799907,224.281931224622,1598.2935799907]],"area":122560.98,"bbox":[224.281931224622,1494.08305367491,1176.09022556391,104.21052631579],"iscrowd":0,"metadata":{}},
{"id":17,"datatorch_id":"77c28d2e-d2af-482d-9fbb-147e2613e8e4","image_id":3,"category_id":25,"segmentation":[[245.752607916351,1248.08004615612,1119.136066562967,1248.08004615612,1119.136066562967,1312.591324351609,245.752607916351,1312.591324351609]],"area":56343.08,"bbox":[245.752607916351,1248.08004615612,873.383458646616,64.511278195489],"iscrowd":0,"metadata":{}},
{"id":18,"datatorch_id":"7814787f-979a-4005-99f9-5416dd1b9fe8","image_id":10,"category_id":25,"segmentation":[[190.620277089284,1033.07553487792,1478.364637991544,1033.07553487792,1478.364637991544,1191.872527359123,190.620277089284,1191.872527359123]],"area":204489.93,"bbox":[190.620277089284,1033.07553487792,1287.74436090226,158.796992481203],"iscrowd":0,"metadata":{}},
{"id":19,"datatorch_id":"81d9e799-e935-4ed6-8c13-5cd1fde9fd9d","image_id":13,"category_id":25,"segmentation":[[215.349600397555,386.474031118522,1629.6353146832648,386.474031118522,1629.6353146832648,1383.917640141078,215.349600397555,1383.917640141078]],"area":1410670.25,"bbox":[215.349600397555,386.474031118522,1414.28571428571,997.443609022556],"iscrowd":0,"metadata":{}},
{"id":20,"datatorch_id":"8aefd20a-3c31-45ff-a3da-90218296744b","image_id":8,"category_id":25,"segmentation":[[234.12403648778,783.714632622282,1496.56012671334,783.714632622282,1496.56012671334,908.767264201229,234.12403648778,908.767264201229]],"area":157870.96,"bbox":[234.12403648778,783.714632622282,1262.43609022556,125.052631578947],"iscrowd":0,"metadata":{}},
{"id":21,"datatorch_id":"b701fd7f-dd3f-476b-ae66-48e44dca9be5","image_id":3,"category_id":11,"segmentation":[[161.391705660712,980.110121344086,1555.827795886272,980.110121344086,1555.827795886272,1215.824407058372,161.391705660712,1215.824407058372]],"area":328688.51,"bbox":[161.391705660712,980.110121344086,1394.43609022556,235.714285714286],"iscrowd":0,"metadata":{}},
{"id":22,"datatorch_id":"bf7ea211-512c-4293-aa2d-e8cb5efa57e8","image_id":13,"category_id":24,"segmentation":[[676.853359796051,222.714632622282,1022.236818442668,222.714632622282,1022.236818442668,285.2409484117557,676.853359796051,285.2409484117557]],"area":21595.56,"bbox":[676.853359796051,222.714632622282,345.383458646617,62.5263157894737],"iscrowd":0,"metadata":{}},
{"id":23,"datatorch_id":"c3fde6e9-7231-409e-8046-fee35a53b861","image_id":10,"category_id":11,"segmentation":[[216.921028968983,434.609369464387,1574.635314683273,434.609369464387,1574.635314683273,967.571775479425,216.921028968983,967.571775479425]],"area":723610.67,"bbox":[216.921028968983,434.609369464387,1357.71428571429,532.962406015038],"iscrowd":0,"metadata":{}},
{"id":24,"datatorch_id":"c96e2064-a0f2-4080-b938-bf21462073bb","image_id":3,"category_id":25,"segmentation":[[237.217269570487,497.268016080928,1548.4834349840169,497.268016080928,1548.4834349840169,718.7898205922061,237.217269570487,718.7898205922061]],"area":290474.05,"bbox":[237.217269570487,497.268016080928,1311.26616541353,221.521804511278],"iscrowd":0,"metadata":{}},
{"id":25,"datatorch_id":"cb71e5d5-a795-40fd-b8d8-3140c49772ae","image_id":8,"category_id":21,"segmentation":[[624.169149269736,706.301098787695,1058.875916187029,706.301098787695,1058.875916187029,783.7146326222814,624.169149269736,783.7146326222814]],"area":33652.19,"bbox":[624.169149269736,706.301098787695,434.706766917293,77.4135338345865],"iscrowd":0,"metadata":{}},
{"id":26,"datatorch_id":"cce17414-b8b7-4fb1-a7bd-3fd90d3ef694","image_id":7,"category_id":25,"segmentation":[[212.785690623119,541.383805554613,1576.454863555449,541.383805554613,1576.454863555449,1223.218392020778,212.785690623119,1223.218392020778]],"area":929796.81,"bbox":[212.785690623119,541.383805554613,1363.66917293233,681.834586466165],"iscrowd":0,"metadata":{}},
{"id":27,"datatorch_id":"ce1dd768-c011-41a8-9748-dfdf776075e4","image_id":10,"category_id":25,"segmentation":[[237.763134232141,306.083053674913,1532.951104156951,306.083053674913,1532.951104156951,434.609369464387,237.763134232141,434.609369464387]],"area":166465.74,"bbox":[237.763134232141,306.083053674913,1295.18796992481,128.526315789474],"iscrowd":0,"metadata":{}},
{"id":28,"datatorch_id":"d218930a-fea3-40dc-afe1-3b1dcff24397","image_id":8,"category_id":25,"segmentation":[[210.3044876156,307.323655178673,1523.35711919455,307.323655178673,1523.35711919455,497.88004615611703,210.3044876156,497.88004615611703]],"area":250210.57,"bbox":[210.3044876156,307.323655178673,1313.05263157895,190.556390977444],"iscrowd":0,"metadata":{}},
{"id":29,"datatorch_id":"d24f1600-ef08-4542-9253-fdef598f15ba","image_id":3,"category_id":25,"segmentation":[[240.790201901314,307.902602547094,1444.868397390034,307.902602547094,1444.868397390034,411.51764014107897,240.790201901314,411.51764014107897]],"area":124760.61,"bbox":[240.790201901314,307.902602547094,1204.07819548872,103.615037593985],"iscrowd":0,"metadata":{}},
{"id":30,"datatorch_id":"d68cad39-f3c0-4268-baf7-d1ed2e81c9a5","image_id":6,"category_id":16,"segmentation":[[213.265389871239,208.803354426793,1574.552607916349,208.803354426793,1574.552607916349,959.1191439004771,213.265389871239,959.1191439004771]],"area":1021395.29,"bbox":[213.265389871239,208.803354426793,1361.28721804511,750.315789473684],"iscrowd":0,"metadata":{}},
{"id":31,"datatorch_id":"db37634c-76f4-4e18-a464-0f02f9bd687f","image_id":10,"category_id":24,"segmentation":[[556.349600397555,214.278542396718,1187.5676455103371,214.278542396718,1187.5676455103371,285.7371890132593,556.349600397555,285.7371890132593]],"area":45105.99,"bbox":[556.349600397555,214.278542396718,631.218045112782,71.4586466165413],"iscrowd":0,"metadata":{}},
{"id":32,"datatorch_id":"dc34cf50-c0a7-4507-98fa-57249cddd48c","image_id":12,"category_id":25,"segmentation":[[240.988698141915,310.052978486943,1533.199224457705,310.052978486943,1533.199224457705,2025.060497283933,240.988698141915,2025.060497283933]],"area":2216150.77,"bbox":[240.988698141915,310.052978486943,1292.21052631579,1715.00751879699],"iscrowd":0,"metadata":{}},
{"id":33,"datatorch_id":"e13b118a-48f4-4a68-aacc-18f0bda2ff84","image_id":3,"category_id":21,"segmentation":[[635.301480096802,769.207865704988,1074.474412427629,769.207865704988,1074.474412427629,823.7943318704015,635.301480096802,823.7943318704015]],"area":23972.9,"bbox":[635.301480096802,769.207865704988,439.172932330827,54.5864661654135],"iscrowd":0,"metadata":{}},
{"id":34,"datatorch_id":"e90cc65f-241e-4208-a485-c1e71cb660f2","image_id":13,"category_id":21,"segmentation":[[626.236818442667,317.992828111004,1063.921028968983,317.992828111004,1063.921028968983,368.60936946438744,626.236818442667,368.60936946438744]],"area":22154.06,"bbox":[626.236818442667,317.992828111004,437.684210526316,50.6165413533835],"iscrowd":0,"metadata":{}},
{"id":35,"datatorch_id":"ea8799fa-4676-4ff5-85f4-11af4b4282b2","image_id":3,"category_id":21,"segmentation":[[625.376668066727,411.517640141079,1129.060878593043,411.517640141079,1129.060878593043,497.26801608092865,625.376668066727,497.26801608092865]],"area":43191.11,"bbox":[625.376668066727,411.517640141079,503.684210526316,85.7503759398496],"iscrowd":0,"metadata":{}},
{"id":36,"datatorch_id":"ec743947-fd42-4535-bea3-3639827ad565","image_id":6,"category_id":14,"segmentation":[[186.567645510336,1431.73869277266,1578.522532728386,1431.73869277266,1578.522532728386,1655.046963449352,186.567645510336,1655.046963449352]],"area":310835.04,"bbox":[186.567645510336,1431.73869277266,1391.95488721805,223.308270676692],"iscrowd":0,"metadata":{}},
{"id":37,"datatorch_id":"ec7eea79-6a72-4589-9ba0-78e3fb11ffa0","image_id":5,"category_id":13,"segmentation":[[158.927044006577,102.37628675762,1584.527044006577,102.37628675762,1584.527044006577,2156.81237698318,158.927044006577,2156.81237698318]],"area":2928804.09,"bbox":[158.927044006577,102.37628675762,1425.6,2054.43609022556],"iscrowd":0,"metadata":{}},
{"id":38,"datatorch_id":"f2eb8026-e877-4187-9cae-32f817e353be","image_id":8,"category_id":21,"segmentation":[[597.372156788532,497.880046156116,1094.605239495299,497.880046156116,1094.605239495299,569.3386927726574,597.372156788532,569.3386927726574]],"area":35531.6,"bbox":[597.372156788532,497.880046156116,497.233082706767,71.4586466165414],"iscrowd":0,"metadata":{}},
{"id":39,"datatorch_id":"fb2243ee-dc53-47bf-88fe-c2f506f6a4b1","image_id":2,"category_id":3,"segmentation":[[225.439825961464,462.564256682432,1624.838322202064,462.564256682432,1624.838322202064,1769.6620010433319,225.439825961464,1769.6620010433319]],"area":1829150.62,"bbox":[225.439825961464,462.564256682432,1399.3984962406,1307.0977443609],"iscrowd":0,"metadata":{}},
{"id":40,"datatorch_id":"ff1b2b2c-564f-4431-bec0-6fa5e95fe594","image_id":11,"category_id":13,"segmentation":[[116.961630472743,101.168767960628,1589.0097507734931,101.168767960628,1589.0097507734931,2130.594331870398,116.961630472743,2130.594331870398]],"area":2987412.09,"bbox":[116.961630472743,101.168767960628,1472.04812030075,2029.42556390977],"iscrowd":0,"metadata":{}}
]}