{"info": {"year":2023,"version":"0.1.0","description":"","url":"","date_created":1695182542918},"categories": [
  {
    "id": 1,
    "datatorch_id": "efdc34be-7bc8-40e6-a7ac-743c961d5b0e",
    "name": "other",
    "supercategory": null
  },
  {
    "id": 2,
    "datatorch_id": "98245cc4-3f97-4a16-8793-42b1f206b1ae",
    "name": "form",
    "supercategory": null
  },
  {
    "id": 3,
    "datatorch_id": "bac47c6d-1482-4149-b2f4-48ae401b6fce",
    "name": "report_title",
    "supercategory": null
  },
  {
    "id": 4,
    "datatorch_id": "f67b4326-b7f3-4891-a799-9e158f3f29a3",
    "name": "references",
    "supercategory": null
  },
  {
    "id": 5,
    "datatorch_id": "28540ac5-369f-447d-8dc0-6c623bdeded1",
    "name": "appendix_list",
    "supercategory": null
  },
  {
    "id": 6,
    "datatorch_id": "432d43ae-9402-465b-8bfa-08b71e3f6e70",
    "name": "list",
    "supercategory": null
  },
  {
    "id": 7,
    "datatorch_id": "866cde06-4b95-4b78-9e9d-615eb63f3b30",
    "name": "form_body",
    "supercategory": null
  },
  {
    "id": 8,
    "datatorch_id": "5c08d4fb-994f-42f5-8a08-eff81cd89470",
    "name": "form_title",
    "supercategory": null
  },
  {
    "id": 9,
    "datatorch_id": "7b220ed9-4839-4860-913e-e54f2b08ed1e",
    "name": "cross",
    "supercategory": null
  },
  {
    "id": 10,
    "datatorch_id": "bedfd226-54a1-411d-88c2-e513cc41e676",
    "name": "table_caption",
    "supercategory": null
  },
  {
    "id": 11,
    "datatorch_id": "3a69775c-e544-484e-9882-ad16eb2d72de",
    "name": "table",
    "supercategory": null
  },
  {
    "id": 12,
    "datatorch_id": "c5dfcaed-726f-42cd-8d24-72c5d6ed4f33",
    "name": "figure_caption",
    "supercategory": null
  },
  {
    "id": 13,
    "datatorch_id": "3f471323-e8c5-4b39-989f-cf5be1aec0f9",
    "name": "figure",
    "supercategory": null
  },
  {
    "id": 14,
    "datatorch_id": "99fb551f-c3d7-44ee-bfe4-335664818c3a",
    "name": "list_of_tables",
    "supercategory": null
  },
  {
    "id": 15,
    "datatorch_id": "d21d3657-a407-44b4-95f4-2f3d6302b266",
    "name": "list_of_figures",
    "supercategory": null
  },
  {
    "id": 16,
    "datatorch_id": "ee631f60-9883-4932-8f12-c50dd827cff1",
    "name": "table_of_contents",
    "supercategory": null
  },
  {
    "id": 17,
    "datatorch_id": "01396395-4edf-4a64-aee8-3045d83f9f59",
    "name": "subsubsubsubsection",
    "supercategory": null
  },
  {
    "id": 18,
    "datatorch_id": "60279c59-c020-4f1b-8221-132da3381de0",
    "name": "subsubsubsection",
    "supercategory": null
  },
  {
    "id": 19,
    "datatorch_id": "10a9f994-272f-449d-a0df-80b9119bc1d1",
    "name": "subsubsection",
    "supercategory": null
  },
  {
    "id": 20,
    "datatorch_id": "91510100-a731-4362-93ef-527524a170ce",
    "name": "subsubsection",
    "supercategory": null
  },
  {
    "id": 21,
    "datatorch_id": "b70e14c2-0849-4366-92ab-9a9a19a43234",
    "name": "subsection",
    "supercategory": null
  },
  {
    "id": 22,
    "datatorch_id": "553058cd-78a1-4549-bf72-7e47c9a279a7",
    "name": "summary",
    "supercategory": null
  },
  {
    "id": 23,
    "datatorch_id": "7ee54f92-1d68-40d6-9662-ee8721ea0609",
    "name": "abstract",
    "supercategory": null
  },
  {
    "id": 24,
    "datatorch_id": "e5aba03c-0aa5-4e2d-8318-1070c9c8cbbb",
    "name": "section",
    "supercategory": null
  },
  {
    "id": 25,
    "datatorch_id": "39ef7a9d-1162-4ae4-8624-f78005de7a54",
    "name": "paragraph",
    "supercategory": null
  },
  {
    "id": 26,
    "datatorch_id": "303bd345-80a9-4705-bb6e-cbb51b49d623",
    "name": "title",
    "supercategory": null
  }
],"images": [
  {
    "id": 1,
    "datatorch_id": "b662e7a5-d17f-41f8-9376-7fb229c44256",
    "storage_id": "379fb094-cabd-4982-968e-525c78f3db91",
    "path": "a072390_c10-2004_2006a_18858196-02.jpg",
    "width": 1700,
    "height": 2200,
    "file_name": "a072390_c10-2004_2006a_18858196-02.jpg",
    "metadata": {},
    "date_captured": "2023-09-20T03:09:34.731Z"
  },
  {
    "id": 2,
    "datatorch_id": "bf2be4ba-e1da-4d73-a8c6-f387052fd745",
    "storage_id": "379fb094-cabd-4982-968e-525c78f3db91",
    "path": "a072390_c10-2004_2006a_18858196-01.jpg",
    "width": 1700,
    "height": 2200,
    "file_name": "a072390_c10-2004_2006a_18858196-01.jpg",
    "metadata": {},
    "date_captured": "2023-09-20T03:09:34.465Z"
  },
  {
    "id": 3,
    "datatorch_id": "439378e2-0e85-406e-93a9-f35e6a732f90",
    "storage_id": "379fb094-cabd-4982-968e-525c78f3db91",
    "path": "a072390_c10-2004_2006a_18858196-15.jpg",
    "width": 1700,
    "height": 2200,
    "file_name": "a072390_c10-2004_2006a_18858196-15.jpg",
    "metadata": {},
    "date_captured": "2023-09-20T03:09:34.684Z"
  },
  {
    "id": 4,
    "datatorch_id": "f992a524-9af2-41a0-b2a8-88a06e7b21c3",
    "storage_id": "379fb094-cabd-4982-968e-525c78f3db91",
    "path": "a072390_c10-2004_2006a_18858196-03.jpg",
    "width": 1653,
    "height": 2339,
    "file_name": "a072390_c10-2004_2006a_18858196-03.jpg",
    "metadata": {},
    "date_captured": "2023-09-20T03:09:34.950Z"
  },
  {
    "id": 5,
    "datatorch_id": "fbdfef83-0fc0-4fc4-8ca4-f03a0974b722",
    "storage_id": "379fb094-cabd-4982-968e-525c78f3db91",
    "path": "a072390_c10-2004_2006a_18858196-06.jpg",
    "width": 2339,
    "height": 1653,
    "file_name": "a072390_c10-2004_2006a_18858196-06.jpg",
    "metadata": {},
    "date_captured": "2023-09-20T03:09:35.387Z"
  },
  {
    "id": 6,
    "datatorch_id": "3a599a9d-abaf-4257-bd0e-a2fbdcb0fdd9",
    "storage_id": "379fb094-cabd-4982-968e-525c78f3db91",
    "path": "a072390_c10-2004_2006a_18858196-14.jpg",
    "width": 1653,
    "height": 2339,
    "file_name": "a072390_c10-2004_2006a_18858196-14.jpg",
    "metadata": {},
    "date_captured": "2023-09-20T03:09:35.434Z"
  },
  {
    "id": 7,
    "datatorch_id": "e8af2f57-744d-44ff-9f86-7e77c586a6c4",
    "storage_id": "379fb094-cabd-4982-968e-525c78f3db91",
    "path": "a072390_c10-2004_2006a_18858196-10.jpg",
    "width": 1700,
    "height": 2200,
    "file_name": "a072390_c10-2004_2006a_18858196-10.jpg",
    "metadata": {},
    "date_captured": "2023-09-20T03:09:35.450Z"
  },
  {
    "id": 8,
    "datatorch_id": "f20a1280-9ab6-4e95-9975-40d1f30d3fb7",
    "storage_id": "379fb094-cabd-4982-968e-525c78f3db91",
    "path": "a072390_c10-2004_2006a_18858196-11.jpg",
    "width": 1653,
    "height": 2339,
    "file_name": "a072390_c10-2004_2006a_18858196-11.jpg",
    "metadata": {},
    "date_captured": "2023-09-20T03:09:35.465Z"
  },
  {
    "id": 9,
    "datatorch_id": "0ea75726-0a2e-4f13-a0ce-258de7a71f69",
    "storage_id": "379fb094-cabd-4982-968e-525c78f3db91",
    "path": "a072390_c10-2004_2006a_18858196-04.jpg",
    "width": 1700,
    "height": 2200,
    "file_name": "a072390_c10-2004_2006a_18858196-04.jpg",
    "metadata": {},
    "date_captured": "2023-09-20T03:09:34.700Z"
  },
  {
    "id": 10,
    "datatorch_id": "d02092fd-6677-4c06-8f20-b4dfd2b2b423",
    "storage_id": "379fb094-cabd-4982-968e-525c78f3db91",
    "path": "a072390_c10-2004_2006a_18858196-05.jpg",
    "width": 1700,
    "height": 2200,
    "file_name": "a072390_c10-2004_2006a_18858196-05.jpg",
    "metadata": {},
    "date_captured": "2023-09-20T03:09:34.950Z"
  },
  {
    "id": 11,
    "datatorch_id": "63bdb3f4-0a9f-44ed-bff8-557027aba1c9",
    "storage_id": "379fb094-cabd-4982-968e-525c78f3db91",
    "path": "a072390_c10-2004_2006a_18858196-13.jpg",
    "width": 1700,
    "height": 2200,
    "file_name": "a072390_c10-2004_2006a_18858196-13.jpg",
    "metadata": {},
    "date_captured": "2023-09-20T03:09:35.387Z"
  },
  {
    "id": 12,
    "datatorch_id": "80de74b1-0b4d-451a-9901-c187e6ae5494",
    "storage_id": "379fb094-cabd-4982-968e-525c78f3db91",
    "path": "a072390_c10-2004_2006a_18858196-09.jpg",
    "width": 1700,
    "height": 2200,
    "file_name": "a072390_c10-2004_2006a_18858196-09.jpg",
    "metadata": {},
    "date_captured": "2023-09-20T03:09:35.419Z"
  },
  {
    "id": 13,
    "datatorch_id": "0a420451-b7f6-49ca-b003-1adb8a5ee176",
    "storage_id": "379fb094-cabd-4982-968e-525c78f3db91",
    "path": "a072390_c10-2004_2006a_18858196-12.jpg",
    "width": 1653,
    "height": 2339,
    "file_name": "a072390_c10-2004_2006a_18858196-12.jpg",
    "metadata": {},
    "date_captured": "2023-09-20T03:09:35.075Z"
  },
  {
    "id": 14,
    "datatorch_id": "c7b7ad39-2157-49ab-80fe-743d85532b91",
    "storage_id": "379fb094-cabd-4982-968e-525c78f3db91",
    "path": "a072390_c10-2004_2006a_18858196-07.jpg",
    "width": 1700,
    "height": 2200,
    "file_name": "a072390_c10-2004_2006a_18858196-07.jpg",
    "metadata": {},
    "date_captured": "2023-09-20T03:09:35.356Z"
  },
  {
    "id": 15,
    "datatorch_id": "a3a428c1-03ae-4f6c-8db4-b034a1f511f9",
    "storage_id": "379fb094-cabd-4982-968e-525c78f3db91",
    "path": "a072390_c10-2004_2006a_18858196-08.jpg",
    "width": 1653,
    "height": 2339,
    "file_name": "a072390_c10-2004_2006a_18858196-08.jpg",
    "metadata": {},
    "date_captured": "2023-09-20T03:09:35.434Z"
  }
],"annotations": [
{"id":1,"datatorch_id":"0a11c317-2898-4ab1-9347-45b8b6da0578","image_id":10,"category_id":21,"segmentation":[[292.230502653194,436.693579990703,575.087645510337,436.693579990703,575.087645510337,508.15222660724436,292.230502653194,508.15222660724436]],"area":20212.59,"bbox":[292.230502653194,436.693579990703,282.857142857143,71.4586466165414],"iscrowd":0,"metadata":{}},
{"id":2,"datatorch_id":"0c7d30dd-8cd9-4ddb-beaa-b2e20aee3f52","image_id":9,"category_id":16,"segmentation":[[256.736066562968,194.379294276417,1542.991705660708,194.379294276417,1542.991705660708,787.48606119371,256.736066562968,787.48606119371]],"area":762886.92,"bbox":[256.736066562968,194.379294276417,1286.25563909774,593.106766917293],"iscrowd":0,"metadata":{}},
{"id":3,"datatorch_id":"14056fe8-4d55-4ddd-a638-948327189ad1","image_id":3,"category_id":24,"segmentation":[[271.755615435149,268.997339389199,1018.498472578006,268.997339389199,1018.498472578006,322.591324351605,271.755615435149,322.591324351605]],"area":40020.93,"bbox":[271.755615435149,268.997339389199,746.742857142857,53.593984962406],"iscrowd":0,"metadata":{}},
{"id":4,"datatorch_id":"14c8b109-58c4-4096-8291-c1cf35c5896f","image_id":10,"category_id":25,"segmentation":[[298.185389871239,716.573279238823,1439.784908668229,716.573279238823,1439.784908668229,857.287264201229,298.185389871239,857.287264201229]],"area":160639.02,"bbox":[298.185389871239,716.573279238823,1141.59951879699,140.713984962406],"iscrowd":0,"metadata":{}},
{"id":5,"datatorch_id":"1cfd9406-55f2-4d51-82cd-3673cfed076f","image_id":12,"category_id":25,"segmentation":[[264.01426205169,272.437940892958,1585.4037357359002,272.437940892958,1585.4037357359002,1965.412376983188,264.01426205169,1965.412376983188]],"area":2237078.6,"bbox":[264.01426205169,272.437940892958,1321.38947368421,1692.97443609023],"iscrowd":0,"metadata":{}},
{"id":6,"datatorch_id":"20a0fec4-7cc0-40bb-9ddf-fc81f6cfa2e2","image_id":2,"category_id":1,"segmentation":[[987.582683104322,1991.72967021627,1443.131555284773,1991.72967021627,1443.131555284773,2107.84997096815,987.582683104322,2107.84997096815]],"area":52898.47,"bbox":[987.582683104322,1991.72967021627,455.548872180451,116.12030075188],"iscrowd":0,"metadata":{}},
{"id":7,"datatorch_id":"21661ca3-bc5f-44b8-8d9f-3eaef73df36f","image_id":2,"category_id":1,"segmentation":[[826.800728217103,145.714632622281,1541.387194382517,145.714632622281,1541.387194382517,330.31613638167903,826.800728217103,330.31613638167903]],"area":131913.74,"bbox":[826.800728217103,145.714632622281,714.586466165414,184.601503759398],"iscrowd":0,"metadata":{}},
{"id":8,"datatorch_id":"2c495eda-9f76-4c4a-9d9f-2b86382fa7a2","image_id":10,"category_id":21,"segmentation":[[289.253059044171,877.355234126041,649.5237357359,877.355234126041,649.5237357359,936.904106306492,289.253059044171,936.904106306492]],"area":21453.71,"bbox":[289.253059044171,877.355234126041,360.270676691729,59.5488721804511],"iscrowd":0,"metadata":{}},
{"id":9,"datatorch_id":"31e279ed-3428-478e-8a4d-aaa60800be67","image_id":6,"category_id":13,"segmentation":[[31.8818808573962,31.9741630846472,1600.7353545416063,31.9741630846472,1600.7353545416063,2273.193411204947,31.8818808573962,2273.193411204947]],"area":3516144.6,"bbox":[31.8818808573962,31.9741630846472,1568.85347368421,2241.2192481203],"iscrowd":0,"metadata":{}},
{"id":10,"datatorch_id":"3abdee59-444e-425d-bb1c-c5289c73afdf","image_id":7,"category_id":25,"segmentation":[[251.750502653194,171.568767960628,1482.268397390034,171.568767960628,1482.268397390034,1590.737489765138,251.750502653194,1590.737489765138]],"area":1746312.51,"bbox":[251.750502653194,171.568767960628,1230.51789473684,1419.16872180451],"iscrowd":0,"metadata":{}},
{"id":11,"datatorch_id":"413975af-b767-4ff0-b97d-3d1bcb955a2d","image_id":12,"category_id":24,"segmentation":[[264.01426205169,208.125158938071,803.5270440065771,208.125158938071,803.5270440065771,272.4379408929582,264.01426205169,272.4379408929582]],"area":34697.57,"bbox":[264.01426205169,208.125158938071,539.512781954887,64.3127819548872],"iscrowd":0,"metadata":{}},
{"id":12,"datatorch_id":"56c6e1e0-960f-4484-abe2-b16c627993ff","image_id":1,"category_id":22,"segmentation":[[220.54358535996,239.68606119371,1485.36163047274,239.68606119371,1485.36163047274,922.11613638168,220.54358535996,922.11613638168]],"area":863149.87,"bbox":[220.54358535996,239.68606119371,1264.81804511278,682.43007518797],"iscrowd":0,"metadata":{}},
{"id":13,"datatorch_id":"5c7f40fa-b7b1-4029-a456-9fdf98da3ba5","image_id":14,"category_id":24,"segmentation":[[261.251856036652,205.511625103485,797.1917056607119,205.511625103485,797.1917056607119,279.9477153290489,261.251856036652,279.9477153290489]],"area":39893.27,"bbox":[261.251856036652,205.511625103485,535.93984962406,74.4360902255639],"iscrowd":0,"metadata":{}},
{"id":14,"datatorch_id":"7ad16409-ba40-42d0-9af7-f9ba4685e603","image_id":10,"category_id":25,"segmentation":[[292.230502653194,499.994031118522,1484.446562803574,499.994031118522,1484.446562803574,669.708316832808,292.230502653194,669.708316832808]],"area":202336.1,"bbox":[292.230502653194,499.994031118522,1192.21606015038,169.714285714286],"iscrowd":0,"metadata":{}},
{"id":15,"datatorch_id":"7d7af36f-e245-42ff-ad67-6b7100c7bf1f","image_id":10,"category_id":24,"segmentation":[[260.07411167575,218.030121344086,1216.190803405073,218.030121344086,1216.190803405073,320.93057247190603,260.07411167575,320.93057247190603]],"area":98384.84,"bbox":[260.07411167575,218.030121344086,956.116691729323,102.90045112782],"iscrowd":0,"metadata":{}},
{"id":16,"datatorch_id":"7e927098-8125-4959-b605-db92ced0939e","image_id":11,"category_id":25,"segmentation":[[289.702983856201,1131.13267773506,1485.6428334802608,1131.13267773506,1485.6428334802608,1768.8018506673911,289.702983856201,1768.8018506673911]],"area":762613.97,"bbox":[289.702983856201,1131.13267773506,1195.93984962406,637.669172932331],"iscrowd":0,"metadata":{}},
{"id":17,"datatorch_id":"804ce332-ebf5-4352-9bf0-0a105aae7285","image_id":10,"category_id":21,"segmentation":[[298.185389871239,677.86651232153,542.335765811089,677.86651232153,542.335765811089,716.5732792388233,298.185389871239,716.5732792388233]],"area":9450.27,"bbox":[298.185389871239,677.86651232153,244.15037593985,38.7067669172933],"iscrowd":0,"metadata":{}},
{"id":18,"datatorch_id":"8fa30471-941a-46e6-a310-c1b0a29dbfc7","image_id":11,"category_id":24,"segmentation":[[284.641329720863,1046.17628675762,706.247344758457,1046.17628675762,706.247344758457,1099.7702717200257,284.641329720863,1099.7702717200257]],"area":22595.55,"bbox":[284.641329720863,1046.17628675762,421.606015037594,53.5939849624058],"iscrowd":0,"metadata":{}},
{"id":19,"datatorch_id":"901add7c-0a83-4e08-acf4-a3d8c5f0fcce","image_id":10,"category_id":10,"segmentation":[[644.807465059209,1297.94891833657,1073.559344758457,1297.94891833657,1073.559344758457,1351.542903298976,644.807465059209,1351.542903298976]],"area":22978.52,"bbox":[644.807465059209,1297.94891833657,428.751879699248,53.593984962406],"iscrowd":0,"metadata":{}},
{"id":20,"datatorch_id":"ac03e257-063b-4666-b1cb-5c45cf03f8c2","image_id":4,"category_id":13,"segmentation":[[46.7600312333363,26.3113209793837,1611.8148282258164,26.3113209793837,1611.8148282258164,2278.926599174874,46.7600312333363,2278.926599174874]],"area":3525466.35,"bbox":[46.7600312333363,26.3113209793837,1565.05479699248,2252.61527819549],"iscrowd":0,"metadata":{}},
{"id":21,"datatorch_id":"aec6316a-a861-43b2-9686-192dbde6cf3e","image_id":10,"category_id":11,"segmentation":[[391.724758292291,1089.52786570499,1344.506713179509,1089.52786570499,1344.506713179509,1297.948918336569,391.724758292291,1297.948918336569]],"area":198579.82,"bbox":[391.724758292291,1089.52786570499,952.781954887218,208.421052631579],"iscrowd":0,"metadata":{}},
{"id":22,"datatorch_id":"b22a869e-e4ac-4c1c-b6b7-f59fa6670dd4","image_id":3,"category_id":4,"segmentation":[[268.182683104321,569.123655178673,1468.687946262211,569.123655178673,1468.687946262211,758.4890687125069,268.182683104321,758.4890687125069]],"area":227334.18,"bbox":[268.182683104321,569.123655178673,1200.50526315789,189.365413533834],"iscrowd":0,"metadata":{}},
{"id":23,"datatorch_id":"b7264685-5d67-4293-a4c7-c7c7996db408","image_id":13,"category_id":13,"segmentation":[[49.855249278449,43.0712232350227,1607.312692887469,43.0712232350227,1607.312692887469,2280.491794663593,49.855249278449,2280.491794663593]],"area":3484687.32,"bbox":[49.855249278449,43.0712232350227,1557.45744360902,2237.42057142857],"iscrowd":0,"metadata":{}},
{"id":24,"datatorch_id":"b9d4d781-06a4-4982-98d3-8a59b5b35857","image_id":2,"category_id":3,"segmentation":[[490.349600397555,604.240948411755,1583.071404908835,604.240948411755,1583.071404908835,1896.451474727545,490.349600397555,1896.451474727545]],"area":1412026.62,"bbox":[490.349600397555,604.240948411755,1092.72180451128,1292.21052631579],"iscrowd":0,"metadata":{}},
{"id":25,"datatorch_id":"d33eb020-35ca-4be0-9ade-0bb6abec8a1f","image_id":5,"category_id":13,"segmentation":[[12.7339783338288,44.4262231076943,2312.271185236049,44.4262231076943,2312.271185236049,1614.6474701085144,12.7339783338288,1614.6474701085144]],"area":3610782.18,"bbox":[12.7339783338288,44.4262231076943,2299.53720690222,1570.22124700082],"iscrowd":0,"metadata":{}},
{"id":26,"datatorch_id":"d4b1f8ce-38fb-4b70-92ad-578bb9420b7d","image_id":10,"category_id":25,"segmentation":[[308.35633723966,936.904106306492,1436.80746505921,936.904106306492,1436.80746505921,1039.387715329048,308.35633723966,1039.387715329048]],"area":115647.74,"bbox":[308.35633723966,936.904106306492,1128.45112781955,102.483609022556],"iscrowd":0,"metadata":{}},
{"id":27,"datatorch_id":"e3b06c28-7a7e-493f-9edd-9d7f21b3e405","image_id":11,"category_id":25,"segmentation":[[301.811254532893,267.277038637319,1441.576668066723,267.277038637319,1441.576668066723,1008.4620010433339,301.811254532893,1008.4620010433339]],"area":844776.99,"bbox":[301.811254532893,267.277038637319,1139.76541353383,741.184962406015],"iscrowd":0,"metadata":{}},
{"id":28,"datatorch_id":"e59e858d-04e4-455e-9593-213e2ae3dcf7","image_id":10,"category_id":24,"segmentation":[[268.649149269735,398.10591081777,654.525840999058,398.10591081777,654.525840999058,436.6935799907023,268.649149269735,436.6935799907023]],"area":14890.08,"bbox":[268.649149269735,398.10591081777,385.876691729323,38.5876691729323],"iscrowd":0,"metadata":{}},
{"id":29,"datatorch_id":"e90063d1-74bf-426b-a4a4-4862c897a945","image_id":3,"category_id":25,"segmentation":[[289.620277089284,322.591324351605,1425.812758292294,322.591324351605,1425.812758292294,515.529670216267,289.620277089284,515.529670216267]],"area":219215.1,"bbox":[289.620277089284,322.591324351605,1136.19248120301,192.938345864662],"iscrowd":0,"metadata":{}},
{"id":30,"datatorch_id":"ea2cd927-3c91-40cc-a2b7-2d0352af00a0","image_id":11,"category_id":24,"segmentation":[[266.776668066728,202.964256682432,791.997720698307,202.964256682432,791.997720698307,267.2770386373192,266.776668066728,267.2770386373192]],"area":33778.43,"bbox":[266.776668066728,202.964256682432,525.221052631579,64.3127819548872],"iscrowd":0,"metadata":{}},
{"id":31,"datatorch_id":"ede2b05b-db27-4088-90f5-8ca53298ea71","image_id":14,"category_id":25,"segmentation":[[285.071404908833,279.947715329048,1482.003735735903,279.947715329048,1482.003735735903,1646.594331870398,285.071404908833,1646.594331870398]],"area":1635783.52,"bbox":[285.071404908833,279.947715329048,1196.93233082707,1366.64661654135],"iscrowd":0,"metadata":{}},
{"id":32,"datatorch_id":"efc0c872-0a66-4d60-b916-c1f84ab7bbf7","image_id":8,"category_id":13,"segmentation":[[50.0592522859678,22.2875375207371,1636.386638752138,22.2875375207371,1636.386638752138,2274.143080377877,50.0592522859678,2274.143080377877]],"area":3572180.12,"bbox":[50.0592522859678,22.2875375207371,1586.32738646617,2251.85554285714],"iscrowd":0,"metadata":{}},
{"id":33,"datatorch_id":"f2a2493e-18e7-40ee-a83c-743ef506ea33","image_id":15,"category_id":13,"segmentation":[[48.3252267220583,29.1216382726182,1589.0684928874682,29.1216382726182,1589.0684928874682,2290.0940051899083,48.3252267220583,2290.0940051899083]],"area":3483577.95,"bbox":[48.3252267220583,29.1216382726182,1540.74326616541,2260.97236691729],"iscrowd":0,"metadata":{}}
]}