{"info": {"year":2023,"version":"0.1.0","description":"","url":"","date_created":1695182353846},"categories": [
  {
    "id": 1,
    "datatorch_id": "efdc34be-7bc8-40e6-a7ac-743c961d5b0e",
    "name": "other",
    "supercategory": null
  },
  {
    "id": 2,
    "datatorch_id": "98245cc4-3f97-4a16-8793-42b1f206b1ae",
    "name": "form",
    "supercategory": null
  },
  {
    "id": 3,
    "datatorch_id": "bac47c6d-1482-4149-b2f4-48ae401b6fce",
    "name": "report_title",
    "supercategory": null
  },
  {
    "id": 4,
    "datatorch_id": "f67b4326-b7f3-4891-a799-9e158f3f29a3",
    "name": "references",
    "supercategory": null
  },
  {
    "id": 5,
    "datatorch_id": "28540ac5-369f-447d-8dc0-6c623bdeded1",
    "name": "appendix_list",
    "supercategory": null
  },
  {
    "id": 6,
    "datatorch_id": "432d43ae-9402-465b-8bfa-08b71e3f6e70",
    "name": "list",
    "supercategory": null
  },
  {
    "id": 7,
    "datatorch_id": "866cde06-4b95-4b78-9e9d-615eb63f3b30",
    "name": "form_body",
    "supercategory": null
  },
  {
    "id": 8,
    "datatorch_id": "5c08d4fb-994f-42f5-8a08-eff81cd89470",
    "name": "form_title",
    "supercategory": null
  },
  {
    "id": 9,
    "datatorch_id": "7b220ed9-4839-4860-913e-e54f2b08ed1e",
    "name": "cross",
    "supercategory": null
  },
  {
    "id": 10,
    "datatorch_id": "bedfd226-54a1-411d-88c2-e513cc41e676",
    "name": "table_caption",
    "supercategory": null
  },
  {
    "id": 11,
    "datatorch_id": "3a69775c-e544-484e-9882-ad16eb2d72de",
    "name": "table",
    "supercategory": null
  },
  {
    "id": 12,
    "datatorch_id": "c5dfcaed-726f-42cd-8d24-72c5d6ed4f33",
    "name": "figure_caption",
    "supercategory": null
  },
  {
    "id": 13,
    "datatorch_id": "3f471323-e8c5-4b39-989f-cf5be1aec0f9",
    "name": "figure",
    "supercategory": null
  },
  {
    "id": 14,
    "datatorch_id": "99fb551f-c3d7-44ee-bfe4-335664818c3a",
    "name": "list_of_tables",
    "supercategory": null
  },
  {
    "id": 15,
    "datatorch_id": "d21d3657-a407-44b4-95f4-2f3d6302b266",
    "name": "list_of_figures",
    "supercategory": null
  },
  {
    "id": 16,
    "datatorch_id": "ee631f60-9883-4932-8f12-c50dd827cff1",
    "name": "table_of_contents",
    "supercategory": null
  },
  {
    "id": 17,
    "datatorch_id": "01396395-4edf-4a64-aee8-3045d83f9f59",
    "name": "subsubsubsubsection",
    "supercategory": null
  },
  {
    "id": 18,
    "datatorch_id": "60279c59-c020-4f1b-8221-132da3381de0",
    "name": "subsubsubsection",
    "supercategory": null
  },
  {
    "id": 19,
    "datatorch_id": "10a9f994-272f-449d-a0df-80b9119bc1d1",
    "name": "subsubsection",
    "supercategory": null
  },
  {
    "id": 20,
    "datatorch_id": "91510100-a731-4362-93ef-527524a170ce",
    "name": "subsubsection",
    "supercategory": null
  },
  {
    "id": 21,
    "datatorch_id": "b70e14c2-0849-4366-92ab-9a9a19a43234",
    "name": "subsection",
    "supercategory": null
  },
  {
    "id": 22,
    "datatorch_id": "553058cd-78a1-4549-bf72-7e47c9a279a7",
    "name": "summary",
    "supercategory": null
  },
  {
    "id": 23,
    "datatorch_id": "7ee54f92-1d68-40d6-9662-ee8721ea0609",
    "name": "abstract",
    "supercategory": null
  },
  {
    "id": 24,
    "datatorch_id": "e5aba03c-0aa5-4e2d-8318-1070c9c8cbbb",
    "name": "section",
    "supercategory": null
  },
  {
    "id": 25,
    "datatorch_id": "39ef7a9d-1162-4ae4-8624-f78005de7a54",
    "name": "paragraph",
    "supercategory": null
  },
  {
    "id": 26,
    "datatorch_id": "303bd345-80a9-4705-bb6e-cbb51b49d623",
    "name": "title",
    "supercategory": null
  }
],"images": [
  {
    "id": 1,
    "datatorch_id": "566b2a6a-8973-4a8e-9306-67df40b00101",
    "storage_id": "379fb094-cabd-4982-968e-525c78f3db91",
    "path": "a072362_e471121annual2006_10740313-01.jpg",
    "width": 1653,
    "height": 2339,
    "file_name": "a072362_e471121annual2006_10740313-01.jpg",
    "metadata": {},
    "date_captured": "2023-09-20T02:55:02.633Z"
  },
  {
    "id": 2,
    "datatorch_id": "4e9dbea4-a2e4-46c0-bff4-8318e62e8cca",
    "storage_id": "379fb094-cabd-4982-968e-525c78f3db91",
    "path": "a072362_e471121annual2006_10740313-03.jpg",
    "width": 1653,
    "height": 2339,
    "file_name": "a072362_e471121annual2006_10740313-03.jpg",
    "metadata": {},
    "date_captured": "2023-09-20T02:55:03.117Z"
  },
  {
    "id": 3,
    "datatorch_id": "5a046006-4038-49e0-9e5d-351706015309",
    "storage_id": "379fb094-cabd-4982-968e-525c78f3db91",
    "path": "a072362_e471121annual2006_10740313-04.jpg",
    "width": 1653,
    "height": 2339,
    "file_name": "a072362_e471121annual2006_10740313-04.jpg",
    "metadata": {},
    "date_captured": "2023-09-20T02:55:03.336Z"
  },
  {
    "id": 4,
    "datatorch_id": "89002362-c1d9-4ff8-86bd-d8216f9f3186",
    "storage_id": "379fb094-cabd-4982-968e-525c78f3db91",
    "path": "a072362_e471121annual2006_10740313-09.jpg",
    "width": 1653,
    "height": 2339,
    "file_name": "a072362_e471121annual2006_10740313-09.jpg",
    "metadata": {},
    "date_captured": "2023-09-20T02:55:03.336Z"
  },
  {
    "id": 5,
    "datatorch_id": "39160119-d09e-43e5-be5b-b95e9db3b65d",
    "storage_id": "379fb094-cabd-4982-968e-525c78f3db91",
    "path": "a072362_e471121annual2006_10740313-11.jpg",
    "width": 1654,
    "height": 2338,
    "file_name": "a072362_e471121annual2006_10740313-11.jpg",
    "metadata": {},
    "date_captured": "2023-09-20T02:55:03.633Z"
  },
  {
    "id": 6,
    "datatorch_id": "9a299779-0cb8-4794-97a0-d61e6f90138b",
    "storage_id": "379fb094-cabd-4982-968e-525c78f3db91",
    "path": "a072362_e471121annual2006_10740313-02.jpg",
    "width": 1653,
    "height": 2339,
    "file_name": "a072362_e471121annual2006_10740313-02.jpg",
    "metadata": {},
    "date_captured": "2023-09-20T02:55:03.633Z"
  },
  {
    "id": 7,
    "datatorch_id": "6f741fcc-263b-44e8-891d-4d8fc3bb28ea",
    "storage_id": "379fb094-cabd-4982-968e-525c78f3db91",
    "path": "a072362_e471121annual2006_10740313-12.jpg",
    "width": 1654,
    "height": 2338,
    "file_name": "a072362_e471121annual2006_10740313-12.jpg",
    "metadata": {},
    "date_captured": "2023-09-20T02:55:03.711Z"
  },
  {
    "id": 8,
    "datatorch_id": "9ded5e65-0487-4c16-abfd-d0df52bfc53f",
    "storage_id": "379fb094-cabd-4982-968e-525c78f3db91",
    "path": "a072362_e471121annual2006_10740313-05.jpg",
    "width": 1653,
    "height": 2339,
    "file_name": "a072362_e471121annual2006_10740313-05.jpg",
    "metadata": {},
    "date_captured": "2023-09-20T02:55:03.867Z"
  },
  {
    "id": 9,
    "datatorch_id": "652d5952-950b-480d-b220-158c17ce8fd3",
    "storage_id": "379fb094-cabd-4982-968e-525c78f3db91",
    "path": "a072362_e471121annual2006_10740313-07.jpg",
    "width": 1653,
    "height": 2339,
    "file_name": "a072362_e471121annual2006_10740313-07.jpg",
    "metadata": {},
    "date_captured": "2023-09-20T02:55:04.008Z"
  },
  {
    "id": 10,
    "datatorch_id": "80683348-1004-4e0d-8568-49e55d4a95d1",
    "storage_id": "379fb094-cabd-4982-968e-525c78f3db91",
    "path": "a072362_e471121annual2006_10740313-06.jpg",
    "width": 1653,
    "height": 2339,
    "file_name": "a072362_e471121annual2006_10740313-06.jpg",
    "metadata": {},
    "date_captured": "2023-09-20T02:55:04.008Z"
  },
  {
    "id": 11,
    "datatorch_id": "ee6be0ba-51fb-43f8-8cd3-cd1fc2f85a92",
    "storage_id": "379fb094-cabd-4982-968e-525c78f3db91",
    "path": "a072362_e471121annual2006_10740313-08.jpg",
    "width": 1653,
    "height": 2339,
    "file_name": "a072362_e471121annual2006_10740313-08.jpg",
    "metadata": {},
    "date_captured": "2023-09-20T02:55:04.008Z"
  },
  {
    "id": 12,
    "datatorch_id": "02b5ed8a-65d3-47dc-8767-f95833320f5c",
    "storage_id": "379fb094-cabd-4982-968e-525c78f3db91",
    "path": "a072362_e471121annual2006_10740313-10.jpg",
    "width": 1654,
    "height": 2338,
    "file_name": "a072362_e471121annual2006_10740313-10.jpg",
    "metadata": {},
    "date_captured": "2023-09-20T02:55:04.117Z"
  }
],"annotations": [
{"id":1,"datatorch_id":"006a9260-ab33-45b3-817b-94260f5a9b51","image_id":8,"category_id":25,"segmentation":[[327.629965067923,2047.65049992675,1615.381363564163,2047.65049992675,1615.381363564163,2131.2213871447952,327.629965067923,2131.2213871447952]],"area":107618.53,"bbox":[327.629965067923,2047.65049992675,1287.75139849624,83.5708872180451],"iscrowd":0,"metadata":{}},
{"id":2,"datatorch_id":"059b55de-09e7-465f-9698-36702f8a40ea","image_id":10,"category_id":25,"segmentation":[[339.820903413787,789.458433761338,1574.390828225817,789.458433761338,1574.390828225817,1560.273245791413,339.820903413787,1560.273245791413]],"area":951624.78,"bbox":[339.820903413787,789.458433761338,1234.56992481203,770.814812030075],"iscrowd":0,"metadata":{}},
{"id":3,"datatorch_id":"13a05ff8-ef84-43a0-a994-4ad5229e5196","image_id":6,"category_id":1,"segmentation":[[177.427474842359,1867.38570443803,1415.796076346119,1867.38570443803,1415.796076346119,2201.669253310211,177.427474842359,2201.669253310211]],"area":413966.25,"bbox":[177.427474842359,1867.38570443803,1238.36860150376,334.283548872181],"iscrowd":0,"metadata":{}},
{"id":4,"datatorch_id":"159dbec0-10ed-4e3e-9b4b-0180275ba751","image_id":7,"category_id":13,"segmentation":[[116.362238011009,52.6790404389231,1610.8821538004788,52.6790404389231,1610.8821538004788,2299.015377281033,116.362238011009,2299.015377281033]],"area":3357194.39,"bbox":[116.362238011009,52.6790404389231,1494.51991578947,2246.33633684211],"iscrowd":0,"metadata":{}},
{"id":5,"datatorch_id":"1778c8a9-29af-493e-aaf3-25417085a28a","image_id":10,"category_id":21,"segmentation":[[331.168362060404,721.082253310211,733.828091383712,721.082253310211,733.828091383712,789.4584337613386,331.168362060404,789.4584337613386]],"area":27532.33,"bbox":[331.168362060404,721.082253310211,402.659729323308,68.3761804511277],"iscrowd":0,"metadata":{}},
{"id":6,"datatorch_id":"17e911f9-3594-4614-a652-59fff1f5a942","image_id":3,"category_id":14,"segmentation":[[196.420858301005,988.255847295173,1146.090031233336,988.255847295173,1146.090031233336,1159.196298422993,196.420858301005,1159.196298422993]],"area":162336.88,"bbox":[196.420858301005,988.255847295173,949.669172932331,170.94045112782],"iscrowd":0,"metadata":{}},
{"id":7,"datatorch_id":"21dcb5d5-2c87-49f0-8fe8-7a345a98eb63","image_id":8,"category_id":25,"segmentation":[[334.467583113035,253.15563075382,1588.030891383715,253.15563075382,1588.030891383715,722.672069851564,334.467583113035,722.672069851564]],"area":588568.58,"bbox":[334.467583113035,253.15563075382,1253.56330827068,469.516439097744],"iscrowd":0,"metadata":{}},
{"id":8,"datatorch_id":"260186ba-b3bd-4281-af8a-06afc9043946","image_id":4,"category_id":4,"segmentation":[[216.399083864915,212.727862332768,1576.325339504015,212.727862332768,1576.325339504015,774.932012708708,216.399083864915,774.932012708708]],"area":764556.19,"bbox":[216.399083864915,212.727862332768,1359.9262556391,562.20415037594],"iscrowd":0,"metadata":{}},
{"id":9,"datatorch_id":"26d6d0e4-eee7-4979-9b15-bce835a20dba","image_id":2,"category_id":1,"segmentation":[[491.943835744614,1918.82611797187,1358.0421214589,1918.82611797187,1358.0421214589,2234.1162833854028,491.943835744614,2234.1162833854028]],"area":273072.27,"bbox":[491.943835744614,1918.82611797187,866.098285714286,315.290165413533],"iscrowd":0,"metadata":{}},
{"id":10,"datatorch_id":"2b66b2d0-2ba1-4424-be53-3e115260e676","image_id":3,"category_id":16,"segmentation":[[133.109580105516,219.023817219985,1374.0106327370959,219.023817219985,1374.0106327370959,943.9379525583311,133.109580105516,943.9379525583311]],"area":899546.71,"bbox":[133.109580105516,219.023817219985,1240.90105263158,724.914135338346],"iscrowd":0,"metadata":{}},
{"id":11,"datatorch_id":"37d9a2fa-73b7-47ce-a53b-70959ffd3fd2","image_id":6,"category_id":3,"segmentation":[[169.8301214589,309.928260829008,1567.74314401529,309.928260829008,1567.74314401529,1024.079478874121,169.8301214589,1024.079478874121]],"area":998321.29,"bbox":[169.8301214589,309.928260829008,1397.91302255639,714.151218045113],"iscrowd":0,"metadata":{}},
{"id":12,"datatorch_id":"3ad410af-d221-416c-8de3-452c1e955244","image_id":1,"category_id":1,"segmentation":[[1254.03576055664,43.5988172199856,1599.7153395040082,43.5988172199856,1599.7153395040082,279.1167721072036,1254.03576055664,279.1167721072036]],"area":81413.75,"bbox":[1254.03576055664,43.5988172199856,345.679578947368,235.517954887218],"iscrowd":0,"metadata":{}},
{"id":13,"datatorch_id":"44215f86-4ff3-4ed4-be21-5e37b6250dc2","image_id":8,"category_id":24,"segmentation":[[206.83204627093,161.987390152317,653.556425218298,161.987390152317,653.556425218298,253.1556307538207,206.83204627093,253.1556307538207]],"area":40727.08,"bbox":[206.83204627093,161.987390152317,446.724378947368,91.1682406015037],"iscrowd":0,"metadata":{}},
{"id":14,"datatorch_id":"4ee0d8ec-5987-48a6-a67f-6c52230e7545","image_id":8,"category_id":25,"segmentation":[[293.441874842359,813.840310453068,1603.985333488979,813.840310453068,1603.985333488979,1014.410439776376,293.441874842359,1014.410439776376]],"area":262855.87,"bbox":[293.441874842359,813.840310453068,1310.54345864662,200.570129323308],"iscrowd":0,"metadata":{}},
{"id":15,"datatorch_id":"508cc631-bc86-4eab-91a4-0ff00c86ee24","image_id":6,"category_id":23,"segmentation":[[177.427474842359,1024.07947887412,1613.327264316039,1024.07947887412,1613.327264316039,1867.385704438029,177.427474842359,1867.385704438029]],"area":1210903.23,"bbox":[177.427474842359,1024.07947887412,1435.89978947368,843.306225563909],"iscrowd":0,"metadata":{}},
{"id":16,"datatorch_id":"5a7e577d-c0e3-464b-a3f5-bd370f107728","image_id":11,"category_id":24,"segmentation":[[217.172888376193,1332.24712549066,1157.3453695792,1332.24712549066,1157.3453695792,1414.551787144795,217.172888376193,1414.551787144795]],"area":77380.58,"bbox":[217.172888376193,1332.24712549066,940.172481203007,82.3046616541351],"iscrowd":0,"metadata":{}},
{"id":17,"datatorch_id":"61bc6ff9-d267-4ab4-b400-2cc3c5d121b3","image_id":11,"category_id":21,"segmentation":[[308.974241759652,255.955396167354,1021.2261214589,255.955396167354,1021.2261214589,338.2600578214893,308.974241759652,338.2600578214893]],"area":58621.65,"bbox":[308.974241759652,255.955396167354,712.251879699248,82.3046616541353],"iscrowd":0,"metadata":{}},
{"id":18,"datatorch_id":"63f8c4ea-d24b-42dc-bead-7b83e01e9aa0","image_id":2,"category_id":1,"segmentation":[[567.917369579201,76.4679224831435,1042.7519560453661,76.4679224831435,1042.7519560453661,255.0057269944215,567.917369579201,255.0057269944215]],"area":84775.92,"bbox":[567.917369579201,76.4679224831435,474.834586466165,178.537804511278],"iscrowd":0,"metadata":{}},
{"id":19,"datatorch_id":"65b4a45b-e3d6-47ae-b464-943a2f697f65","image_id":9,"category_id":25,"segmentation":[[329.022813188223,1880.31175706961,1597.780828225813,1880.31175706961,1597.780828225813,2146.219125490662,329.022813188223,2146.219125490662]],"area":337372.1,"bbox":[329.022813188223,1880.31175706961,1268.75801503759,265.907368421052],"iscrowd":0,"metadata":{}},
{"id":20,"datatorch_id":"6e6a3f38-c15a-440f-bdeb-3040824c0c7c","image_id":11,"category_id":25,"segmentation":[[331.133189128073,338.260057821489,1635.3455199551431,338.260057821489,1635.3455199551431,1306.922614212466,331.133189128073,1306.922614212466]],"area":1263341.65,"bbox":[331.133189128073,338.260057821489,1304.21233082707,968.662556390977],"iscrowd":0,"metadata":{}},
{"id":21,"datatorch_id":"7004337f-5687-46f3-8f20-6a69a68626b6","image_id":8,"category_id":11,"segmentation":[[323.831288376193,1082.7866202275,1645.770777097993,1082.7866202275,1645.770777097993,2047.650499926748,323.831288376193,2047.650499926748]],"area":1275491.66,"bbox":[323.831288376193,1082.7866202275,1321.9394887218,964.863879699248],"iscrowd":0,"metadata":{}},
{"id":22,"datatorch_id":"74379a6f-9a9c-46c6-b117-a31bdad9c004","image_id":9,"category_id":25,"segmentation":[[310.029429729577,167.108569099685,1574.988768075437,167.108569099685,1574.988768075437,1690.3779224831449,310.029429729577,1690.3779224831449]],"area":1926873.79,"bbox":[310.029429729577,167.108569099685,1264.95933834586,1523.26935338346],"iscrowd":0,"metadata":{}},
{"id":23,"datatorch_id":"7fa4e237-4d8c-4fd2-8c8b-3f8ccb441000","image_id":5,"category_id":13,"segmentation":[[112.088931110711,40.0882951757644,1599.318505847551,40.0882951757644,1599.318505847551,2298.2714362283946,112.088931110711,2298.2714362283946]],"area":3358436.75,"bbox":[112.088931110711,40.0882951757644,1487.22957473684,2258.18314105263],"iscrowd":0,"metadata":{}},
{"id":24,"datatorch_id":"8a11ce50-f1d3-420b-91d2-0e234450f4f8","image_id":9,"category_id":21,"segmentation":[[321.425459804764,1781.54616308465,989.992557549125,1781.54616308465,989.992557549125,1880.3117570696124,321.425459804764,1880.3117570696124]],"area":66031.43,"bbox":[321.425459804764,1781.54616308465,668.567097744361,98.7655939849624],"iscrowd":0,"metadata":{}},
{"id":25,"datatorch_id":"8f334c7d-2f9e-4f3d-9f48-460664d27788","image_id":8,"category_id":10,"segmentation":[[703.698957549125,1014.41043977638,1254.507077849877,1014.41043977638,1254.507077849877,1082.7866202275077,703.698957549125,1082.7866202275077]],"area":37662.16,"bbox":[703.698957549125,1014.41043977638,550.808120300752,68.3761804511277],"iscrowd":0,"metadata":{}},
{"id":26,"datatorch_id":"919d209a-3435-41de-9aa9-d3d83267ba34","image_id":1,"category_id":3,"segmentation":[[604.46204627093,613.400320979384,1212.2503169476222,613.400320979384,1212.2503169476222,1149.0137345132189,604.46204627093,1149.0137345132189]],"area":325539.55,"bbox":[604.46204627093,613.400320979384,607.788270676692,535.613413533835],"iscrowd":0,"metadata":{}},
{"id":27,"datatorch_id":"9286e8be-5076-4095-8c04-07f4f676f8e4","image_id":10,"category_id":21,"segmentation":[[327.369685368674,1571.98583225758,619.867790631832,1571.98583225758,619.867790631832,1625.1673059417906,327.369685368674,1625.1673059417906]],"area":15555.48,"bbox":[327.369685368674,1571.98583225758,292.498105263158,53.1814736842107],"iscrowd":0,"metadata":{}},
{"id":28,"datatorch_id":"9afb2936-5c58-4af4-b354-eed84f666b03","image_id":12,"category_id":13,"segmentation":[[88.3167853794299,34.6395246494495,1619.28840643206,34.6395246494495,1619.28840643206,2303.7581772810295,88.3167853794299,2303.7581772810295]],"area":3473956.26,"bbox":[88.3167853794299,34.6395246494495,1530.97162105263,2269.11865263158],"iscrowd":0,"metadata":{}},
{"id":29,"datatorch_id":"c560675e-8046-4bf6-b61c-d2978f5f3e60","image_id":8,"category_id":24,"segmentation":[[225.065694391231,754.580954062091,539.596124466419,754.580954062091,539.596124466419,813.8403104530685,225.065694391231,813.8403104530685]],"area":18638.87,"bbox":[225.065694391231,754.580954062091,314.530430075188,59.2593563909775],"iscrowd":0,"metadata":{}},
{"id":30,"datatorch_id":"cef13a24-3107-4913-8b5b-47185fe05d3e","image_id":10,"category_id":25,"segmentation":[[337.182933488975,318.422523986903,1571.7528583010048,318.422523986903,1571.7528583010048,692.381140528257,337.182933488975,692.381140528257]],"area":461678.06,"bbox":[337.182933488975,318.422523986903,1234.56992481203,373.958616541354],"iscrowd":0,"metadata":{}},
{"id":31,"datatorch_id":"dbeefdc3-d294-4d57-82a5-7a904c359c4a","image_id":3,"category_id":1,"segmentation":[[228.07649739875,1159.19629842299,1209.401309428825,1159.19629842299,1209.401309428825,1466.25599767111,228.07649739875,1466.25599767111]],"area":301325.3,"bbox":[228.07649739875,1159.19629842299,981.324812030075,307.05969924812],"iscrowd":0,"metadata":{}},
{"id":32,"datatorch_id":"dc72b1a6-eb73-432e-8137-860b576d8111","image_id":10,"category_id":25,"segmentation":[[327.475204165667,1625.16730594179,1596.233219203257,1625.16730594179,1596.233219203257,2138.305215716226,327.475204165667,2138.305215716226]],"area":651047.84,"bbox":[327.475204165667,1625.16730594179,1268.75801503759,513.137909774436],"iscrowd":0,"metadata":{}},
{"id":33,"datatorch_id":"e91309d5-7406-4c63-8b0a-6d37318114a0","image_id":10,"category_id":21,"segmentation":[[331.168362060404,265.241050302692,923.761925970178,265.241050302692,923.761925970178,318.4225239869025,331.168362060404,318.4225239869025]],"area":31515,"bbox":[331.168362060404,265.241050302692,592.593563909774,53.1814736842105],"iscrowd":0,"metadata":{}},
{"id":34,"datatorch_id":"ee0cc509-7a39-4fed-93d5-9ba43a1d6a29","image_id":10,"category_id":24,"segmentation":[[209.610707925065,189.267516468106,912.36589589499,189.267516468106,912.36589589499,265.24105030269243,209.610707925065,265.24105030269243]],"area":53390.8,"bbox":[209.610707925065,189.267516468106,702.755187969925,75.9735338345864],"iscrowd":0,"metadata":{}},
{"id":35,"datatorch_id":"f37befeb-eb30-485d-bd4d-af69087fe415","image_id":11,"category_id":25,"segmentation":[[302.643113940103,1414.5517871448,1543.5441665716828,1414.5517871448,1543.5441665716828,2120.472539024499,302.643113940103,2120.472539024499]],"area":875977.8,"bbox":[302.643113940103,1414.5517871448,1240.90105263158,705.920751879699],"iscrowd":0,"metadata":{}},
{"id":36,"datatorch_id":"ffa50877-0448-4767-a560-9711d4a8a1cd","image_id":9,"category_id":24,"segmentation":[[218.861189128073,1724.56601270871,746.877249278449,1724.56601270871,746.877249278449,1781.54616308465,218.861189128073,1781.54616308465]],"area":30086.43,"bbox":[218.861189128073,1724.56601270871,528.016060150376,56.98015037594],"iscrowd":0,"metadata":{}}
]}