{"info": {"year":2023,"version":"0.1.0","description":"","url":"","date_created":1695181382490},"categories": [
  {
    "id": 1,
    "datatorch_id": "efdc34be-7bc8-40e6-a7ac-743c961d5b0e",
    "name": "other",
    "supercategory": null
  },
  {
    "id": 2,
    "datatorch_id": "98245cc4-3f97-4a16-8793-42b1f206b1ae",
    "name": "form",
    "supercategory": null
  },
  {
    "id": 3,
    "datatorch_id": "bac47c6d-1482-4149-b2f4-48ae401b6fce",
    "name": "report_title",
    "supercategory": null
  },
  {
    "id": 4,
    "datatorch_id": "f67b4326-b7f3-4891-a799-9e158f3f29a3",
    "name": "references",
    "supercategory": null
  },
  {
    "id": 5,
    "datatorch_id": "28540ac5-369f-447d-8dc0-6c623bdeded1",
    "name": "appendix_list",
    "supercategory": null
  },
  {
    "id": 6,
    "datatorch_id": "432d43ae-9402-465b-8bfa-08b71e3f6e70",
    "name": "list",
    "supercategory": null
  },
  {
    "id": 7,
    "datatorch_id": "866cde06-4b95-4b78-9e9d-615eb63f3b30",
    "name": "form_body",
    "supercategory": null
  },
  {
    "id": 8,
    "datatorch_id": "5c08d4fb-994f-42f5-8a08-eff81cd89470",
    "name": "form_title",
    "supercategory": null
  },
  {
    "id": 9,
    "datatorch_id": "7b220ed9-4839-4860-913e-e54f2b08ed1e",
    "name": "cross",
    "supercategory": null
  },
  {
    "id": 10,
    "datatorch_id": "bedfd226-54a1-411d-88c2-e513cc41e676",
    "name": "table_caption",
    "supercategory": null
  },
  {
    "id": 11,
    "datatorch_id": "3a69775c-e544-484e-9882-ad16eb2d72de",
    "name": "table",
    "supercategory": null
  },
  {
    "id": 12,
    "datatorch_id": "c5dfcaed-726f-42cd-8d24-72c5d6ed4f33",
    "name": "figure_caption",
    "supercategory": null
  },
  {
    "id": 13,
    "datatorch_id": "3f471323-e8c5-4b39-989f-cf5be1aec0f9",
    "name": "figure",
    "supercategory": null
  },
  {
    "id": 14,
    "datatorch_id": "99fb551f-c3d7-44ee-bfe4-335664818c3a",
    "name": "list_of_tables",
    "supercategory": null
  },
  {
    "id": 15,
    "datatorch_id": "d21d3657-a407-44b4-95f4-2f3d6302b266",
    "name": "list_of_figures",
    "supercategory": null
  },
  {
    "id": 16,
    "datatorch_id": "ee631f60-9883-4932-8f12-c50dd827cff1",
    "name": "table_of_contents",
    "supercategory": null
  },
  {
    "id": 17,
    "datatorch_id": "01396395-4edf-4a64-aee8-3045d83f9f59",
    "name": "subsubsubsubsection",
    "supercategory": null
  },
  {
    "id": 18,
    "datatorch_id": "60279c59-c020-4f1b-8221-132da3381de0",
    "name": "subsubsubsection",
    "supercategory": null
  },
  {
    "id": 19,
    "datatorch_id": "10a9f994-272f-449d-a0df-80b9119bc1d1",
    "name": "subsubsection",
    "supercategory": null
  },
  {
    "id": 20,
    "datatorch_id": "91510100-a731-4362-93ef-527524a170ce",
    "name": "subsubsection",
    "supercategory": null
  },
  {
    "id": 21,
    "datatorch_id": "b70e14c2-0849-4366-92ab-9a9a19a43234",
    "name": "subsection",
    "supercategory": null
  },
  {
    "id": 22,
    "datatorch_id": "553058cd-78a1-4549-bf72-7e47c9a279a7",
    "name": "summary",
    "supercategory": null
  },
  {
    "id": 23,
    "datatorch_id": "7ee54f92-1d68-40d6-9662-ee8721ea0609",
    "name": "abstract",
    "supercategory": null
  },
  {
    "id": 24,
    "datatorch_id": "e5aba03c-0aa5-4e2d-8318-1070c9c8cbbb",
    "name": "section",
    "supercategory": null
  },
  {
    "id": 25,
    "datatorch_id": "39ef7a9d-1162-4ae4-8624-f78005de7a54",
    "name": "paragraph",
    "supercategory": null
  },
  {
    "id": 26,
    "datatorch_id": "303bd345-80a9-4705-bb6e-cbb51b49d623",
    "name": "title",
    "supercategory": null
  }
],"images": [
  {
    "id": 1,
    "datatorch_id": "9e6a6fc5-6343-46f8-8647-6999de0d16f8",
    "storage_id": "379fb094-cabd-4982-968e-525c78f3db91",
    "path": "a072182_p31_1625_2005a_14137741-13.jpg",
    "width": 1653,
    "height": 2339,
    "file_name": "a072182_p31_1625_2005a_14137741-13.jpg",
    "metadata": {},
    "date_captured": "2023-09-17T08:51:53.024Z"
  },
  {
    "id": 2,
    "datatorch_id": "e0ae2af1-0afa-47ea-b8da-baf77de67cad",
    "storage_id": "379fb094-cabd-4982-968e-525c78f3db91",
    "path": "a072182_p31_1625_2005a_14137741-05.jpg",
    "width": 1653,
    "height": 2339,
    "file_name": "a072182_p31_1625_2005a_14137741-05.jpg",
    "metadata": {},
    "date_captured": "2023-09-17T08:51:53.305Z"
  },
  {
    "id": 3,
    "datatorch_id": "dcfea9a0-07a0-4960-ab9f-a3c24d6da6b3",
    "storage_id": "379fb094-cabd-4982-968e-525c78f3db91",
    "path": "a072182_p31_1625_2005a_14137741-07.jpg",
    "width": 1653,
    "height": 2339,
    "file_name": "a072182_p31_1625_2005a_14137741-07.jpg",
    "metadata": {},
    "date_captured": "2023-09-17T08:51:53.024Z"
  },
  {
    "id": 4,
    "datatorch_id": "ef452886-6311-469f-8fc8-acb86d66affa",
    "storage_id": "379fb094-cabd-4982-968e-525c78f3db91",
    "path": "a072182_p31_1625_2005a_14137741-11.jpg",
    "width": 1653,
    "height": 2339,
    "file_name": "a072182_p31_1625_2005a_14137741-11.jpg",
    "metadata": {},
    "date_captured": "2023-09-17T08:51:53.024Z"
  },
  {
    "id": 5,
    "datatorch_id": "56cbf3fa-f02a-497b-a335-f853fca9172b",
    "storage_id": "379fb094-cabd-4982-968e-525c78f3db91",
    "path": "a072182_p31_1625_2005a_14137741-12.jpg",
    "width": 1653,
    "height": 2339,
    "file_name": "a072182_p31_1625_2005a_14137741-12.jpg",
    "metadata": {},
    "date_captured": "2023-09-17T08:51:53.024Z"
  },
  {
    "id": 6,
    "datatorch_id": "eeb1f323-c602-40c1-813d-f9d4c1369faf",
    "storage_id": "379fb094-cabd-4982-968e-525c78f3db91",
    "path": "a072182_p31_1625_2005a_14137741-08.jpg",
    "width": 1653,
    "height": 2339,
    "file_name": "a072182_p31_1625_2005a_14137741-08.jpg",
    "metadata": {},
    "date_captured": "2023-09-17T08:51:53.305Z"
  },
  {
    "id": 7,
    "datatorch_id": "851fd16d-ce8e-48b1-9c73-ab4f0c7adca6",
    "storage_id": "379fb094-cabd-4982-968e-525c78f3db91",
    "path": "a072182_p31_1625_2005a_14137741-01.jpg",
    "width": 1653,
    "height": 2339,
    "file_name": "a072182_p31_1625_2005a_14137741-01.jpg",
    "metadata": {},
    "date_captured": "2023-09-17T08:51:52.384Z"
  },
  {
    "id": 8,
    "datatorch_id": "10447977-fd9c-4f9f-b43e-6e9ee3cfd3b1",
    "storage_id": "379fb094-cabd-4982-968e-525c78f3db91",
    "path": "a072182_p31_1625_2005a_14137741-04.jpg",
    "width": 1653,
    "height": 2339,
    "file_name": "a072182_p31_1625_2005a_14137741-04.jpg",
    "metadata": {},
    "date_captured": "2023-09-17T08:51:52.540Z"
  },
  {
    "id": 9,
    "datatorch_id": "45e16115-c6e1-4014-99ed-aab87bdc9e5c",
    "storage_id": "379fb094-cabd-4982-968e-525c78f3db91",
    "path": "a072182_p31_1625_2005a_14137741-02.jpg",
    "width": 1653,
    "height": 2339,
    "file_name": "a072182_p31_1625_2005a_14137741-02.jpg",
    "metadata": {},
    "date_captured": "2023-09-17T08:51:52.587Z"
  },
  {
    "id": 10,
    "datatorch_id": "d27a3fba-3a74-4df3-8a3b-d3294b90365e",
    "storage_id": "379fb094-cabd-4982-968e-525c78f3db91",
    "path": "a072182_p31_1625_2005a_14137741-15.jpg",
    "width": 1653,
    "height": 2339,
    "file_name": "a072182_p31_1625_2005a_14137741-15.jpg",
    "metadata": {},
    "date_captured": "2023-09-17T08:51:52.634Z"
  },
  {
    "id": 11,
    "datatorch_id": "f1213cca-bf1f-4aec-8792-25deeb0736e4",
    "storage_id": "379fb094-cabd-4982-968e-525c78f3db91",
    "path": "a072182_p31_1625_2005a_14137741-09.jpg",
    "width": 1653,
    "height": 2339,
    "file_name": "a072182_p31_1625_2005a_14137741-09.jpg",
    "metadata": {},
    "date_captured": "2023-09-17T08:51:53.024Z"
  },
  {
    "id": 12,
    "datatorch_id": "aa2a4b4b-2ad4-4461-9cfe-abfcf471edf9",
    "storage_id": "379fb094-cabd-4982-968e-525c78f3db91",
    "path": "a072182_p31_1625_2005a_14137741-16.jpg",
    "width": 1653,
    "height": 2339,
    "file_name": "a072182_p31_1625_2005a_14137741-16.jpg",
    "metadata": {},
    "date_captured": "2023-09-17T08:51:52.337Z"
  },
  {
    "id": 13,
    "datatorch_id": "6df01601-b605-48ac-80e1-4951f125ffe5",
    "storage_id": "379fb094-cabd-4982-968e-525c78f3db91",
    "path": "a072182_p31_1625_2005a_14137741-14.jpg",
    "width": 1653,
    "height": 2339,
    "file_name": "a072182_p31_1625_2005a_14137741-14.jpg",
    "metadata": {},
    "date_captured": "2023-09-17T08:51:52.540Z"
  },
  {
    "id": 14,
    "datatorch_id": "aece48c0-a357-4e59-a20d-889bccc66a7a",
    "storage_id": "379fb094-cabd-4982-968e-525c78f3db91",
    "path": "a072182_p31_1625_2005a_14137741-03.jpg",
    "width": 1653,
    "height": 2339,
    "file_name": "a072182_p31_1625_2005a_14137741-03.jpg",
    "metadata": {},
    "date_captured": "2023-09-17T08:51:52.587Z"
  },
  {
    "id": 15,
    "datatorch_id": "9b77c469-0c79-46be-a486-5373a8cf928a",
    "storage_id": "379fb094-cabd-4982-968e-525c78f3db91",
    "path": "a072182_p31_1625_2005a_14137741-06.jpg",
    "width": 1653,
    "height": 2339,
    "file_name": "a072182_p31_1625_2005a_14137741-06.jpg",
    "metadata": {},
    "date_captured": "2023-09-17T08:51:52.618Z"
  },
  {
    "id": 16,
    "datatorch_id": "a8c950c0-6183-4b1f-8ed7-c2454b84a290",
    "storage_id": "379fb094-cabd-4982-968e-525c78f3db91",
    "path": "a072182_p31_1625_2005a_14137741-10.jpg",
    "width": 1653,
    "height": 2339,
    "file_name": "a072182_p31_1625_2005a_14137741-10.jpg",
    "metadata": {},
    "date_captured": "2023-09-17T08:51:53.009Z"
  }
],"annotations": [
{"id":1,"datatorch_id":"022ece12-c507-4939-9ab9-f83f6789adea","image_id":3,"category_id":25,"segmentation":[[227.900632737095,1805.58686233277,1599.644993639355,1805.58686233277,1599.644993639355,2148.522952558334,227.900632737095,2148.522952558334]],"area":470420.65,"bbox":[227.900632737095,1805.58686233277,1371.74436090226,342.936090225564],"iscrowd":0,"metadata":{}},
{"id":2,"datatorch_id":"049db7ac-33ac-4f2f-90d7-51d393ffe395","image_id":3,"category_id":24,"segmentation":[[221.463986120554,972.726997671113,441.787234240855,972.726997671113,441.787234240855,1025.9084713553236,221.463986120554,1025.9084713553236]],"area":11717.12,"bbox":[221.463986120554,972.726997671113,220.323248120301,53.1814736842105],"iscrowd":0,"metadata":{}},
{"id":3,"datatorch_id":"11cccd66-9752-4ceb-aeb7-f7cdc49cd26e","image_id":10,"category_id":13,"segmentation":[[1525.0572733386,145.41390443803,1552.407745519051,145.41390443803,1552.407745519051,149.97231646810516,1525.0572733386,149.97231646810516]],"area":124.67,"bbox":[1525.0572733386,145.41390443803,27.3504721804511,4.55841203007517],"iscrowd":0,"metadata":{}},
{"id":4,"datatorch_id":"1817f927-7649-42a9-838e-6a0d22979727","image_id":9,"category_id":14,"segmentation":[[215.73079815063,1044.55012549066,1532.6053846168002,1044.55012549066,1532.6053846168002,1471.901253310209,215.73079815063,1471.901253310209]],"area":562767.84,"bbox":[215.73079815063,1044.55012549066,1316.87458646617,427.351127819549],"iscrowd":0,"metadata":{}},
{"id":5,"datatorch_id":"198febc8-c816-466a-adfd-ff0ad3470935","image_id":9,"category_id":16,"segmentation":[[143.555941007773,91.082275866602,1564.2610237145432,91.082275866602,1564.2610237145432,1044.5501254906621,143.555941007773,1044.5501254906621]],"area":1354596.62,"bbox":[143.555941007773,91.082275866602,1420.70508270677,953.46784962406],"iscrowd":0,"metadata":{}},
{"id":6,"datatorch_id":"1f0c1b2e-c38b-417c-b963-a5fe71e0fa0d","image_id":2,"category_id":13,"segmentation":[[26.0959334889752,59.3211179718653,1632.936174090475,59.3211179718653,1632.936174090475,2254.956245791415,26.0959334889752,2254.956245791415]],"area":3528034.88,"bbox":[26.0959334889752,59.3211179718653,1606.8402406015,2195.63512781955],"iscrowd":0,"metadata":{}},
{"id":7,"datatorch_id":"26c44bb9-af22-4d09-ac5e-6b60b42fb6ce","image_id":12,"category_id":4,"segmentation":[[180.332759052885,62.7504788741204,1534.181131985215,62.7504788741204,1534.181131985215,482.1243856410374,180.332759052885,482.1243856410374]],"area":567768.68,"bbox":[180.332759052885,62.7504788741204,1353.84837293233,419.373906766917],"iscrowd":0,"metadata":{}},
{"id":8,"datatorch_id":"28a6560a-85d7-40fa-bf3f-b93d6f79327c","image_id":6,"category_id":25,"segmentation":[[208.196756045366,1134.12151496435,1553.561417699506,1134.12151496435,1553.561417699506,1270.240763084651,208.196756045366,1270.240763084651]],"area":183130.03,"bbox":[208.196756045366,1134.12151496435,1345.36466165414,136.119248120301],"iscrowd":0,"metadata":{}},
{"id":9,"datatorch_id":"3483c361-0fa5-4801-a3e1-78a41c40a092","image_id":6,"category_id":25,"segmentation":[[195.534500406269,74.7972081974288,1585.850169579199,74.7972081974288,1585.850169579199,1022.9469104530679,195.534500406269,1022.9469104530679]],"area":1318227.39,"bbox":[195.534500406269,74.7972081974288,1390.31566917293,948.149702255639],"iscrowd":0,"metadata":{}},
{"id":10,"datatorch_id":"358f38eb-ff32-486f-8bf8-fa4055eab964","image_id":5,"category_id":13,"segmentation":[[1971.28219664687,542.614794663594,1978.8795500303286,542.614794663594,1978.8795500303286,550.2121480470526,1971.28219664687,550.2121480470526]],"area":57.72,"bbox":[1971.28219664687,542.614794663594,7.59735338345854,7.59735338345854],"iscrowd":0,"metadata":{}},
{"id":11,"datatorch_id":"3623f754-c18b-4d2c-b4f1-05229bf194b0","image_id":13,"category_id":13,"segmentation":[[48.7824748423586,60.499411204948,1610.0385951431085,60.499411204948,1610.0385951431085,2240.939832257578,48.7824748423586,2240.939832257578]],"area":3404225.95,"bbox":[48.7824748423586,60.499411204948,1561.25612030075,2180.44042105263],"iscrowd":0,"metadata":{}},
{"id":12,"datatorch_id":"36d02964-8b35-42a5-9b08-3473ec5d30ac","image_id":14,"category_id":22,"segmentation":[[187.662798150629,53.9748322575795,1532.394347022809,53.9748322575795,1532.394347022809,1060.6241555658496,187.662798150629,1060.6241555658496]],"area":1353673.1,"bbox":[187.662798150629,53.9748322575795,1344.73154887218,1006.64932330827],"iscrowd":0,"metadata":{}},
{"id":13,"datatorch_id":"379ad2d6-1143-49b2-9330-3d5c1165fe43","image_id":3,"category_id":24,"segmentation":[[191.074572586719,83.8366518064516,643.117098902508,83.8366518064516,643.117098902508,152.2128322575794,191.074572586719,152.2128322575794]],"area":30908.94,"bbox":[191.074572586719,83.8366518064516,452.042526315789,68.3761804511278],"iscrowd":0,"metadata":{}},
{"id":14,"datatorch_id":"3b31fac6-880a-4371-9f59-c0a4eeaf2dc5","image_id":1,"category_id":21,"segmentation":[[219.124986120555,598.557343535775,815.306189128074,598.557343535775,815.306189128074,682.9723811297598,219.124986120555,682.9723811297598]],"area":50326.66,"bbox":[219.124986120555,598.557343535775,596.181203007519,84.4150375939848],"iscrowd":0,"metadata":{}},
{"id":15,"datatorch_id":"42827cf5-de34-4001-a1b0-2e9b2123826c","image_id":4,"category_id":13,"segmentation":[[53.3197831130352,70.7523209793837,1599.3811966468652,70.7523209793837,1599.3811966468652,2220.8033284981834,53.3197831130352,2220.8033284981834]],"area":3324110.9,"bbox":[53.3197831130352,70.7523209793837,1546.06141353383,2150.0510075188],"iscrowd":0,"metadata":{}},
{"id":16,"datatorch_id":"453a2ba1-5dc0-4e78-a502-8fd911f720c9","image_id":3,"category_id":25,"segmentation":[[214.710783113035,1180.38799015232,1520.5058958949849,1180.38799015232,1520.5058958949849,1707.981975114726,214.710783113035,1707.981975114726]],"area":688929.65,"bbox":[214.710783113035,1180.38799015232,1305.79511278195,527.593984962406],"iscrowd":0,"metadata":{}},
{"id":17,"datatorch_id":"4d2339bc-1bbd-49b3-9da1-db50f4446b8c","image_id":5,"category_id":13,"segmentation":[[56.7491440152913,82.9749149643461,1629.4012943912312,82.9749149643461,1629.4012943912312,2244.421952558326,56.7491440152913,2244.421952558326]],"area":3399204.33,"bbox":[56.7491440152913,82.9749149643461,1572.65215037594,2161.44703759398],"iscrowd":0,"metadata":{}},
{"id":18,"datatorch_id":"556b6f2b-c695-49c3-b302-57d8d6c14883","image_id":8,"category_id":24,"segmentation":[[197.662462812284,82.4789766184812,505.355274842359,82.4789766184812,505.355274842359,173.6472172199849,197.662462812284,173.6472172199849]],"area":28051.81,"bbox":[197.662462812284,82.4789766184812,307.692812030075,91.1682406015037],"iscrowd":0,"metadata":{}},
{"id":19,"datatorch_id":"58f47807-b8ac-4b6f-b4cc-ed2d069489a1","image_id":6,"category_id":25,"segmentation":[[211.995432737096,1368.87973451322,1552.168569579196,1368.87973451322,1552.168569579196,1701.643812708709,211.995432737096,1701.643812708709]],"area":445961.48,"bbox":[211.995432737096,1368.87973451322,1340.1731368421,332.764078195489],"iscrowd":0,"metadata":{}},
{"id":20,"datatorch_id":"6580c922-cf7d-44c6-bde7-96237d8e0a40","image_id":16,"category_id":13,"segmentation":[[216.733226722058,326.82885481397,1565.263452285968,326.82885481397,1565.263452285968,1925.4386292500599,216.733226722058,1925.4386292500599]],"area":2155773.6,"bbox":[216.733226722058,326.82885481397,1348.53022556391,1598.60977443609],"iscrowd":0,"metadata":{}},
{"id":21,"datatorch_id":"6ff39c26-ac87-4b4b-a496-c9451094b286","image_id":7,"category_id":3,"segmentation":[[64.874091383712,422.850960077128,1616.000407173182,422.850960077128,1616.000407173182,2075.275320979388,64.874091383712,2075.275320979388]],"area":2563118.91,"bbox":[64.874091383712,422.850960077128,1551.12631578947,1652.42436090226],"iscrowd":0,"metadata":{}},
{"id":22,"datatorch_id":"7e06ba50-ff01-4b5d-987a-7366980cdd22","image_id":16,"category_id":24,"segmentation":[[199.006068827321,87.5122232350228,662.444625218298,87.5122232350228,662.444625218298,174.88178714479722,199.006068827321,174.88178714479722]],"area":40490.42,"bbox":[199.006068827321,87.5122232350228,463.438556390977,87.3695639097744],"iscrowd":0,"metadata":{}},
{"id":23,"datatorch_id":"9008896d-3dd9-4b9b-ac77-cf9ef4c1e07f","image_id":1,"category_id":21,"segmentation":[[219.124986120555,239.793433761339,622.734384616795,239.793433761339,622.734384616795,305.7426818816398,219.124986120555,305.7426818816398]],"area":26617.74,"bbox":[219.124986120555,239.793433761339,403.60939849624,65.9492481203008],"iscrowd":0,"metadata":{}},
{"id":24,"datatorch_id":"917cc72a-27f0-4399-9465-290e1a284e4e","image_id":1,"category_id":25,"segmentation":[[224.400925970179,1701.2287721072,1556.575738000249,1701.2287721072,1556.575738000249,1822.575388648554,224.400925970179,1822.575388648554]],"area":161654.91,"bbox":[224.400925970179,1701.2287721072,1332.17481203007,121.346616541354],"iscrowd":0,"metadata":{}},
{"id":25,"datatorch_id":"970e2929-6df4-4377-824d-af57c047f11b","image_id":3,"category_id":10,"segmentation":[[225.262662812283,653.63815556585,669.7078357446139,653.63815556585,669.7078357446139,722.0143360169778,225.262662812283,722.0143360169778]],"area":30389.46,"bbox":[225.262662812283,653.63815556585,444.445172932331,68.3761804511279],"iscrowd":0,"metadata":{}},
{"id":26,"datatorch_id":"ab3d6fbe-9c85-4485-9b85-2c7f1fe04ee3","image_id":1,"category_id":25,"segmentation":[[213.849046270931,342.674260829008,1548.661828225821,342.674260829008,1548.661828225821,556.349824738782,213.849046270931,556.349824738782]],"area":285216.87,"bbox":[213.849046270931,342.674260829008,1334.81278195489,213.675563909774],"iscrowd":0,"metadata":{}},
{"id":27,"datatorch_id":"ab432d2a-9f97-4286-8ef0-5b40963edaee","image_id":1,"category_id":25,"segmentation":[[211.211076346118,1305.5332833854,1553.937768075438,1305.5332833854,1553.937768075438,1585.158095415475,211.211076346118,1585.158095415475]],"area":375459.7,"bbox":[211.211076346118,1305.5332833854,1342.72669172932,279.624812030075],"iscrowd":0,"metadata":{}},
{"id":28,"datatorch_id":"b17871d1-a6bf-481a-a996-6a7c2fed4ae8","image_id":11,"category_id":13,"segmentation":[[56.2215500303287,72.2119976711133,1609.8803169476187,72.2119976711133,1609.8803169476187,2264.0484487989334,56.2215500303287,2264.0484487989334]],"area":3405365.92,"bbox":[56.2215500303287,72.2119976711133,1553.65876691729,2191.83645112782],"iscrowd":0,"metadata":{}},
{"id":29,"datatorch_id":"bf86f5b7-c8d1-4f7d-a3f4-fee7af67030d","image_id":3,"category_id":25,"segmentation":[[196.688172586719,214.890997671113,1564.2117816092791,214.890997671113,1564.2117816092791,594.758666844045,196.688172586719,594.758666844045]],"area":519478.01,"bbox":[196.688172586719,214.890997671113,1367.52360902256,379.867669172932],"iscrowd":0,"metadata":{}},
{"id":30,"datatorch_id":"c05bc5eb-07ae-4abe-8cb8-4cea51967154","image_id":1,"category_id":21,"segmentation":[[213.849046270931,1619.45170443803,585.802805669427,1619.45170443803,585.802805669427,1661.6592232350226,213.849046270931,1661.6592232350226]],"area":15699.25,"bbox":[213.849046270931,1619.45170443803,371.953759398496,42.2075187969926],"iscrowd":0,"metadata":{}},
{"id":31,"datatorch_id":"cc11a1fd-b00c-4eb7-aed9-019bcea4a197","image_id":6,"category_id":21,"segmentation":[[195.534500406269,1022.94691045307,450.805574090479,1022.94691045307,450.805574090479,1134.121514964348,195.534500406269,1134.121514964348]],"area":28379.66,"bbox":[195.534500406269,1022.94691045307,255.27107368421,111.174604511278],"iscrowd":0,"metadata":{}},
{"id":32,"datatorch_id":"cc4cf339-4ccd-49d9-81da-f4f1146d54e8","image_id":10,"category_id":13,"segmentation":[[57.8395049175466,74.5334112049481,1626.6929786017565,74.5334112049481,1626.6929786017565,2258.7725089493083,57.8395049175466,2258.7725089493083]],"area":3426751.1,"bbox":[57.8395049175466,74.5334112049481,1568.85347368421,2184.23909774436],"iscrowd":0,"metadata":{}},
{"id":33,"datatorch_id":"cde115b6-689b-4fc4-a066-6ba8f666bf37","image_id":1,"category_id":24,"segmentation":[[203.297166571682,1192.10057661848,498.749798150629,1192.10057661848,498.749798150629,1250.1359149643447,203.297166571682,1250.1359149643447]],"area":17146.69,"bbox":[203.297166571682,1192.10057661848,295.452631578947,58.0353383458646],"iscrowd":0,"metadata":{}},
{"id":34,"datatorch_id":"d50dfa00-b62f-418b-b127-ef3c3953785b","image_id":16,"category_id":21,"segmentation":[[214.200775594238,235.660614212466,632.0552116844631,235.660614212466,632.0552116844631,326.8288548139696,214.200775594238,326.8288548139696]],"area":38095.05,"bbox":[214.200775594238,235.660614212466,417.854436090225,91.1682406015036],"iscrowd":0,"metadata":{}},
{"id":35,"datatorch_id":"d6d1b024-a12f-4cde-bfc4-6a868c6bcdc2","image_id":9,"category_id":14,"segmentation":[[171.412903413788,1554.20591496435,1624.406738000258,1554.20591496435,1624.406738000258,1845.4377946635982,171.412903413788,1845.4377946635982]],"area":423158.13,"bbox":[171.412903413788,1554.20591496435,1452.99383458647,291.231879699248],"iscrowd":0,"metadata":{}},
{"id":36,"datatorch_id":"dd42d96e-87bb-4f86-8242-19ad15f3b5eb","image_id":15,"category_id":13,"segmentation":[[51.5787229626596,64.8608548139704,1601.4388131882197,64.8608548139704,1601.4388131882197,2249.0999525583306,51.5787229626596,2249.0999525583306]],"area":3385265.01,"bbox":[51.5787229626596,64.8608548139704,1549.86009022556,2184.23909774436],"iscrowd":0,"metadata":{}},
{"id":37,"datatorch_id":"e1803265-6dac-492c-b1f6-ca5329b37902","image_id":1,"category_id":24,"segmentation":[[211.211076346118,92.0671179718653,664.941903413787,92.0671179718653,664.941903413787,152.74042624254201,211.211076346118,152.74042624254201]],"area":27529.35,"bbox":[211.211076346118,92.0671179718653,453.730827067669,60.6733082706767],"iscrowd":0,"metadata":{}},
{"id":38,"datatorch_id":"e8e407db-20fa-4265-9f46-64b4a8bceb8f","image_id":3,"category_id":21,"segmentation":[[217.665309428825,1090.48597511472,593.734301910028,1090.48597511472,593.734301910028,1139.868772107201,217.665309428825,1139.868772107201]],"area":18571.34,"bbox":[217.665309428825,1090.48597511472,376.068992481203,49.382796992481],"iscrowd":0,"metadata":{}},
{"id":39,"datatorch_id":"edc8cbc8-d57b-457a-beaf-b083138d25e9","image_id":3,"category_id":21,"segmentation":[[210.067956045366,1717.26762925006,529.156798150629,1717.26762925006,529.156798150629,1762.851749550812,210.067956045366,1762.851749550812]],"area":14545.38,"bbox":[210.067956045366,1717.26762925006,319.088842105263,45.5841203007519],"iscrowd":0,"metadata":{}},
{"id":40,"datatorch_id":"f0ce4776-afd7-4887-a6aa-253cf0b943ea","image_id":8,"category_id":25,"segmentation":[[220.45452296266,226.828690904195,1591.7768086769502,226.828690904195,1591.7768086769502,982.76535255833,220.45452296266,982.76535255833]],"area":1036632.79,"bbox":[220.45452296266,226.828690904195,1371.32228571429,755.936661654135],"iscrowd":0,"metadata":{}},
{"id":41,"datatorch_id":"f211aa57-7668-46e2-97d7-0a25ff7ae251","image_id":1,"category_id":25,"segmentation":[[213.849046270931,682.97238112976,1543.385888376191,682.97238112976,1543.385888376191,1097.133659325249,213.849046270931,1097.133659325249]],"area":550642.68,"bbox":[213.849046270931,682.97238112976,1329.53684210526,414.161278195489],"iscrowd":0,"metadata":{}},
{"id":42,"datatorch_id":"fab620f3-0ada-4b24-a183-3091f3a359ec","image_id":6,"category_id":21,"segmentation":[[236.560208676946,1270.24076308465,473.597634240855,1270.24076308465,473.597634240855,1368.8797345132216,236.560208676946,1368.8797345132216]],"area":23381.13,"bbox":[236.560208676946,1270.24076308465,237.037425563909,98.6389714285715],"iscrowd":0,"metadata":{}},
{"id":43,"datatorch_id":"fec9c5c0-14eb-42f3-a97b-ad69959abf7b","image_id":3,"category_id":11,"segmentation":[[221.463986120554,722.014336016978,1482.624647774694,722.014336016978,1482.624647774694,885.3574337613389,221.463986120554,885.3574337613389]],"area":206001.89,"bbox":[221.463986120554,722.014336016978,1261.16066165414,163.343097744361],"iscrowd":0,"metadata":{}}
]}