{"info": {"year":2023,"version":"0.1.0","description":"","url":"","date_created":1695181579905},"categories": [
  {
    "id": 1,
    "datatorch_id": "efdc34be-7bc8-40e6-a7ac-743c961d5b0e",
    "name": "other",
    "supercategory": null
  },
  {
    "id": 2,
    "datatorch_id": "98245cc4-3f97-4a16-8793-42b1f206b1ae",
    "name": "form",
    "supercategory": null
  },
  {
    "id": 3,
    "datatorch_id": "bac47c6d-1482-4149-b2f4-48ae401b6fce",
    "name": "report_title",
    "supercategory": null
  },
  {
    "id": 4,
    "datatorch_id": "f67b4326-b7f3-4891-a799-9e158f3f29a3",
    "name": "references",
    "supercategory": null
  },
  {
    "id": 5,
    "datatorch_id": "28540ac5-369f-447d-8dc0-6c623bdeded1",
    "name": "appendix_list",
    "supercategory": null
  },
  {
    "id": 6,
    "datatorch_id": "432d43ae-9402-465b-8bfa-08b71e3f6e70",
    "name": "list",
    "supercategory": null
  },
  {
    "id": 7,
    "datatorch_id": "866cde06-4b95-4b78-9e9d-615eb63f3b30",
    "name": "form_body",
    "supercategory": null
  },
  {
    "id": 8,
    "datatorch_id": "5c08d4fb-994f-42f5-8a08-eff81cd89470",
    "name": "form_title",
    "supercategory": null
  },
  {
    "id": 9,
    "datatorch_id": "7b220ed9-4839-4860-913e-e54f2b08ed1e",
    "name": "cross",
    "supercategory": null
  },
  {
    "id": 10,
    "datatorch_id": "bedfd226-54a1-411d-88c2-e513cc41e676",
    "name": "table_caption",
    "supercategory": null
  },
  {
    "id": 11,
    "datatorch_id": "3a69775c-e544-484e-9882-ad16eb2d72de",
    "name": "table",
    "supercategory": null
  },
  {
    "id": 12,
    "datatorch_id": "c5dfcaed-726f-42cd-8d24-72c5d6ed4f33",
    "name": "figure_caption",
    "supercategory": null
  },
  {
    "id": 13,
    "datatorch_id": "3f471323-e8c5-4b39-989f-cf5be1aec0f9",
    "name": "figure",
    "supercategory": null
  },
  {
    "id": 14,
    "datatorch_id": "99fb551f-c3d7-44ee-bfe4-335664818c3a",
    "name": "list_of_tables",
    "supercategory": null
  },
  {
    "id": 15,
    "datatorch_id": "d21d3657-a407-44b4-95f4-2f3d6302b266",
    "name": "list_of_figures",
    "supercategory": null
  },
  {
    "id": 16,
    "datatorch_id": "ee631f60-9883-4932-8f12-c50dd827cff1",
    "name": "table_of_contents",
    "supercategory": null
  },
  {
    "id": 17,
    "datatorch_id": "01396395-4edf-4a64-aee8-3045d83f9f59",
    "name": "subsubsubsubsection",
    "supercategory": null
  },
  {
    "id": 18,
    "datatorch_id": "60279c59-c020-4f1b-8221-132da3381de0",
    "name": "subsubsubsection",
    "supercategory": null
  },
  {
    "id": 19,
    "datatorch_id": "10a9f994-272f-449d-a0df-80b9119bc1d1",
    "name": "subsubsection",
    "supercategory": null
  },
  {
    "id": 20,
    "datatorch_id": "91510100-a731-4362-93ef-527524a170ce",
    "name": "subsubsection",
    "supercategory": null
  },
  {
    "id": 21,
    "datatorch_id": "b70e14c2-0849-4366-92ab-9a9a19a43234",
    "name": "subsection",
    "supercategory": null
  },
  {
    "id": 22,
    "datatorch_id": "553058cd-78a1-4549-bf72-7e47c9a279a7",
    "name": "summary",
    "supercategory": null
  },
  {
    "id": 23,
    "datatorch_id": "7ee54f92-1d68-40d6-9662-ee8721ea0609",
    "name": "abstract",
    "supercategory": null
  },
  {
    "id": 24,
    "datatorch_id": "e5aba03c-0aa5-4e2d-8318-1070c9c8cbbb",
    "name": "section",
    "supercategory": null
  },
  {
    "id": 25,
    "datatorch_id": "39ef7a9d-1162-4ae4-8624-f78005de7a54",
    "name": "paragraph",
    "supercategory": null
  },
  {
    "id": 26,
    "datatorch_id": "303bd345-80a9-4705-bb6e-cbb51b49d623",
    "name": "title",
    "supercategory": null
  }
],"images": [
  {
    "id": 1,
    "datatorch_id": "958f254e-9906-415c-a088-f86819a4e1d8",
    "storage_id": "379fb094-cabd-4982-968e-525c78f3db91",
    "path": "a072190_e471127_annual_rpt_16198643-10.jpg",
    "width": 2338,
    "height": 1654,
    "file_name": "a072190_e471127_annual_rpt_16198643-10.jpg",
    "metadata": {},
    "date_captured": "2023-09-17T09:04:46.825Z"
  },
  {
    "id": 2,
    "datatorch_id": "d00d8820-ab59-48da-849f-ba99fb9d8f75",
    "storage_id": "379fb094-cabd-4982-968e-525c78f3db91",
    "path": "a072190_e471127_annual_rpt_16198643-09.jpg",
    "width": 1654,
    "height": 2338,
    "file_name": "a072190_e471127_annual_rpt_16198643-09.jpg",
    "metadata": {},
    "date_captured": "2023-09-17T09:04:47.106Z"
  },
  {
    "id": 3,
    "datatorch_id": "d2380a08-72b9-44af-b282-8d17712dd4d9",
    "storage_id": "379fb094-cabd-4982-968e-525c78f3db91",
    "path": "a072190_e471127_annual_rpt_16198643-01.jpg",
    "width": 1653,
    "height": 2339,
    "file_name": "a072190_e471127_annual_rpt_16198643-01.jpg",
    "metadata": {},
    "date_captured": "2023-09-17T09:04:46.778Z"
  },
  {
    "id": 4,
    "datatorch_id": "0bb9e610-1750-4b29-b3b1-39ea8ac7c029",
    "storage_id": "379fb094-cabd-4982-968e-525c78f3db91",
    "path": "a072190_e471127_annual_rpt_16198643-02.jpg",
    "width": 1653,
    "height": 2339,
    "file_name": "a072190_e471127_annual_rpt_16198643-02.jpg",
    "metadata": {},
    "date_captured": "2023-09-17T09:04:47.169Z"
  },
  {
    "id": 5,
    "datatorch_id": "66c5a454-3df2-4acb-b54f-f2881e7f212f",
    "storage_id": "379fb094-cabd-4982-968e-525c78f3db91",
    "path": "a072190_e471127_annual_rpt_16198643-07.jpg",
    "width": 1653,
    "height": 2339,
    "file_name": "a072190_e471127_annual_rpt_16198643-07.jpg",
    "metadata": {},
    "date_captured": "2023-09-17T09:04:47.294Z"
  },
  {
    "id": 6,
    "datatorch_id": "45449515-ab34-4eab-993d-42cda50d0344",
    "storage_id": "379fb094-cabd-4982-968e-525c78f3db91",
    "path": "a072190_e471127_annual_rpt_16198643-04.jpg",
    "width": 1653,
    "height": 2339,
    "file_name": "a072190_e471127_annual_rpt_16198643-04.jpg",
    "metadata": {},
    "date_captured": "2023-09-17T09:04:47.325Z"
  },
  {
    "id": 7,
    "datatorch_id": "c7824711-14a6-46eb-aeec-95abfdf30613",
    "storage_id": "379fb094-cabd-4982-968e-525c78f3db91",
    "path": "a072190_e471127_annual_rpt_16198643-05.jpg",
    "width": 1653,
    "height": 2339,
    "file_name": "a072190_e471127_annual_rpt_16198643-05.jpg",
    "metadata": {},
    "date_captured": "2023-09-17T09:04:47.512Z"
  },
  {
    "id": 8,
    "datatorch_id": "efee6ed4-b7a5-4d11-a47a-a7af2788130f",
    "storage_id": "379fb094-cabd-4982-968e-525c78f3db91",
    "path": "a072190_e471127_annual_rpt_16198643-06.jpg",
    "width": 1653,
    "height": 2339,
    "file_name": "a072190_e471127_annual_rpt_16198643-06.jpg",
    "metadata": {},
    "date_captured": "2023-09-17T09:04:47.512Z"
  },
  {
    "id": 9,
    "datatorch_id": "8e67e1ca-1d91-43ee-ad54-34400cb012bc",
    "storage_id": "379fb094-cabd-4982-968e-525c78f3db91",
    "path": "a072190_e471127_annual_rpt_16198643-11.jpg",
    "width": 3308,
    "height": 2338,
    "file_name": "a072190_e471127_annual_rpt_16198643-11.jpg",
    "metadata": {},
    "date_captured": "2023-09-17T09:04:47.512Z"
  },
  {
    "id": 10,
    "datatorch_id": "95ca0d3e-2ef2-4087-8bdf-821ab3bc7763",
    "storage_id": "379fb094-cabd-4982-968e-525c78f3db91",
    "path": "a072190_e471127_annual_rpt_16198643-03.jpg",
    "width": 1653,
    "height": 2339,
    "file_name": "a072190_e471127_annual_rpt_16198643-03.jpg",
    "metadata": {},
    "date_captured": "2023-09-17T09:04:46.793Z"
  },
  {
    "id": 11,
    "datatorch_id": "c7fb3c94-e1d2-4659-a554-7ac0467484c7",
    "storage_id": "379fb094-cabd-4982-968e-525c78f3db91",
    "path": "a072190_e471127_annual_rpt_16198643-08.jpg",
    "width": 1653,
    "height": 2339,
    "file_name": "a072190_e471127_annual_rpt_16198643-08.jpg",
    "metadata": {},
    "date_captured": "2023-09-17T09:04:47.028Z"
  },
  {
    "id": 12,
    "datatorch_id": "c89c538a-beba-4fa9-9b5e-a7cb00993b3f",
    "storage_id": "379fb094-cabd-4982-968e-525c78f3db91",
    "path": "a072190_e471127_annual_rpt_16198643-12.jpg",
    "width": 1654,
    "height": 2338,
    "file_name": "a072190_e471127_annual_rpt_16198643-12.jpg",
    "metadata": {},
    "date_captured": "2023-09-17T09:04:47.090Z"
  }
],"annotations": [
{"id":1,"datatorch_id":"0cbb5321-e6df-4b3c-a055-3d46e27f2703","image_id":5,"category_id":24,"segmentation":[[235.081538601758,1124.96951797186,1110.008230331081,1124.96951797186,1110.008230331081,1222.3106081974238,235.081538601758,1222.3106081974238]],"area":85166.32,"bbox":[235.081538601758,1124.96951797186,874.926691729323,97.3410902255639],"iscrowd":0,"metadata":{}},
{"id":2,"datatorch_id":"1e409688-040b-43ef-b114-b8d4954dcdf9","image_id":2,"category_id":13,"segmentation":[[95.5839222215352,49.2405983336597,1614.4049748531152,49.2405983336597,1614.4049748531152,2316.08101938629,95.5839222215352,2316.08101938629]],"area":3442924.95,"bbox":[95.5839222215352,49.2405983336597,1518.82105263158,2266.84042105263],"iscrowd":0,"metadata":{}},
{"id":3,"datatorch_id":"2b81f9f1-be52-49ae-8fd0-353e4ca1e17e","image_id":6,"category_id":10,"segmentation":[[327.323960556644,739.083760077128,1536.569374090474,739.083760077128,1536.569374090474,849.8784969192329,327.323960556644,849.8784969192329]],"area":133978.03,"bbox":[327.323960556644,739.083760077128,1209.24541353383,110.794736842105],"iscrowd":0,"metadata":{}},
{"id":4,"datatorch_id":"2c966ca8-53ea-4263-8924-664034010b62","image_id":6,"category_id":24,"segmentation":[[226.025915443862,672.606917971865,517.25779514311,672.606917971865,517.25779514311,739.0837600771281,226.025915443862,739.0837600771281]],"area":19360.18,"bbox":[226.025915443862,672.606917971865,291.231879699248,66.4768421052631],"iscrowd":0,"metadata":{}},
{"id":5,"datatorch_id":"30f013b0-8f56-4fd2-862f-3060e16c4ff7","image_id":5,"category_id":25,"segmentation":[[334.960004165667,1023.3865721072,1524.684440255897,1023.3865721072,1524.684440255897,1131.543339024493,334.960004165667,1131.543339024493]],"area":128676.75,"bbox":[334.960004165667,1023.3865721072,1189.72443609023,108.156766917293],"iscrowd":0,"metadata":{}},
{"id":6,"datatorch_id":"341005f2-fd5e-470c-a31b-31567be12d0c","image_id":8,"category_id":21,"segmentation":[[317.450918451381,2063.93205030269,936.6352192032609,2063.93205030269,936.6352192032609,2151.3016142124648,317.450918451381,2151.3016142124648]],"area":54097.86,"bbox":[317.450918451381,2063.93205030269,619.18430075188,87.3695639097746],"iscrowd":0,"metadata":{}},
{"id":7,"datatorch_id":"36111a4d-88c7-4726-87af-c270197d357f","image_id":6,"category_id":10,"segmentation":[[707.191629729577,815.057293911715,1175.695088376193,815.057293911715,1175.695088376193,900.5275194756248,707.191629729577,900.5275194756248]],"area":40043.1,"bbox":[707.191629729577,815.057293911715,468.503458646616,85.4702255639098],"iscrowd":0,"metadata":{}},
{"id":8,"datatorch_id":"3ab47ed6-464b-43b9-9dab-826110340dd6","image_id":4,"category_id":1,"segmentation":[[135.290301910028,1641.24133601698,906.42167033108,1641.24133601698,906.42167033108,1815.980463836529,135.290301910028,1815.980463836529]],"area":134746.82,"bbox":[135.290301910028,1641.24133601698,771.131368421052,174.739127819549],"iscrowd":0,"metadata":{}},
{"id":9,"datatorch_id":"3f38555e-d571-44ab-8975-8ce8667c0e53","image_id":11,"category_id":4,"segmentation":[[204.897534992735,171.997606693669,1557.226437248375,171.997606693669,1557.226437248375,840.56470443803,204.897534992735,840.56470443803]],"area":904122.61,"bbox":[204.897534992735,171.997606693669,1352.32890225564,668.567097744361],"iscrowd":0,"metadata":{}},
{"id":10,"datatorch_id":"46c3c31c-ff32-4ed5-9606-ca629bc7155d","image_id":5,"category_id":25,"segmentation":[[323.141898902509,1222.31060819743,1599.4972673235588,1222.31060819743,1599.4972673235588,1910.6308247387828,323.141898902509,1910.6308247387828]],"area":878541.2,"bbox":[323.141898902509,1222.31060819743,1276.35536842105,688.320216541353],"iscrowd":0,"metadata":{}},
{"id":11,"datatorch_id":"4d1a87bf-b012-4364-ad98-4d9c88e772c8","image_id":7,"category_id":25,"segmentation":[[324.942753037847,1371.0780427839,1559.512677849877,1371.0780427839,1559.512677849877,2142.209411204953,324.942753037847,2142.209411204953]],"area":952015.6,"bbox":[324.942753037847,1371.0780427839,1234.56992481203,771.131368421053],"iscrowd":0,"metadata":{}},
{"id":12,"datatorch_id":"5023b957-1f30-43d1-9824-eba2d5df9189","image_id":8,"category_id":10,"segmentation":[[687.610858301005,1565.03917812224,1213.094467323561,1565.03917812224,1213.094467323561,1635.20917812224,687.610858301005,1635.20917812224]],"area":36873.18,"bbox":[687.610858301005,1565.03917812224,525.483609022556,70.1700000000001],"iscrowd":0,"metadata":{}},
{"id":13,"datatorch_id":"52d5cc66-4399-4767-98c6-a7b003481c70","image_id":3,"category_id":3,"segmentation":[[434.101948526569,666.247651806451,1328.8134146919829,666.247651806451,1328.8134146919829,1035.563441280135,434.101948526569,1035.563441280135]],"area":330431.07,"bbox":[434.101948526569,666.247651806451,894.711466165414,369.315789473684],"iscrowd":0,"metadata":{}},
{"id":14,"datatorch_id":"70325d42-c3b1-4098-8b51-4c24ba38e9bc","image_id":5,"category_id":24,"segmentation":[[239.478155143111,935.915006693669,531.853155143111,935.915006693669,531.853155143111,1023.386572107203,239.478155143111,1023.386572107203]],"area":25574.5,"bbox":[239.478155143111,935.915006693669,292.375,87.471565413534],"iscrowd":0,"metadata":{}},
{"id":15,"datatorch_id":"74bf1e47-bc76-41c7-9978-d887c2d2120b","image_id":5,"category_id":25,"segmentation":[[330.789901308524,188.458539024496,1588.9116216092739,188.458539024496,1588.9116216092739,948.801665641037,330.789901308524,948.801665641037]],"area":956604.2,"bbox":[330.789901308524,188.458539024496,1258.12172030075,760.343126616541],"iscrowd":0,"metadata":{}},
{"id":16,"datatorch_id":"78f7d697-cd81-417f-af59-8a8bbe0e8e9b","image_id":10,"category_id":14,"segmentation":[[229.870316947622,1297.091779626,1126.358016195742,1297.091779626,1126.358016195742,1555.401794663594,229.870316947622,1555.401794663594]],"area":231571.75,"bbox":[229.870316947622,1297.091779626,896.48769924812,258.310015037594],"iscrowd":0,"metadata":{}},
{"id":17,"datatorch_id":"90eb02bc-7698-4d36-9892-0a3d64aa66c2","image_id":7,"category_id":25,"segmentation":[[314.812948526569,532.20360669367,1574.7073846167991,532.20360669367,1574.7073846167991,1288.77338112976,314.812948526569,1288.77338112976]],"area":953198.05,"bbox":[314.812948526569,532.20360669367,1259.89443609023,756.56977443609],"iscrowd":0,"metadata":{}},
{"id":18,"datatorch_id":"9275e2f7-6ccf-40b4-857b-f80bad3d03c1","image_id":7,"category_id":21,"segmentation":[[340.137459804765,466.992990152316,742.164076346118,466.992990152316,742.164076346118,532.2036066936695,340.137459804765,532.2036066936695]],"area":26216.4,"bbox":[340.137459804765,466.992990152316,402.026616541353,65.2106165413535],"iscrowd":0,"metadata":{}},
{"id":19,"datatorch_id":"994c7944-77f3-4416-a2e1-361725a9a76f","image_id":12,"category_id":13,"segmentation":[[101.954532747851,39.9483667547128,1619.2567643268012,39.9483667547128,1619.2567643268012,2299.954093070503,101.954532747851,2299.954093070503]],"area":3429111.73,"bbox":[101.954532747851,39.9483667547128,1517.30223157895,2260.00572631579],"iscrowd":0,"metadata":{}},
{"id":20,"datatorch_id":"99c085e7-4975-4cd6-9da1-7993f3d6b5a6","image_id":8,"category_id":11,"segmentation":[[339.398828225817,1635.20917812224,1346.048151534087,1635.20917812224,1346.048151534087,1951.765569099683,339.398828225817,1951.765569099683]],"area":318661.28,"bbox":[339.398828225817,1635.20917812224,1006.64932330827,316.556390977443],"iscrowd":0,"metadata":{}},
{"id":21,"datatorch_id":"9f80d9f5-875a-46ca-af3d-19c979914ed4","image_id":8,"category_id":25,"segmentation":[[328.846948526569,134.204290904196,1536.8261364964892,134.204290904196,1536.8261364964892,859.751539024497,328.846948526569,859.751539024497]],"area":876445.98,"bbox":[328.846948526569,134.204290904196,1207.97918796992,725.547248120301],"iscrowd":0,"metadata":{}},
{"id":22,"datatorch_id":"a9f1d1d3-0016-4f15-b2fe-b0dc68f505b3","image_id":8,"category_id":25,"segmentation":[[325.04827183484,1019.29596007713,1570.27559514311,1019.29596007713,1570.27559514311,1565.039178122242,325.04827183484,1565.039178122242]],"area":679574.37,"bbox":[325.04827183484,1019.29596007713,1245.22732330827,545.743218045112],"iscrowd":0,"metadata":{}},
{"id":23,"datatorch_id":"aa3e933e-a99a-4e5e-92e3-48c31db8edfb","image_id":4,"category_id":3,"segmentation":[[97.3035349927342,247.126990152316,1571.1900913837144,247.126990152316,1571.1900913837144,968.875561580887,97.3035349927342,968.875561580887]],"area":1063775.52,"bbox":[97.3035349927342,247.126990152316,1473.88655639098,721.748571428571],"iscrowd":0,"metadata":{}},
{"id":24,"datatorch_id":"aa5acd63-358f-425f-bafd-40d46a469f53","image_id":10,"category_id":13,"segmentation":[[203.279580105517,1000.79499767111,1103.565956045366,1000.79499767111,1103.565956045366,1297.0917796259969,203.279580105517,1297.0917796259969]],"area":266751.96,"bbox":[203.279580105517,1000.79499767111,900.286375939849,296.296781954887],"iscrowd":0,"metadata":{}},
{"id":25,"datatorch_id":"ab1b9027-6588-4e46-a20c-fef74788c9d4","image_id":6,"category_id":24,"segmentation":[[206.019551534088,144.337612708707,639.068694391231,144.337612708707,639.068694391231,212.7137931598348,206.019551534088,212.7137931598348]],"area":29610.25,"bbox":[206.019551534088,144.337612708707,433.049142857143,68.3761804511278],"iscrowd":0,"metadata":{}},
{"id":26,"datatorch_id":"b1dbc888-0b83-4fa7-94e2-1e442f810cfc","image_id":8,"category_id":24,"segmentation":[[230.081354541607,874.946245791414,780.8894748423589,874.946245791414,780.8894748423589,943.3224262425417,230.081354541607,943.3224262425417]],"area":37662.16,"bbox":[230.081354541607,874.946245791414,550.808120300752,68.3761804511278],"iscrowd":0,"metadata":{}},
{"id":27,"datatorch_id":"b66562f0-a8cc-4178-8b06-ed3733edf96c","image_id":1,"category_id":13,"segmentation":[[26.443776206831,56.249377672156,2305.079708499351,56.249377672156,2305.079708499351,1617.8320445579361,26.443776206831,1617.8320445579361]],"area":3558278.38,"bbox":[26.443776206831,56.249377672156,2278.63593229252,1561.58266688578],"iscrowd":0,"metadata":{}},
{"id":28,"datatorch_id":"b68a2aa5-9d9f-4707-b899-b1c51d7c3116","image_id":4,"category_id":23,"segmentation":[[120.09559514311,968.875561580887,1518.0086176994998,968.875561580887,1518.0086176994998,1641.2413360169771,120.09559514311,1641.2413360169771]],"area":939908.87,"bbox":[120.09559514311,968.875561580887,1397.91302255639,672.36577443609],"iscrowd":0,"metadata":{}},
{"id":29,"datatorch_id":"b9040978-91dd-4337-ba77-e5e4795da761","image_id":6,"category_id":24,"segmentation":[[235.522607173186,1904.01127887412,852.807569579201,1904.01127887412,852.807569579201,1964.1569931598342,235.522607173186,1964.1569931598342]],"area":37127.04,"bbox":[235.522607173186,1904.01127887412,617.284962406015,60.1457142857141],"iscrowd":0,"metadata":{}},
{"id":30,"datatorch_id":"c518c476-8c0d-4f11-8c6a-9fc9ec4db598","image_id":7,"category_id":21,"segmentation":[[314.812948526569,1279.27668940044,1327.7933996543888,1279.27668940044,1327.7933996543888,1371.078042783899,314.812948526569,1371.078042783899]],"area":92992.98,"bbox":[314.812948526569,1279.27668940044,1012.98045112782,91.8013533834589],"iscrowd":0,"metadata":{}},
{"id":31,"datatorch_id":"c60091a0-a62f-45c6-a023-a44fe30fe7aa","image_id":6,"category_id":11,"segmentation":[[235.522607173186,900.527519475624,1568.225013188226,900.527519475624,1568.225013188226,1904.011278874124,235.522607173186,1904.011278874124]],"area":1337345.22,"bbox":[235.522607173186,900.527519475624,1332.70240601504,1003.4837593985],"iscrowd":0,"metadata":{}},
{"id":32,"datatorch_id":"ca347fac-d7fb-4bf5-846d-8f3c45013e98","image_id":6,"category_id":25,"segmentation":[[283.006065819802,2049.62721872374,1568.225013188222,2049.62721872374,1568.225013188222,2160.421955565845,283.006065819802,2160.421955565845]],"area":142395.5,"bbox":[283.006065819802,2049.62721872374,1285.21894736842,110.794736842105],"iscrowd":0,"metadata":{}},
{"id":33,"datatorch_id":"cd33d555-1386-4ef5-96da-e58c9c63147b","image_id":10,"category_id":16,"segmentation":[[142.500753037847,153.690095415474,1396.064061308527,153.690095415474,1396.064061308527,1000.7949976711129,142.500753037847,1000.7949976711129]],"area":1061899.62,"bbox":[142.500753037847,153.690095415474,1253.56330827068,847.104902255639],"iscrowd":0,"metadata":{}},
{"id":34,"datatorch_id":"d748941d-bc82-4275-b452-29e666b142d3","image_id":6,"category_id":21,"segmentation":[[320.992832737096,1964.15699315983,710.357193639351,1964.15699315983,710.357193639351,2049.62721872374,320.992832737096,2049.62721872374]],"area":33279.06,"bbox":[320.992832737096,1964.15699315983,389.364360902255,85.4702255639099],"iscrowd":0,"metadata":{}},
{"id":35,"datatorch_id":"eb1e97eb-0149-496d-b210-984e2f70c2bd","image_id":9,"category_id":13,"segmentation":[[24.3764224674976,34.0208374901901,3287.8377496655276,34.0208374901901,3287.8377496655276,2305.4801032256,24.3764224674976,2305.4801032256]],"area":7412819.47,"bbox":[24.3764224674976,34.0208374901901,3263.46132719803,2271.45926573541],"iscrowd":0,"metadata":{}},
{"id":36,"datatorch_id":"ed65f1d9-c59c-4f88-9333-3d1d96522a9a","image_id":6,"category_id":25,"segmentation":[[320.992832737096,212.713793159835,1561.893885368676,212.713793159835,1561.893885368676,672.606917971865,320.992832737096,672.606917971865]],"area":570681.86,"bbox":[320.992832737096,212.713793159835,1240.90105263158,459.89312481203],"iscrowd":0,"metadata":{}},
{"id":37,"datatorch_id":"f2bb647b-940b-4a79-b5fe-0d59abaf9199","image_id":7,"category_id":25,"segmentation":[[336.338783113035,147.904148047053,1563.311354541605,147.904148047053,1563.311354541605,466.992990152316,336.338783113035,466.992990152316]],"area":391513.26,"bbox":[336.338783113035,147.904148047053,1226.97257142857,319.088842105263],"iscrowd":0,"metadata":{}},
{"id":38,"datatorch_id":"fa492702-e82f-4310-812b-dcda753a3115","image_id":8,"category_id":21,"segmentation":[[325.04827183484,943.322426242542,948.031249278449,943.322426242542,948.031249278449,1019.2959600771285,325.04827183484,1019.2959600771285]],"area":47330.22,"bbox":[325.04827183484,943.322426242542,622.982977443609,75.9735338345865],"iscrowd":0,"metadata":{}}
]}