{"info": {"year":2023,"version":"0.1.0","description":"","url":"","date_created":1695180414650},"categories": [
  {
    "id": 1,
    "datatorch_id": "efdc34be-7bc8-40e6-a7ac-743c961d5b0e",
    "name": "other",
    "supercategory": null
  },
  {
    "id": 2,
    "datatorch_id": "98245cc4-3f97-4a16-8793-42b1f206b1ae",
    "name": "form",
    "supercategory": null
  },
  {
    "id": 3,
    "datatorch_id": "bac47c6d-1482-4149-b2f4-48ae401b6fce",
    "name": "report_title",
    "supercategory": null
  },
  {
    "id": 4,
    "datatorch_id": "f67b4326-b7f3-4891-a799-9e158f3f29a3",
    "name": "references",
    "supercategory": null
  },
  {
    "id": 5,
    "datatorch_id": "28540ac5-369f-447d-8dc0-6c623bdeded1",
    "name": "appendix_list",
    "supercategory": null
  },
  {
    "id": 6,
    "datatorch_id": "432d43ae-9402-465b-8bfa-08b71e3f6e70",
    "name": "list",
    "supercategory": null
  },
  {
    "id": 7,
    "datatorch_id": "866cde06-4b95-4b78-9e9d-615eb63f3b30",
    "name": "form_body",
    "supercategory": null
  },
  {
    "id": 8,
    "datatorch_id": "5c08d4fb-994f-42f5-8a08-eff81cd89470",
    "name": "form_title",
    "supercategory": null
  },
  {
    "id": 9,
    "datatorch_id": "7b220ed9-4839-4860-913e-e54f2b08ed1e",
    "name": "cross",
    "supercategory": null
  },
  {
    "id": 10,
    "datatorch_id": "bedfd226-54a1-411d-88c2-e513cc41e676",
    "name": "table_caption",
    "supercategory": null
  },
  {
    "id": 11,
    "datatorch_id": "3a69775c-e544-484e-9882-ad16eb2d72de",
    "name": "table",
    "supercategory": null
  },
  {
    "id": 12,
    "datatorch_id": "c5dfcaed-726f-42cd-8d24-72c5d6ed4f33",
    "name": "figure_caption",
    "supercategory": null
  },
  {
    "id": 13,
    "datatorch_id": "3f471323-e8c5-4b39-989f-cf5be1aec0f9",
    "name": "figure",
    "supercategory": null
  },
  {
    "id": 14,
    "datatorch_id": "99fb551f-c3d7-44ee-bfe4-335664818c3a",
    "name": "list_of_tables",
    "supercategory": null
  },
  {
    "id": 15,
    "datatorch_id": "d21d3657-a407-44b4-95f4-2f3d6302b266",
    "name": "list_of_figures",
    "supercategory": null
  },
  {
    "id": 16,
    "datatorch_id": "ee631f60-9883-4932-8f12-c50dd827cff1",
    "name": "table_of_contents",
    "supercategory": null
  },
  {
    "id": 17,
    "datatorch_id": "01396395-4edf-4a64-aee8-3045d83f9f59",
    "name": "subsubsubsubsection",
    "supercategory": null
  },
  {
    "id": 18,
    "datatorch_id": "60279c59-c020-4f1b-8221-132da3381de0",
    "name": "subsubsubsection",
    "supercategory": null
  },
  {
    "id": 19,
    "datatorch_id": "10a9f994-272f-449d-a0df-80b9119bc1d1",
    "name": "subsubsection",
    "supercategory": null
  },
  {
    "id": 20,
    "datatorch_id": "91510100-a731-4362-93ef-527524a170ce",
    "name": "subsubsection",
    "supercategory": null
  },
  {
    "id": 21,
    "datatorch_id": "b70e14c2-0849-4366-92ab-9a9a19a43234",
    "name": "subsection",
    "supercategory": null
  },
  {
    "id": 22,
    "datatorch_id": "553058cd-78a1-4549-bf72-7e47c9a279a7",
    "name": "summary",
    "supercategory": null
  },
  {
    "id": 23,
    "datatorch_id": "7ee54f92-1d68-40d6-9662-ee8721ea0609",
    "name": "abstract",
    "supercategory": null
  },
  {
    "id": 24,
    "datatorch_id": "e5aba03c-0aa5-4e2d-8318-1070c9c8cbbb",
    "name": "section",
    "supercategory": null
  },
  {
    "id": 25,
    "datatorch_id": "39ef7a9d-1162-4ae4-8624-f78005de7a54",
    "name": "paragraph",
    "supercategory": null
  },
  {
    "id": 26,
    "datatorch_id": "303bd345-80a9-4705-bb6e-cbb51b49d623",
    "name": "title",
    "supercategory": null
  }
],"images": [
  {
    "id": 1,
    "datatorch_id": "6d905380-a760-4c00-a898-287d2243fdf3",
    "storage_id": "379fb094-cabd-4982-968e-525c78f3db91",
    "path": "a072067_e47-1206 report feb06_14633423-12.jpg",
    "width": 2339,
    "height": 1653,
    "file_name": "a072067_e47-1206 report feb06_14633423-12.jpg",
    "metadata": {},
    "date_captured": "2023-09-15T02:02:17.627Z"
  },
  {
    "id": 2,
    "datatorch_id": "28da2698-40c6-45db-a998-1fbce4828339",
    "storage_id": "379fb094-cabd-4982-968e-525c78f3db91",
    "path": "a072067_e47-1206 report feb06_14633423-08.jpg",
    "width": 1653,
    "height": 2339,
    "file_name": "a072067_e47-1206 report feb06_14633423-08.jpg",
    "metadata": {},
    "date_captured": "2023-09-15T02:02:17.737Z"
  },
  {
    "id": 3,
    "datatorch_id": "7c5310ca-c24d-4953-a7ef-50a55dc3f7b7",
    "storage_id": "379fb094-cabd-4982-968e-525c78f3db91",
    "path": "a072067_e47-1206 report feb06_14633423-11.jpg",
    "width": 1653,
    "height": 2339,
    "file_name": "a072067_e47-1206 report feb06_14633423-11.jpg",
    "metadata": {},
    "date_captured": "2023-09-15T02:02:17.830Z"
  },
  {
    "id": 4,
    "datatorch_id": "744ad4fe-ecbd-4a11-ab7f-1872bfd11d64",
    "storage_id": "379fb094-cabd-4982-968e-525c78f3db91",
    "path": "a072067_e47-1206 report feb06_14633423-04.jpg",
    "width": 1653,
    "height": 2339,
    "file_name": "a072067_e47-1206 report feb06_14633423-04.jpg",
    "metadata": {},
    "date_captured": "2023-09-15T02:02:18.002Z"
  },
  {
    "id": 5,
    "datatorch_id": "131861ac-7b57-4d1d-b4b0-c7b9facbe925",
    "storage_id": "379fb094-cabd-4982-968e-525c78f3db91",
    "path": "a072067_e47-1206 report feb06_14633423-06.jpg",
    "width": 1653,
    "height": 2339,
    "file_name": "a072067_e47-1206 report feb06_14633423-06.jpg",
    "metadata": {},
    "date_captured": "2023-09-15T02:02:17.893Z"
  },
  {
    "id": 6,
    "datatorch_id": "d825b2e6-982b-4fc3-bfe2-12bb54f5c191",
    "storage_id": "379fb094-cabd-4982-968e-525c78f3db91",
    "path": "a072067_e47-1206 report feb06_14633423-07.jpg",
    "width": 1653,
    "height": 2339,
    "file_name": "a072067_e47-1206 report feb06_14633423-07.jpg",
    "metadata": {},
    "date_captured": "2023-09-15T02:02:17.893Z"
  },
  {
    "id": 7,
    "datatorch_id": "36e25962-19d2-4344-a30f-3f1e8dc1ffe2",
    "storage_id": "379fb094-cabd-4982-968e-525c78f3db91",
    "path": "a072067_e47-1206 report feb06_14633423-10.jpg",
    "width": 1653,
    "height": 2339,
    "file_name": "a072067_e47-1206 report feb06_14633423-10.jpg",
    "metadata": {},
    "date_captured": "2023-09-15T02:02:17.377Z"
  },
  {
    "id": 8,
    "datatorch_id": "cdf4e2ba-277e-4022-8ae8-7f7088b5a913",
    "storage_id": "379fb094-cabd-4982-968e-525c78f3db91",
    "path": "a072067_e47-1206 report feb06_14633423-16.jpg",
    "width": 2339,
    "height": 1653,
    "file_name": "a072067_e47-1206 report feb06_14633423-16.jpg",
    "metadata": {},
    "date_captured": "2023-09-15T02:02:17.565Z"
  },
  {
    "id": 9,
    "datatorch_id": "9079205e-2967-426b-a0f2-4ade542ba0c4",
    "storage_id": "379fb094-cabd-4982-968e-525c78f3db91",
    "path": "a072067_e47-1206 report feb06_14633423-15.jpg",
    "width": 1653,
    "height": 2339,
    "file_name": "a072067_e47-1206 report feb06_14633423-15.jpg",
    "metadata": {},
    "date_captured": "2023-09-15T02:02:17.080Z"
  },
  {
    "id": 10,
    "datatorch_id": "edf4c3d9-81af-4b9b-a3d9-216c7af32560",
    "storage_id": "379fb094-cabd-4982-968e-525c78f3db91",
    "path": "a072067_e47-1206 report feb06_14633423-03.jpg",
    "width": 1653,
    "height": 2339,
    "file_name": "a072067_e47-1206 report feb06_14633423-03.jpg",
    "metadata": {},
    "date_captured": "2023-09-15T02:02:17.330Z"
  },
  {
    "id": 11,
    "datatorch_id": "e665a5ab-1b82-43c2-ac66-bbf7a820b7a5",
    "storage_id": "379fb094-cabd-4982-968e-525c78f3db91",
    "path": "a072067_e47-1206 report feb06_14633423-01.jpg",
    "width": 1653,
    "height": 2339,
    "file_name": "a072067_e47-1206 report feb06_14633423-01.jpg",
    "metadata": {},
    "date_captured": "2023-09-15T02:02:17.299Z"
  },
  {
    "id": 12,
    "datatorch_id": "2ef0258f-a344-4751-ba5e-ea649782fbc5",
    "storage_id": "379fb094-cabd-4982-968e-525c78f3db91",
    "path": "a072067_e47-1206 report feb06_14633423-02.jpg",
    "width": 1653,
    "height": 2339,
    "file_name": "a072067_e47-1206 report feb06_14633423-02.jpg",
    "metadata": {},
    "date_captured": "2023-09-15T02:02:17.409Z"
  },
  {
    "id": 13,
    "datatorch_id": "8f785c57-2c96-452d-a23a-3dae1e5bd4db",
    "storage_id": "379fb094-cabd-4982-968e-525c78f3db91",
    "path": "a072067_e47-1206 report feb06_14633423-09.jpg",
    "width": 2339,
    "height": 1653,
    "file_name": "a072067_e47-1206 report feb06_14633423-09.jpg",
    "metadata": {},
    "date_captured": "2023-09-15T02:02:17.440Z"
  },
  {
    "id": 14,
    "datatorch_id": "cff5152d-4aa5-4632-bdac-3d255b8d4d36",
    "storage_id": "379fb094-cabd-4982-968e-525c78f3db91",
    "path": "a072067_e47-1206 report feb06_14633423-13.jpg",
    "width": 2339,
    "height": 1653,
    "file_name": "a072067_e47-1206 report feb06_14633423-13.jpg",
    "metadata": {},
    "date_captured": "2023-09-15T02:02:17.627Z"
  },
  {
    "id": 15,
    "datatorch_id": "9288572a-7524-4f10-8041-5a5cdb5cf14f",
    "storage_id": "379fb094-cabd-4982-968e-525c78f3db91",
    "path": "a072067_e47-1206 report feb06_14633423-14.jpg",
    "width": 1653,
    "height": 2339,
    "file_name": "a072067_e47-1206 report feb06_14633423-14.jpg",
    "metadata": {},
    "date_captured": "2023-09-15T02:02:17.737Z"
  },
  {
    "id": 16,
    "datatorch_id": "c43336dc-a6f2-49d9-b1b6-2d5e7019ae54",
    "storage_id": "379fb094-cabd-4982-968e-525c78f3db91",
    "path": "a072067_e47-1206 report feb06_14633423-05.jpg",
    "width": 2339,
    "height": 1653,
    "file_name": "a072067_e47-1206 report feb06_14633423-05.jpg",
    "metadata": {},
    "date_captured": "2023-09-15T02:02:17.893Z"
  }
],"annotations": [
{"id":1,"datatorch_id":"0d3dc47e-fe0c-4262-99f5-4f3581b209c6","image_id":11,"category_id":3,"segmentation":[[227.65442221078,227.307042783895,1260.89448236116,227.307042783895,1260.89448236116,1180.7748924079551,227.65442221078,1180.7748924079551]],"area":985161.18,"bbox":[227.65442221078,227.307042783895,1033.24006015038,953.46784962406],"iscrowd":0,"metadata":{}},
{"id":2,"datatorch_id":"0e45be5c-0358-4694-a75a-7f61baf2d9a8","image_id":14,"category_id":13,"segmentation":[[18.0662064357184,30.8957711767167,2259.8160831818186,30.8957711767167,2259.8160831818186,1565.2490201495966,18.0662064357184,1565.2490201495966]],"area":3439636.21,"bbox":[18.0662064357184,30.8957711767167,2241.7498767461,1534.35324897288],"iscrowd":0,"metadata":{}},
{"id":3,"datatorch_id":"0f29a632-a50a-4ea3-939d-b12d07075a5f","image_id":1,"category_id":12,"segmentation":[[568.463465268915,1553.50212779134,1694.3200700347352,1553.50212779134,1694.3200700347352,1626.5665682186202,568.463465268915,1626.5665682186202]],"area":82260.08,"bbox":[568.463465268915,1553.50212779134,1125.85660476582,73.0644404272803],"iscrowd":0,"metadata":{}},
{"id":4,"datatorch_id":"12381290-dc7e-4858-a89d-040440f75472","image_id":13,"category_id":12,"segmentation":[[180.662262310822,1193.26922064262,1736.0492138309519,1193.26922064262,1736.0492138309519,1292.902548498002,180.662262310822,1292.902548498002]],"area":154968.38,"bbox":[180.662262310822,1193.26922064262,1555.38695152013,99.633327855382],"iscrowd":0,"metadata":{}},
{"id":5,"datatorch_id":"1ac3117f-23cb-46b8-8b1f-e4f79378d21e","image_id":6,"category_id":10,"segmentation":[[312.684986120554,177.379065340285,1335.162128977694,177.379065340285,1335.162128977694,294.504930001939,312.684986120554,294.504930001939]],"area":119758.52,"bbox":[312.684986120554,177.379065340285,1022.47714285714,117.125864661654],"iscrowd":0,"metadata":{}},
{"id":6,"datatorch_id":"1feca841-cdfb-481f-8340-b1da2f6a7922","image_id":4,"category_id":25,"segmentation":[[212.072813188223,417.838817219985,1438.7288282258128,417.838817219985,1438.7288282258128,1147.677163084647,212.072813188223,1147.677163084647]],"area":895260.6,"bbox":[212.072813188223,417.838817219985,1226.65601503759,729.838345864662],"iscrowd":0,"metadata":{}},
{"id":7,"datatorch_id":"202a2b4a-44f4-47aa-a869-f784c0866fff","image_id":2,"category_id":12,"segmentation":[[207.939993639351,1916.29366684405,1315.887362060401,1916.29366684405,1315.887362060401,2017.5917119568321,207.939993639351,2017.5917119568321]],"area":112232.9,"bbox":[207.939993639351,1916.29366684405,1107.94736842105,101.298045112782],"iscrowd":0,"metadata":{}},
{"id":8,"datatorch_id":"227d6c3d-f11f-44dc-8f7c-a465e023b719","image_id":5,"category_id":11,"segmentation":[[246.158901910028,322.738242783895,1398.072435744618,322.738242783895,1398.072435744618,476.61982173126296,246.158901910028,476.61982173126296]],"area":177258.27,"bbox":[246.158901910028,322.738242783895,1151.91353383459,153.881578947368],"iscrowd":0,"metadata":{}},
{"id":9,"datatorch_id":"23f012ca-a72c-4240-9587-60a429d74ce2","image_id":5,"category_id":24,"segmentation":[[189.002886872434,546.965686392918,778.149503413788,546.965686392918,778.149503413788,635.4713360169782,189.002886872434,635.4713360169782]],"area":52142.8,"bbox":[189.002886872434,546.965686392918,589.146616541354,88.5056496240602],"iscrowd":0,"metadata":{}},
{"id":10,"datatorch_id":"27dc1411-f985-457d-bf3d-e48bb7e94291","image_id":14,"category_id":12,"segmentation":[[692.251724923804,1561.92790922109,1628.805006764396,1561.92790922109,1628.805006764396,1641.6345715053956,692.251724923804,1641.6345715053956]],"area":74649.54,"bbox":[692.251724923804,1561.92790922109,936.553281840592,79.7066622843056],"iscrowd":0,"metadata":{}},
{"id":11,"datatorch_id":"2a3fb461-955f-44bf-9f87-e9a291192938","image_id":12,"category_id":14,"segmentation":[[122.733565067922,1456.58344128014,1604.217474842362,1456.58344128014,1604.217474842362,1807.961035265103,122.733565067922,1807.961035265103]],"area":520560.25,"bbox":[122.733565067922,1456.58344128014,1481.48390977444,351.377593984963],"iscrowd":0,"metadata":{}},
{"id":12,"datatorch_id":"2cf0713f-5e23-4fa1-94c8-4cb6e0b6a543","image_id":4,"category_id":25,"segmentation":[[226.493715443862,260.527877370361,1378.758978601752,260.527877370361,1378.758978601752,417.838817219985,226.493715443862,417.838817219985]],"area":181263.93,"bbox":[226.493715443862,260.527877370361,1152.26526315789,157.310939849624],"iscrowd":0,"metadata":{}},
{"id":13,"datatorch_id":"30eb9357-51d3-4253-b951-3bbd7266b935","image_id":4,"category_id":24,"segmentation":[[212.072813188223,1647.04486985156,1176.162888376193,1647.04486985156,1176.162888376193,1754.6740427838909,212.072813188223,1754.6740427838909]],"area":103764.22,"bbox":[212.072813188223,1647.04486985156,964.09007518797,107.629172932331],"iscrowd":0,"metadata":{}},
{"id":14,"datatorch_id":"31535a82-ad4d-4a06-a360-af7084a1e57e","image_id":5,"category_id":10,"segmentation":[[465.989728977697,230.409295415474,1151.861909428824,230.409295415474,1151.861909428824,322.738242783895,465.989728977697,322.738242783895]],"area":63325.86,"bbox":[465.989728977697,230.409295415474,685.872180451127,92.328947368421],"iscrowd":0,"metadata":{}},
{"id":15,"datatorch_id":"3ecab2dc-3969-4cd6-9b8f-260115b67f4e","image_id":6,"category_id":11,"segmentation":[[183.952053789727,294.50493000194,1497.661076346117,294.50493000194,1497.661076346117,1660.97335105457,183.952053789727,1660.97335105457]],"area":1795141.89,"bbox":[183.952053789727,294.50493000194,1313.70902255639,1366.46842105263],"iscrowd":0,"metadata":{}},
{"id":16,"datatorch_id":"428992a9-f47b-4f52-adfc-c744bb47cc1d","image_id":10,"category_id":15,"segmentation":[[97.2331891280728,174.354193159835,1569.2204071731828,174.354193159835,1569.2204071731828,991.0696818816391,97.2331891280728,991.0696818816391]],"area":1202194.76,"bbox":[97.2331891280728,174.354193159835,1471.98721804511,816.715488721804],"iscrowd":0,"metadata":{}},
{"id":17,"datatorch_id":"4f413ff5-034d-47eb-8dec-404b8fb86ddd","image_id":4,"category_id":25,"segmentation":[[212.072813188223,1253.19596007713,1493.686534992733,1253.19596007713,1493.686534992733,1659.882990152318,212.072813188223,1659.882990152318]],"area":521215.68,"bbox":[212.072813188223,1253.19596007713,1281.61372180451,406.687030075188],"iscrowd":0,"metadata":{}},
{"id":18,"datatorch_id":"5672021a-a15c-4dc4-9871-93664b951a47","image_id":4,"category_id":25,"segmentation":[[216.997023714539,1754.67404278389,1483.222587624309,1754.67404278389,1483.222587624309,1992.091336016973,216.997023714539,1992.091336016973]],"area":300623.85,"bbox":[216.997023714539,1754.67404278389,1266.22556390977,237.417293233083],"iscrowd":0,"metadata":{}},
{"id":19,"datatorch_id":"62eea0e4-fe89-4a71-9d59-0d97aad96a4d","image_id":12,"category_id":5,"segmentation":[[116.402437248374,1127.36479466359,1357.303489879954,1127.36479466359,1357.303489879954,1405.9344187237398,116.402437248374,1405.9344187237398]],"area":345677.34,"bbox":[116.402437248374,1127.36479466359,1240.90105263158,278.56962406015],"iscrowd":0,"metadata":{}},
{"id":20,"datatorch_id":"6572f193-2375-48e0-add4-c64ad57f7267","image_id":3,"category_id":25,"segmentation":[[222.185031233336,1547.85720067863,1385.529768075446,1547.85720067863,1385.529768075446,1703.49742624254,222.185031233336,1703.49742624254]],"area":181063.24,"bbox":[222.185031233336,1547.85720067863,1163.34473684211,155.64022556391],"iscrowd":0,"metadata":{}},
{"id":21,"datatorch_id":"68bde834-b15b-4c69-961d-807de807403a","image_id":9,"category_id":5,"segmentation":[[432.958828225817,394.536749550812,1287.6610838649149,394.536749550812,1287.6610838649149,866.205772107203,432.958828225817,866.205772107203]],"area":403136.58,"bbox":[432.958828225817,394.536749550812,854.702255639098,471.669022556391],"iscrowd":0,"metadata":{}},
{"id":22,"datatorch_id":"69172cc6-2f9f-4fbe-b575-cdc32e5e311f","image_id":3,"category_id":25,"segmentation":[[222.624692887471,627.205696919233,1447.0823996543909,627.205696919233,1447.0823996543909,1396.613591656075,222.624692887471,1396.613591656075]],"area":942107.43,"bbox":[222.624692887471,627.205696919233,1224.45770676692,769.407894736842],"iscrowd":0,"metadata":{}},
{"id":23,"datatorch_id":"768634fc-dc45-4bcb-85be-1ecf71960891","image_id":16,"category_id":13,"segmentation":[[31.0123888514948,27.2825254906031,2236.230045383955,27.2825254906031,2236.230045383955,1548.3513307494331,31.0123888514948,1548.3513307494331]],"area":3354287.79,"bbox":[31.0123888514948,27.2825254906031,2205.21765653246,1521.06880525883],"iscrowd":0,"metadata":{}},
{"id":24,"datatorch_id":"88200f2d-10ec-407a-9685-ddcd8ba55a19","image_id":15,"category_id":25,"segmentation":[[239.226316947622,266.841418723745,1471.158271834842,266.841418723745,1471.158271834842,586.035779626,239.226316947622,586.035779626]],"area":393225.73,"bbox":[239.226316947622,266.841418723745,1231.93195488722,319.194360902255],"iscrowd":0,"metadata":{}},
{"id":25,"datatorch_id":"8a533ada-04f0-41c3-bcfd-4b2995690cad","image_id":2,"category_id":25,"segmentation":[[258.589016195742,181.564644287655,1543.807963564162,181.564644287655,1543.807963564162,1105.90930594179,258.589016195742,1105.90930594179]],"area":1187985.27,"bbox":[258.589016195742,181.564644287655,1285.21894736842,924.344661654135],"iscrowd":0,"metadata":{}},
{"id":26,"datatorch_id":"8e4d137a-0623-465a-ac29-d7758df3bc24","image_id":2,"category_id":13,"segmentation":[[188.946610180705,1200.87622323502,1467.834429729575,1200.87622323502,1467.834429729575,1916.293666844042,188.946610180705,1916.293666844042]],"area":914938.65,"bbox":[188.946610180705,1200.87622323502,1278.88781954887,715.417443609022],"iscrowd":0,"metadata":{}},
{"id":27,"datatorch_id":"8f828aa9-2ae6-42d4-851e-544c43745f70","image_id":16,"category_id":12,"segmentation":[[655.381243411889,1548.35133074944,1585.292303395455,1548.35133074944,1585.292303395455,1644.6635476763095,655.381243411889,1644.6635476763095]],"area":89561.8,"bbox":[655.381243411889,1548.35133074944,929.911059983566,96.3122169268695],"iscrowd":0,"metadata":{}},
{"id":28,"datatorch_id":"97f215aa-2a3f-4b66-8edc-41e27303963e","image_id":11,"category_id":3,"segmentation":[[227.65442221078,1769.569779626,1268.49183574461,1769.569779626,1268.49183574461,2134.242742032015,227.65442221078,2134.242742032015]],"area":379565.26,"bbox":[227.65442221078,1769.569779626,1040.83741353383,364.672962406015],"iscrowd":0,"metadata":{}},
{"id":29,"datatorch_id":"a2909d08-9e34-4c3a-913f-8ee6871c420f","image_id":13,"category_id":13,"segmentation":[[100.40208153843,362.991488514433,2093.06863864607,362.991488514433,2093.06863864607,1193.269220642617,100.40208153843,1193.269220642617]],"area":1654466.67,"bbox":[100.40208153843,362.991488514433,1992.66655710764,830.277732128184],"iscrowd":0,"metadata":{}},
{"id":30,"datatorch_id":"b168c2f6-4f75-4671-b835-52ae6bda4938","image_id":7,"category_id":13,"segmentation":[[205.741685368674,1194.6330277463,1494.1261966468742,1194.6330277463,1494.1261966468742,2011.3485164681042,205.741685368674,2011.3485164681042]],"area":1052243.59,"bbox":[205.741685368674,1194.6330277463,1288.3845112782,816.715488721804],"iscrowd":0,"metadata":{}},
{"id":31,"datatorch_id":"b8236d22-4bf7-488e-b45e-caba33c151ec","image_id":1,"category_id":13,"segmentation":[[23.8012729928259,32.4333225325098,2355.221144808766,32.4333225325098,2355.221144808766,1553.5021277913397,23.8012729928259,1553.5021277913397]],"area":3546250.04,"bbox":[23.8012729928259,32.4333225325098,2331.41987181594,1521.06880525883],"iscrowd":0,"metadata":{}},
{"id":32,"datatorch_id":"b8f32033-5e35-4f4d-a21f-a2e69b9f06ce","image_id":12,"category_id":16,"segmentation":[[53.0911590528848,70.0664487989326,1639.0386778498748,70.0664487989326,1639.0386778498748,1127.3647946635926,53.0911590528848,1127.3647946635926]],"area":1676819.69,"bbox":[53.0911590528848,70.0664487989326,1585.94751879699,1057.29834586466],"iscrowd":0,"metadata":{}},
{"id":33,"datatorch_id":"bcdee7c7-9ad0-41f9-9462-f08ee3548f79","image_id":7,"category_id":13,"segmentation":[[218.403941007772,216.473779626,1437.146046270932,216.473779626,1437.146046270932,988.871373610962,218.403941007772,988.871373610962]],"area":941353.47,"bbox":[218.403941007772,216.473779626,1218.74210526316,772.397593984962],"iscrowd":0,"metadata":{}},
{"id":34,"datatorch_id":"c29dc276-9538-4565-b886-4eeca8228b8c","image_id":3,"category_id":24,"segmentation":[[212.248677849877,221.749719475624,813.70582070702,221.749719475624,813.70582070702,291.3921254906616,212.248677849877,291.3921254906616]],"area":41886.92,"bbox":[212.248677849877,221.749719475624,601.457142857143,69.6424060150376],"iscrowd":0,"metadata":{}},
{"id":35,"datatorch_id":"c5547daf-b220-48ff-a7c7-6f4a0185972a","image_id":3,"category_id":25,"segmentation":[[230.098941007772,1782.37272699442,1469.944805669422,1782.37272699442,1469.944805669422,1972.570358573367,230.098941007772,1972.570358573367]],"area":235815.75,"bbox":[230.098941007772,1782.37272699442,1239.84586466165,190.197631578947],"iscrowd":0,"metadata":{}},
{"id":36,"datatorch_id":"cfb8f3b1-362f-4319-9adf-e466a280714b","image_id":3,"category_id":25,"segmentation":[[214.2711214589,291.392125490662,1477.85871544386,291.392125490662,1477.85871544386,497.945170603444,214.2711214589,497.945170603444]],"area":260997.87,"bbox":[214.2711214589,291.392125490662,1263.58759398496,206.553045112782],"iscrowd":0,"metadata":{}},
{"id":37,"datatorch_id":"d3f865e0-e2c4-4f50-8484-59481a1156f7","image_id":15,"category_id":25,"segmentation":[[241.864286872434,681.741328498181,1491.628918451384,681.741328498181,1491.628918451384,1688.390651806451,241.864286872434,1688.390651806451]],"area":1258074.72,"bbox":[241.864286872434,681.741328498181,1249.76463157895,1006.64932330827],"iscrowd":0,"metadata":{}},
{"id":38,"datatorch_id":"d76ce393-dfb4-425a-b0ea-43476b365619","image_id":15,"category_id":24,"segmentation":[[239.226316947622,586.035779626,632.283835744614,586.035779626,632.283835744614,681.7413284981806,239.226316947622,681.7413284981806]],"area":37617.79,"bbox":[239.226316947622,586.035779626,393.057518796992,95.7055488721805],"iscrowd":0,"metadata":{}},
{"id":39,"datatorch_id":"da35f23b-52ad-4d3b-8c3b-d6897fe4063e","image_id":7,"category_id":12,"segmentation":[[218.403941007772,988.871373610962,1430.8149184513818,988.871373610962,1430.8149184513818,1134.487313460586,218.403941007772,1134.487313460586]],"area":176546.36,"bbox":[218.403941007772,988.871373610962,1212.41097744361,145.615939849624],"iscrowd":0,"metadata":{}},
{"id":40,"datatorch_id":"e25723b5-5a1c-4bc0-a938-c0661a272dbe","image_id":4,"category_id":24,"segmentation":[[226.493715443863,1147.67716308465,657.010407173186,1147.67716308465,657.010407173186,1253.1959600771308,226.493715443863,1253.1959600771308]],"area":45427.6,"bbox":[226.493715443863,1147.67716308465,430.516691729323,105.518796992481],"iscrowd":0,"metadata":{}},
{"id":41,"datatorch_id":"e66c3ed2-45e3-4412-9071-17a2abdf3a5a","image_id":6,"category_id":25,"segmentation":[[296.857166571682,1719.00868940044,1480.778068827322,1719.00868940044,1480.778068827322,2174.849892407959,296.857166571682,2174.849892407959]],"area":539679.93,"bbox":[296.857166571682,1719.00868940044,1183.92090225564,455.841203007519],"iscrowd":0,"metadata":{}},
{"id":42,"datatorch_id":"e6710504-ef8e-40bd-b2f1-3efbe0a3a1d7","image_id":3,"category_id":24,"segmentation":[[218.579805669426,1715.89588488916,500.314993639351,1715.89588488916,500.314993639351,1782.3727269944231,218.579805669426,1782.3727269944231]],"area":18728.87,"bbox":[218.579805669426,1715.89588488916,281.735187969925,66.4768421052631],"iscrowd":0,"metadata":{}},
{"id":43,"datatorch_id":"eaecfcc2-db91-42e5-a587-752980558200","image_id":8,"category_id":11,"segmentation":[[66.2684414398272,161.11099549882,2283.109986222077,161.11099549882,2283.109986222077,415.72950001813,66.2684414398272,415.72950001813]],"area":564448.88,"bbox":[66.2684414398272,161.11099549882,2216.84154478225,254.61850451931],"iscrowd":0,"metadata":{}},
{"id":44,"datatorch_id":"f5f97320-e9d7-4f14-9ffe-0a5edfea4ce7","image_id":5,"category_id":25,"segmentation":[[183.494805669426,635.471336016978,1468.713753037846,635.471336016978,1468.713753037846,2053.6439675959277,183.494805669426,2053.6439675959277]],"area":1822662.34,"bbox":[183.494805669426,635.471336016978,1285.21894736842,1418.17263157895],"iscrowd":0,"metadata":{}},
{"id":45,"datatorch_id":"f78e701a-d451-43f0-8f34-8b3dd85a2289","image_id":7,"category_id":12,"segmentation":[[205.741685368674,2011.34851646811,1440.311610180704,2011.34851646811,1440.311610180704,2185.454531505704,205.741685368674,2185.454531505704]],"area":214946.05,"bbox":[205.741685368674,2011.34851646811,1234.56992481203,174.106015037594],"iscrowd":0,"metadata":{}},
{"id":46,"datatorch_id":"f7ffdc63-6121-44e6-8880-415d18771581","image_id":3,"category_id":24,"segmentation":[[212.248677849877,1443.65738864856,1253.719204165667,1443.65738864856,1253.719204165667,1500.6375390244998,212.248677849877,1500.6375390244998]],"area":59343.15,"bbox":[212.248677849877,1443.65738864856,1041.47052631579,56.9801503759397],"iscrowd":0,"metadata":{}},
{"id":47,"datatorch_id":"f8e3b6bc-6267-49aa-b0e5-984d40857b50","image_id":3,"category_id":24,"segmentation":[[199.58642221078,512.981599174872,1085.944316947622,512.981599174872,1085.944316947622,588.9551330094585,199.58642221078,588.9551330094585]],"area":67339.74,"bbox":[199.58642221078,512.981599174872,886.357894736842,75.9735338345864],"iscrowd":0,"metadata":{}},
{"id":48,"datatorch_id":"fa165063-b3c3-48bf-828d-819872c6c15f","image_id":4,"category_id":24,"segmentation":[[694.997174090479,175.057651806451,976.732362060403,175.057651806451,976.732362060403,260.5278773703608,694.997174090479,260.5278773703608]],"area":24079.97,"bbox":[694.997174090479,175.057651806451,281.735187969924,85.4702255639098],"iscrowd":0,"metadata":{}},
{"id":49,"datatorch_id":"ffde2d6a-4bee-45c4-874a-a6c4220b6773","image_id":15,"category_id":24,"segmentation":[[215.484587624314,179.788411204948,1062.272933488975,179.788411204948,1062.272933488975,266.841418723745,215.484587624314,266.841418723745]],"area":73715.47,"bbox":[215.484587624314,179.788411204948,846.788345864661,87.053007518797],"iscrowd":0,"metadata":{}}
]}