{"info": {"year":2023,"version":"0.1.0","description":"","url":"","date_created":1695181625583},"categories": [
  {
    "id": 1,
    "datatorch_id": "efdc34be-7bc8-40e6-a7ac-743c961d5b0e",
    "name": "other",
    "supercategory": null
  },
  {
    "id": 2,
    "datatorch_id": "98245cc4-3f97-4a16-8793-42b1f206b1ae",
    "name": "form",
    "supercategory": null
  },
  {
    "id": 3,
    "datatorch_id": "bac47c6d-1482-4149-b2f4-48ae401b6fce",
    "name": "report_title",
    "supercategory": null
  },
  {
    "id": 4,
    "datatorch_id": "f67b4326-b7f3-4891-a799-9e158f3f29a3",
    "name": "references",
    "supercategory": null
  },
  {
    "id": 5,
    "datatorch_id": "28540ac5-369f-447d-8dc0-6c623bdeded1",
    "name": "appendix_list",
    "supercategory": null
  },
  {
    "id": 6,
    "datatorch_id": "432d43ae-9402-465b-8bfa-08b71e3f6e70",
    "name": "list",
    "supercategory": null
  },
  {
    "id": 7,
    "datatorch_id": "866cde06-4b95-4b78-9e9d-615eb63f3b30",
    "name": "form_body",
    "supercategory": null
  },
  {
    "id": 8,
    "datatorch_id": "5c08d4fb-994f-42f5-8a08-eff81cd89470",
    "name": "form_title",
    "supercategory": null
  },
  {
    "id": 9,
    "datatorch_id": "7b220ed9-4839-4860-913e-e54f2b08ed1e",
    "name": "cross",
    "supercategory": null
  },
  {
    "id": 10,
    "datatorch_id": "bedfd226-54a1-411d-88c2-e513cc41e676",
    "name": "table_caption",
    "supercategory": null
  },
  {
    "id": 11,
    "datatorch_id": "3a69775c-e544-484e-9882-ad16eb2d72de",
    "name": "table",
    "supercategory": null
  },
  {
    "id": 12,
    "datatorch_id": "c5dfcaed-726f-42cd-8d24-72c5d6ed4f33",
    "name": "figure_caption",
    "supercategory": null
  },
  {
    "id": 13,
    "datatorch_id": "3f471323-e8c5-4b39-989f-cf5be1aec0f9",
    "name": "figure",
    "supercategory": null
  },
  {
    "id": 14,
    "datatorch_id": "99fb551f-c3d7-44ee-bfe4-335664818c3a",
    "name": "list_of_tables",
    "supercategory": null
  },
  {
    "id": 15,
    "datatorch_id": "d21d3657-a407-44b4-95f4-2f3d6302b266",
    "name": "list_of_figures",
    "supercategory": null
  },
  {
    "id": 16,
    "datatorch_id": "ee631f60-9883-4932-8f12-c50dd827cff1",
    "name": "table_of_contents",
    "supercategory": null
  },
  {
    "id": 17,
    "datatorch_id": "01396395-4edf-4a64-aee8-3045d83f9f59",
    "name": "subsubsubsubsection",
    "supercategory": null
  },
  {
    "id": 18,
    "datatorch_id": "60279c59-c020-4f1b-8221-132da3381de0",
    "name": "subsubsubsection",
    "supercategory": null
  },
  {
    "id": 19,
    "datatorch_id": "10a9f994-272f-449d-a0df-80b9119bc1d1",
    "name": "subsubsection",
    "supercategory": null
  },
  {
    "id": 20,
    "datatorch_id": "91510100-a731-4362-93ef-527524a170ce",
    "name": "subsubsection",
    "supercategory": null
  },
  {
    "id": 21,
    "datatorch_id": "b70e14c2-0849-4366-92ab-9a9a19a43234",
    "name": "subsection",
    "supercategory": null
  },
  {
    "id": 22,
    "datatorch_id": "553058cd-78a1-4549-bf72-7e47c9a279a7",
    "name": "summary",
    "supercategory": null
  },
  {
    "id": 23,
    "datatorch_id": "7ee54f92-1d68-40d6-9662-ee8721ea0609",
    "name": "abstract",
    "supercategory": null
  },
  {
    "id": 24,
    "datatorch_id": "e5aba03c-0aa5-4e2d-8318-1070c9c8cbbb",
    "name": "section",
    "supercategory": null
  },
  {
    "id": 25,
    "datatorch_id": "39ef7a9d-1162-4ae4-8624-f78005de7a54",
    "name": "paragraph",
    "supercategory": null
  },
  {
    "id": 26,
    "datatorch_id": "303bd345-80a9-4705-bb6e-cbb51b49d623",
    "name": "title",
    "supercategory": null
  }
],"images": [
  {
    "id": 1,
    "datatorch_id": "7ba521b3-0768-4804-b66f-23b8b5db8adb",
    "storage_id": "379fb094-cabd-4982-968e-525c78f3db91",
    "path": "a072246_a72246_16033492-06.jpg",
    "width": 1650,
    "height": 2320,
    "file_name": "a072246_a72246_16033492-06.jpg",
    "metadata": {},
    "date_captured": "2023-09-17T09:16:51.093Z"
  },
  {
    "id": 2,
    "datatorch_id": "ba4ef8b6-fd55-4ae5-bcd6-34340aa55fdc",
    "storage_id": "379fb094-cabd-4982-968e-525c78f3db91",
    "path": "a072246_a72246_16033492-07.jpg",
    "width": 1650,
    "height": 2317,
    "file_name": "a072246_a72246_16033492-07.jpg",
    "metadata": {},
    "date_captured": "2023-09-17T09:16:51.030Z"
  },
  {
    "id": 3,
    "datatorch_id": "a91cecba-35a2-49ee-b3f1-57f4d651027e",
    "storage_id": "379fb094-cabd-4982-968e-525c78f3db91",
    "path": "a072246_a72246_16033492-05.jpg",
    "width": 1650,
    "height": 2320,
    "file_name": "a072246_a72246_16033492-05.jpg",
    "metadata": {},
    "date_captured": "2023-09-17T09:16:51.093Z"
  },
  {
    "id": 4,
    "datatorch_id": "38a74f89-8c71-49a5-b9f0-ac1707ebd134",
    "storage_id": "379fb094-cabd-4982-968e-525c78f3db91",
    "path": "a072246_a72246_16033492-09.jpg",
    "width": 1650,
    "height": 2317,
    "file_name": "a072246_a72246_16033492-09.jpg",
    "metadata": {},
    "date_captured": "2023-09-17T09:16:50.218Z"
  },
  {
    "id": 5,
    "datatorch_id": "e0375b49-72b2-4dd6-9a71-e3862b8bac86",
    "storage_id": "379fb094-cabd-4982-968e-525c78f3db91",
    "path": "a072246_a72246_16033492-01.jpg",
    "width": 1648,
    "height": 2320,
    "file_name": "a072246_a72246_16033492-01.jpg",
    "metadata": {},
    "date_captured": "2023-09-17T09:16:50.484Z"
  },
  {
    "id": 6,
    "datatorch_id": "e48be8f9-ede7-4267-8167-452f0b0c4236",
    "storage_id": "379fb094-cabd-4982-968e-525c78f3db91",
    "path": "a072246_a72246_16033492-11.jpg",
    "width": 1645,
    "height": 2323,
    "file_name": "a072246_a72246_16033492-11.jpg",
    "metadata": {},
    "date_captured": "2023-09-17T09:16:51.030Z"
  },
  {
    "id": 7,
    "datatorch_id": "1b435208-79c5-469f-b8d5-e0e214135ada",
    "storage_id": "379fb094-cabd-4982-968e-525c78f3db91",
    "path": "a072246_a72246_16033492-02.jpg",
    "width": 1650,
    "height": 2323,
    "file_name": "a072246_a72246_16033492-02.jpg",
    "metadata": {},
    "date_captured": "2023-09-17T09:16:50.233Z"
  },
  {
    "id": 8,
    "datatorch_id": "7eeb1c35-4047-4a12-b9ee-89b33fec9675",
    "storage_id": "379fb094-cabd-4982-968e-525c78f3db91",
    "path": "a072246_a72246_16033492-03.jpg",
    "width": 1650,
    "height": 2320,
    "file_name": "a072246_a72246_16033492-03.jpg",
    "metadata": {},
    "date_captured": "2023-09-17T09:16:50.468Z"
  },
  {
    "id": 9,
    "datatorch_id": "4aec3252-ddd9-4225-bd52-f8679ba86b3a",
    "storage_id": "379fb094-cabd-4982-968e-525c78f3db91",
    "path": "a072246_a72246_16033492-08.jpg",
    "width": 1650,
    "height": 2320,
    "file_name": "a072246_a72246_16033492-08.jpg",
    "metadata": {},
    "date_captured": "2023-09-17T09:16:50.515Z"
  },
  {
    "id": 10,
    "datatorch_id": "c95116d9-544d-4319-b245-3ce25a266f54",
    "storage_id": "379fb094-cabd-4982-968e-525c78f3db91",
    "path": "a072246_a72246_16033492-04.jpg",
    "width": 1650,
    "height": 2314,
    "file_name": "a072246_a72246_16033492-04.jpg",
    "metadata": {},
    "date_captured": "2023-09-17T09:16:50.890Z"
  },
  {
    "id": 11,
    "datatorch_id": "680219eb-feee-4651-a3c2-9cf0a7973788",
    "storage_id": "379fb094-cabd-4982-968e-525c78f3db91",
    "path": "a072246_a72246_16033492-10.jpg",
    "width": 1645,
    "height": 2317,
    "file_name": "a072246_a72246_16033492-10.jpg",
    "metadata": {},
    "date_captured": "2023-09-17T09:16:50.999Z"
  }
],"annotations": [
{"id":1,"datatorch_id":"16248133-228c-4a5a-9e61-2992adc065e6","image_id":1,"category_id":24,"segmentation":[[224.931102866266,909.31984634973,526.356666776041,909.31984634973,526.356666776041,969.325861387324,224.931102866266,969.325861387324]],"area":18087.35,"bbox":[224.931102866266,909.31984634973,301.425563909775,60.006015037594],"iscrowd":0,"metadata":{}},
{"id":2,"datatorch_id":"17517a12-d199-47f4-b570-f53ade98d404","image_id":11,"category_id":13,"segmentation":[[12.9872119210896,9.63230698398824,1638.5804750789796,9.63230698398824,1638.5804750789796,2312.556096457668,12.9872119210896,2312.556096457668]],"area":3743617.4,"bbox":[12.9872119210896,9.63230698398824,1625.59326315789,2302.92378947368],"iscrowd":0,"metadata":{}},
{"id":3,"datatorch_id":"19243d32-634b-4e02-9359-799777ea9934","image_id":1,"category_id":25,"segmentation":[[224.931102866266,246.183605748227,1483.382832189576,246.183605748227,1483.382832189576,845.266914018904,224.931102866266,845.266914018904]],"area":753917.43,"bbox":[224.931102866266,246.183605748227,1258.45172932331,599.083308270677],"iscrowd":0,"metadata":{}},
{"id":4,"datatorch_id":"2335ba90-f134-4545-8863-17ae7cf531fc","image_id":1,"category_id":25,"segmentation":[[1521.9157645204,1895.58150048507,1524.5323058737833,1895.58150048507,1524.5323058737833,1945.2957861993557,1521.9157645204,1945.2957861993557]],"area":130.08,"bbox":[1521.9157645204,1895.58150048507,2.61654135338335,49.7142857142858],"iscrowd":0,"metadata":{}},
{"id":5,"datatorch_id":"234c3675-978e-4cc3-8740-04a80bf12c97","image_id":10,"category_id":24,"segmentation":[[214.530238269146,965.68808190396,621.655050299221,965.68808190396,621.655050299221,1053.3765029565916,214.530238269146,1053.3765029565916]],"area":35700.13,"bbox":[214.530238269146,965.68808190396,407.124812030075,87.6884210526315],"iscrowd":0,"metadata":{}},
{"id":6,"datatorch_id":"2dc111bf-aee5-4afc-bc82-712743ec68c5","image_id":2,"category_id":25,"segmentation":[[236.342606657932,1472.81838768574,1484.125501394772,1472.81838768574,1484.125501394772,1708.002598212056,236.342606657932,1708.002598212056]],"area":293458.84,"bbox":[236.342606657932,1472.81838768574,1247.78289473684,235.184210526316],"iscrowd":0,"metadata":{}},
{"id":7,"datatorch_id":"3083a07c-14a4-4c13-879d-e2bf79762bf2","image_id":10,"category_id":24,"segmentation":[[220.793696915763,257.917254836291,402.433997667643,257.917254836291,402.433997667643,323.68357062576473,220.793696915763,323.68357062576473]],"area":11945.81,"bbox":[220.793696915763,257.917254836291,181.64030075188,65.7663157894737],"iscrowd":0,"metadata":{}},
{"id":8,"datatorch_id":"382b4ba7-e8f2-4df6-9462-fa48018bab73","image_id":8,"category_id":16,"segmentation":[[208.586441212131,292.862703492588,1225.897719407621,292.862703492588,1225.897719407621,810.937891462513,208.586441212131,810.937891462513]],"area":527043.73,"bbox":[208.586441212131,292.862703492588,1017.31127819549,518.075187969925],"iscrowd":0,"metadata":{}},
{"id":9,"datatorch_id":"3dbbcfd1-3074-4555-8f5e-7d0c018efe4a","image_id":10,"category_id":25,"segmentation":[[211.398508945838,658.778608219749,1469.309787141328,658.778608219749,1469.309787141328,943.244021753584,211.398508945838,943.244021753584]],"area":357832.25,"bbox":[211.398508945838,658.778608219749,1257.91127819549,284.465413533835],"iscrowd":0,"metadata":{}},
{"id":10,"datatorch_id":"42ab0d6d-41e0-4fd1-af6c-b8438d3e96b2","image_id":2,"category_id":24,"segmentation":[[227.065896131616,1394.53979119451,559.459580342142,1394.53979119451,559.459580342142,1444.7124227734573,227.065896131616,1444.7124227734573]],"area":16677.07,"bbox":[227.065896131616,1394.53979119451,332.393684210526,50.1726315789474],"iscrowd":0,"metadata":{}},
{"id":11,"datatorch_id":"445de12f-eafa-4d7b-b3bf-08bf5e647297","image_id":1,"category_id":25,"segmentation":[[221.494711888822,1338.25819221439,1524.532305873782,1338.25819221439,1524.532305873782,1895.581500485066,221.494711888822,1895.581500485066]],"area":726213.22,"bbox":[221.494711888822,1338.25819221439,1303.03759398496,557.323308270676],"iscrowd":0,"metadata":{}},
{"id":12,"datatorch_id":"51753d46-3d4b-41d4-b97a-86e879774e66","image_id":2,"category_id":24,"segmentation":[[217.658527710563,848.912422773462,769.557475078984,848.912422773462,769.557475078984,921.0355806681988,217.658527710563,921.0355806681988]],"area":39804.69,"bbox":[217.658527710563,848.912422773462,551.898947368421,72.1231578947368],"iscrowd":0,"metadata":{}},
{"id":13,"datatorch_id":"56a368fc-b0c1-4e0d-9aa4-fc4a79475812","image_id":1,"category_id":25,"segmentation":[[239.810501362507,969.325861387324,1472.201478806117,969.325861387324,1472.201478806117,1223.130372665519,239.810501362507,1223.130372665519]],"area":312786.39,"bbox":[239.810501362507,969.325861387324,1232.39097744361,253.804511278195],"iscrowd":0,"metadata":{}},
{"id":14,"datatorch_id":"65bcdcb0-806d-451d-a2e6-8a1471769212","image_id":2,"category_id":25,"segmentation":[[236.342606657932,921.035580668199,1486.303132973722,921.035580668199,1486.303132973722,1359.58154558048,236.342606657932,1359.58154558048]],"area":548165.15,"bbox":[236.342606657932,921.035580668199,1249.96052631579,438.545964912281],"iscrowd":0,"metadata":{}},
{"id":15,"datatorch_id":"6d630314-37ef-4063-be66-cdae0d855c76","image_id":9,"category_id":25,"segmentation":[[175.96689233995,231.025109507625,1457.02553895649,231.025109507625,1457.02553895649,846.4356358234139,175.96689233995,846.4356358234139]],"area":788376.98,"bbox":[175.96689233995,231.025109507625,1281.05864661654,615.410526315789],"iscrowd":0,"metadata":{}},
{"id":16,"datatorch_id":"72ec0512-f9d1-4f63-be17-988a4387b1ad","image_id":10,"category_id":25,"segmentation":[[221.657242279172,323.683570625764,1477.480700925792,323.683570625764,1477.480700925792,555.586967116992,221.657242279172,555.586967116992]],"area":291229.73,"bbox":[221.657242279172,323.683570625764,1255.82345864662,231.903396491228],"iscrowd":0,"metadata":{}},
{"id":17,"datatorch_id":"74050cef-8663-4f26-ac6d-d630ada370a5","image_id":2,"category_id":24,"segmentation":[[223.930106657932,1752.01979119451,816.594317184248,1752.01979119451,816.594317184248,1795.9208438260887,223.930106657932,1795.9208438260887]],"area":26018.58,"bbox":[223.930106657932,1752.01979119451,592.664210526316,43.9010526315788],"iscrowd":0,"metadata":{}},
{"id":18,"datatorch_id":"8dc634ce-9db0-42b3-9699-ff6db9a69e2d","image_id":6,"category_id":13,"segmentation":[[14.8802058415176,9.24504887336779,1640.2815592249776,9.24504887336779,1640.2815592249776,2068.505951129008,14.8802058415176,2068.505951129008]],"area":3347125.46,"bbox":[14.8802058415176,9.24504887336779,1625.40135338346,2059.26090225564],"iscrowd":0,"metadata":{}},
{"id":19,"datatorch_id":"976a52e4-1406-453e-b529-643121a70ef5","image_id":10,"category_id":24,"segmentation":[[211.398508945838,602.4074804002,584.0742984195219,602.4074804002,584.0742984195219,658.7786082197489,211.398508945838,658.7786082197489]],"area":21008.15,"bbox":[211.398508945838,602.4074804002,372.675789473684,56.3711278195489],"iscrowd":0,"metadata":{}},
{"id":20,"datatorch_id":"a83094f5-f760-4d8c-9b1c-a9acf507bfc2","image_id":2,"category_id":25,"segmentation":[[230.377638236879,1795.92084382609,967.915322447405,1795.92084382609,967.915322447405,2057.308640317318,230.377638236879,2057.308640317318]],"area":192783.35,"bbox":[230.377638236879,1795.92084382609,737.537684210526,261.387796491228],"iscrowd":0,"metadata":{}},
{"id":21,"datatorch_id":"ae184f33-585b-41ea-af75-3fe55b984d43","image_id":10,"category_id":25,"segmentation":[[214.530238269146,1049.80981122727,1408.4150502992259,1049.80981122727,1408.4150502992259,1732.700788670879,214.530238269146,1732.700788670879]],"area":815293.17,"bbox":[214.530238269146,1049.80981122727,1193.88481203008,682.890977443609],"iscrowd":0,"metadata":{}},
{"id":22,"datatorch_id":"b45526fb-07c9-4a91-9cd8-3d35f1ccfc81","image_id":4,"category_id":5,"segmentation":[[662.208948763195,985.023106983988,1087.422001394774,985.023106983988,1087.422001394774,1165.644580668198,662.208948763195,1165.644580668198]],"area":76802.61,"bbox":[662.208948763195,985.023106983988,425.213052631579,180.62147368421],"iscrowd":0,"metadata":{}},
{"id":23,"datatorch_id":"cf105b09-7aa4-4c24-a202-0670556cc155","image_id":3,"category_id":24,"segmentation":[[190.200877302356,255.864808755746,698.8565164001,255.864808755746,698.8565164001,327.4533801843174,190.200877302356,327.4533801843174]],"area":36413.93,"bbox":[190.200877302356,255.864808755746,508.655639097744,71.5885714285714],"iscrowd":0,"metadata":{}},
{"id":24,"datatorch_id":"dd6981a1-3df8-4098-b586-7000a0c3339a","image_id":2,"category_id":24,"segmentation":[[214.522738236879,268.791370141883,898.1248435000371,268.791370141883,898.1248435000371,325.23558066819885,214.522738236879,325.23558066819885]],"area":38585.38,"bbox":[214.522738236879,268.791370141883,683.602105263158,56.4442105263158],"iscrowd":0,"metadata":{}},
{"id":25,"datatorch_id":"ddfa9f9c-c9af-4836-8531-a34a235d6e8b","image_id":7,"category_id":3,"segmentation":[[278.701986292646,421.792382707954,1517.402437420466,421.792382707954,1517.402437420466,2003.1789992493038,278.701986292646,2003.1789992493038]],"area":1958864.32,"bbox":[278.701986292646,421.792382707954,1238.70045112782,1581.38661654135],"iscrowd":0,"metadata":{}},
{"id":26,"datatorch_id":"e0820750-54be-4cad-b391-7f7a65338b92","image_id":5,"category_id":3,"segmentation":[[272.563884821153,359.758944094091,1515.9443359489728,359.758944094091,1515.9443359489728,2234.249169658001,272.563884821153,2234.249169658001]],"area":2330704.5,"bbox":[272.563884821153,359.758944094091,1243.38045112782,1874.49022556391],"iscrowd":0,"metadata":{}},
{"id":27,"datatorch_id":"e9542124-8c4c-459a-b0d3-b4c1c652ba64","image_id":2,"category_id":25,"segmentation":[[227.632080342142,325.235580668199,1468.882080342142,325.235580668199,1468.882080342142,815.173650843638,227.632080342142,815.173650843638]],"area":608135.63,"bbox":[227.632080342142,325.235580668199,1241.25,489.938070175439],"iscrowd":0,"metadata":{}},
{"id":28,"datatorch_id":"eaed76f8-685f-4c6a-a636-3041c5b1c1f1","image_id":3,"category_id":25,"segmentation":[[218.250200610627,327.453380184317,1482.039674294837,327.453380184317,1482.039674294837,1948.767064394847,218.250200610627,1948.767064394847]],"area":2048999.17,"bbox":[218.250200610627,327.453380184317,1263.78947368421,1621.31368421053],"iscrowd":0,"metadata":{}},
{"id":29,"datatorch_id":"ff4befe9-bc07-449f-afeb-3d3b48cf7df9","image_id":1,"category_id":24,"segmentation":[[206.092005121905,1278.5661621392,865.460426174536,1278.5661621392,865.460426174536,1338.2581922143881,206.092005121905,1338.2581922143881]],"area":39359.04,"bbox":[206.092005121905,1278.5661621392,659.368421052631,59.6920300751881],"iscrowd":0,"metadata":{}},
{"id":30,"datatorch_id":"ff513d56-d39a-4621-a8d0-c4f5cc0cc5f7","image_id":8,"category_id":5,"segmentation":[[148.929298354988,949.091274921159,742.360877302356,949.091274921159,742.360877302356,1203.419094470031,148.929298354988,1203.419094470031]],"area":150926.16,"bbox":[148.929298354988,949.091274921159,593.431578947368,254.327819548872],"iscrowd":0,"metadata":{}}
]}