{"info": {"year":2023,"version":"0.1.0","description":"","url":"","date_created":1695182116934},"categories": [
  {
    "id": 1,
    "datatorch_id": "efdc34be-7bc8-40e6-a7ac-743c961d5b0e",
    "name": "other",
    "supercategory": null
  },
  {
    "id": 2,
    "datatorch_id": "98245cc4-3f97-4a16-8793-42b1f206b1ae",
    "name": "form",
    "supercategory": null
  },
  {
    "id": 3,
    "datatorch_id": "bac47c6d-1482-4149-b2f4-48ae401b6fce",
    "name": "report_title",
    "supercategory": null
  },
  {
    "id": 4,
    "datatorch_id": "f67b4326-b7f3-4891-a799-9e158f3f29a3",
    "name": "references",
    "supercategory": null
  },
  {
    "id": 5,
    "datatorch_id": "28540ac5-369f-447d-8dc0-6c623bdeded1",
    "name": "appendix_list",
    "supercategory": null
  },
  {
    "id": 6,
    "datatorch_id": "432d43ae-9402-465b-8bfa-08b71e3f6e70",
    "name": "list",
    "supercategory": null
  },
  {
    "id": 7,
    "datatorch_id": "866cde06-4b95-4b78-9e9d-615eb63f3b30",
    "name": "form_body",
    "supercategory": null
  },
  {
    "id": 8,
    "datatorch_id": "5c08d4fb-994f-42f5-8a08-eff81cd89470",
    "name": "form_title",
    "supercategory": null
  },
  {
    "id": 9,
    "datatorch_id": "7b220ed9-4839-4860-913e-e54f2b08ed1e",
    "name": "cross",
    "supercategory": null
  },
  {
    "id": 10,
    "datatorch_id": "bedfd226-54a1-411d-88c2-e513cc41e676",
    "name": "table_caption",
    "supercategory": null
  },
  {
    "id": 11,
    "datatorch_id": "3a69775c-e544-484e-9882-ad16eb2d72de",
    "name": "table",
    "supercategory": null
  },
  {
    "id": 12,
    "datatorch_id": "c5dfcaed-726f-42cd-8d24-72c5d6ed4f33",
    "name": "figure_caption",
    "supercategory": null
  },
  {
    "id": 13,
    "datatorch_id": "3f471323-e8c5-4b39-989f-cf5be1aec0f9",
    "name": "figure",
    "supercategory": null
  },
  {
    "id": 14,
    "datatorch_id": "99fb551f-c3d7-44ee-bfe4-335664818c3a",
    "name": "list_of_tables",
    "supercategory": null
  },
  {
    "id": 15,
    "datatorch_id": "d21d3657-a407-44b4-95f4-2f3d6302b266",
    "name": "list_of_figures",
    "supercategory": null
  },
  {
    "id": 16,
    "datatorch_id": "ee631f60-9883-4932-8f12-c50dd827cff1",
    "name": "table_of_contents",
    "supercategory": null
  },
  {
    "id": 17,
    "datatorch_id": "01396395-4edf-4a64-aee8-3045d83f9f59",
    "name": "subsubsubsubsection",
    "supercategory": null
  },
  {
    "id": 18,
    "datatorch_id": "60279c59-c020-4f1b-8221-132da3381de0",
    "name": "subsubsubsection",
    "supercategory": null
  },
  {
    "id": 19,
    "datatorch_id": "10a9f994-272f-449d-a0df-80b9119bc1d1",
    "name": "subsubsection",
    "supercategory": null
  },
  {
    "id": 20,
    "datatorch_id": "91510100-a731-4362-93ef-527524a170ce",
    "name": "subsubsection",
    "supercategory": null
  },
  {
    "id": 21,
    "datatorch_id": "b70e14c2-0849-4366-92ab-9a9a19a43234",
    "name": "subsection",
    "supercategory": null
  },
  {
    "id": 22,
    "datatorch_id": "553058cd-78a1-4549-bf72-7e47c9a279a7",
    "name": "summary",
    "supercategory": null
  },
  {
    "id": 23,
    "datatorch_id": "7ee54f92-1d68-40d6-9662-ee8721ea0609",
    "name": "abstract",
    "supercategory": null
  },
  {
    "id": 24,
    "datatorch_id": "e5aba03c-0aa5-4e2d-8318-1070c9c8cbbb",
    "name": "section",
    "supercategory": null
  },
  {
    "id": 25,
    "datatorch_id": "39ef7a9d-1162-4ae4-8624-f78005de7a54",
    "name": "paragraph",
    "supercategory": null
  },
  {
    "id": 26,
    "datatorch_id": "303bd345-80a9-4705-bb6e-cbb51b49d623",
    "name": "title",
    "supercategory": null
  }
],"images": [
  {
    "id": 1,
    "datatorch_id": "dbce44ad-531d-4404-b988-7b580bb48291",
    "storage_id": "379fb094-cabd-4982-968e-525c78f3db91",
    "path": "a072276_a72276_16014266-01.jpg",
    "width": 1648,
    "height": 2317,
    "file_name": "a072276_a72276_16014266-01.jpg",
    "metadata": {},
    "date_captured": "2023-09-17T15:09:56.093Z"
  },
  {
    "id": 2,
    "datatorch_id": "73f9b621-24a8-4202-b4d7-8bb7f4cb3470",
    "storage_id": "379fb094-cabd-4982-968e-525c78f3db91",
    "path": "a072276_a72276_16014266-06.jpg",
    "width": 1648,
    "height": 2320,
    "file_name": "a072276_a72276_16014266-06.jpg",
    "metadata": {},
    "date_captured": "2023-09-17T15:09:56.374Z"
  },
  {
    "id": 3,
    "datatorch_id": "22bf4b7d-f6a4-4876-9835-966e33c59ed6",
    "storage_id": "379fb094-cabd-4982-968e-525c78f3db91",
    "path": "a072276_a72276_16014266-12.jpg",
    "width": 1648,
    "height": 2317,
    "file_name": "a072276_a72276_16014266-12.jpg",
    "metadata": {},
    "date_captured": "2023-09-17T15:09:56.093Z"
  },
  {
    "id": 4,
    "datatorch_id": "4455f66f-ada1-4e48-886e-740e3abcddf5",
    "storage_id": "379fb094-cabd-4982-968e-525c78f3db91",
    "path": "a072276_a72276_16014266-07.jpg",
    "width": 1648,
    "height": 2323,
    "file_name": "a072276_a72276_16014266-07.jpg",
    "metadata": {},
    "date_captured": "2023-09-17T15:09:56.358Z"
  },
  {
    "id": 5,
    "datatorch_id": "6196e075-19e8-4aa8-a9f7-6861a44ba838",
    "storage_id": "379fb094-cabd-4982-968e-525c78f3db91",
    "path": "a072276_a72276_16014266-11.jpg",
    "width": 1645,
    "height": 2323,
    "file_name": "a072276_a72276_16014266-11.jpg",
    "metadata": {},
    "date_captured": "2023-09-17T15:09:56.421Z"
  },
  {
    "id": 6,
    "datatorch_id": "ef73c317-4e38-4656-a157-e4226e72ee7e",
    "storage_id": "379fb094-cabd-4982-968e-525c78f3db91",
    "path": "a072276_a72276_16014266-03.jpg",
    "width": 1648,
    "height": 2320,
    "file_name": "a072276_a72276_16014266-03.jpg",
    "metadata": {},
    "date_captured": "2023-09-17T15:09:56.093Z"
  },
  {
    "id": 7,
    "datatorch_id": "28969d36-2b6b-4119-a22a-f25e6f0c8c34",
    "storage_id": "379fb094-cabd-4982-968e-525c78f3db91",
    "path": "a072276_a72276_16014266-09.jpg",
    "width": 1648,
    "height": 2323,
    "file_name": "a072276_a72276_16014266-09.jpg",
    "metadata": {},
    "date_captured": "2023-09-17T15:09:56.358Z"
  },
  {
    "id": 8,
    "datatorch_id": "2e0fdf6c-fdf7-4555-85da-78577630ff22",
    "storage_id": "379fb094-cabd-4982-968e-525c78f3db91",
    "path": "a072276_a72276_16014266-10.jpg",
    "width": 1634,
    "height": 2323,
    "file_name": "a072276_a72276_16014266-10.jpg",
    "metadata": {},
    "date_captured": "2023-09-17T15:09:56.421Z"
  },
  {
    "id": 9,
    "datatorch_id": "df841342-ad99-4570-aafd-ce4dc0d8d2e9",
    "storage_id": "379fb094-cabd-4982-968e-525c78f3db91",
    "path": "a072276_a72276_16014266-08.jpg",
    "width": 1648,
    "height": 2320,
    "file_name": "a072276_a72276_16014266-08.jpg",
    "metadata": {},
    "date_captured": "2023-09-17T15:09:56.468Z"
  },
  {
    "id": 10,
    "datatorch_id": "10439bc3-84d4-4b5f-8677-66edd9112dfa",
    "storage_id": "379fb094-cabd-4982-968e-525c78f3db91",
    "path": "a072276_a72276_16014266-05.jpg",
    "width": 1645,
    "height": 2317,
    "file_name": "a072276_a72276_16014266-05.jpg",
    "metadata": {},
    "date_captured": "2023-09-17T15:09:56.312Z"
  },
  {
    "id": 11,
    "datatorch_id": "6b5320c1-28a8-4f50-be10-76bcbba67ffe",
    "storage_id": "379fb094-cabd-4982-968e-525c78f3db91",
    "path": "a072276_a72276_16014266-02.jpg",
    "width": 1648,
    "height": 2323,
    "file_name": "a072276_a72276_16014266-02.jpg",
    "metadata": {},
    "date_captured": "2023-09-17T15:09:56.093Z"
  },
  {
    "id": 12,
    "datatorch_id": "84679ea8-60cf-4851-b94b-ca683990280e",
    "storage_id": "379fb094-cabd-4982-968e-525c78f3db91",
    "path": "a072276_a72276_16014266-04.jpg",
    "width": 1648,
    "height": 2320,
    "file_name": "a072276_a72276_16014266-04.jpg",
    "metadata": {},
    "date_captured": "2023-09-17T15:09:56.358Z"
  }
],"annotations": [
{"id":1,"datatorch_id":"06fc65f1-f962-4dd3-aada-d3b4e1e83ece","image_id":12,"category_id":25,"segmentation":[[217.947944971529,821.77037266552,1521.6135088812991,821.77037266552,1521.6135088812991,1119.428117026422,217.947944971529,1119.428117026422]],"area":388046.15,"bbox":[217.947944971529,821.77037266552,1303.66556390977,297.657744360902],"iscrowd":0,"metadata":{}},
{"id":2,"datatorch_id":"0b3a641f-a32d-44ca-82a3-4aea46066bd6","image_id":9,"category_id":25,"segmentation":[[206.044426174537,916.967124545219,1475.066982565517,916.967124545219,1475.066982565517,1105.358101988828,206.044426174537,1105.358101988828]],"area":239072.4,"bbox":[206.044426174537,916.967124545219,1269.02255639098,188.390977443609],"iscrowd":0,"metadata":{}},
{"id":3,"datatorch_id":"10a91a47-9585-4409-9bff-fe88ea625058","image_id":7,"category_id":25,"segmentation":[[209.356881029488,1023.22232255758,1524.559136668588,1023.22232255758,1524.559136668588,1256.395630828257,209.356881029488,1256.395630828257]],"area":306670.06,"bbox":[209.356881029488,1023.22232255758,1315.2022556391,233.173308270677],"iscrowd":0,"metadata":{}},
{"id":4,"datatorch_id":"134a451a-d876-435c-b827-0fc749682bec","image_id":2,"category_id":21,"segmentation":[[205.353659257244,275.087665898603,660.631854745966,275.087665898603,660.631854745966,356.7237561241669,205.353659257244,356.7237561241669]],"area":37167.13,"bbox":[205.353659257244,275.087665898603,455.278195488722,81.6360902255639],"iscrowd":0,"metadata":{}},
{"id":5,"datatorch_id":"237c074e-997d-4030-a060-533636f75c83","image_id":10,"category_id":13,"segmentation":[[224.095527710563,166.303317510304,1590.0454224474029,166.303317510304,1590.0454224474029,1961.229212247144,224.095527710563,1961.229212247144]],"area":2451778.84,"bbox":[224.095527710563,166.303317510304,1365.94989473684,1794.92589473684],"iscrowd":0,"metadata":{}},
{"id":6,"datatorch_id":"2b3bf078-b8fc-49a3-8a3e-1cbeb8125f3b","image_id":12,"category_id":24,"segmentation":[[217.947944971529,1117.7884177783,599.300125422657,1117.7884177783,599.300125422657,1222.450071913638,217.947944971529,1222.450071913638]],"area":39912.95,"bbox":[217.947944971529,1117.7884177783,381.352180451128,104.661654135338],"iscrowd":0,"metadata":{}},
{"id":7,"datatorch_id":"363f183e-7a15-4c4d-9d4c-6ab45501f5e5","image_id":12,"category_id":24,"segmentation":[[207.412005121905,148.202853868528,523.908847227168,148.202853868528,523.908847227168,256.597440334693,207.412005121905,256.597440334693]],"area":34306.54,"bbox":[207.412005121905,148.202853868528,316.496842105263,108.394586466165],"iscrowd":0,"metadata":{}},
{"id":8,"datatorch_id":"3710b4d4-aa2c-4c50-9108-ce66629b77f0","image_id":6,"category_id":15,"segmentation":[[192.270952490326,925.978492966272,1424.6619299339359,925.978492966272,1424.6619299339359,1365.557440334693,192.270952490326,1365.557440334693]],"area":541733.13,"bbox":[192.270952490326,925.978492966272,1232.39097744361,439.578947368421],"iscrowd":0,"metadata":{}},
{"id":9,"datatorch_id":"38c08947-37a0-4e80-944d-b9ed6ca4d35a","image_id":11,"category_id":3,"segmentation":[[89.4167231347509,157.19744285833,1481.5399712550511,157.19744285833,1481.5399712550511,1734.1825857154702,89.4167231347509,1734.1825857154702]],"area":2195357.68,"bbox":[89.4167231347509,157.19744285833,1392.1232481203,1576.98514285714],"iscrowd":0,"metadata":{}},
{"id":10,"datatorch_id":"39f24c52-e289-4067-832f-7bf16ac2be2b","image_id":8,"category_id":12,"segmentation":[[234.634354713698,1505.5330142869,1465.999016367838,1505.5330142869,1465.999016367838,1615.569856392163,234.634354713698,1615.569856392163]],"area":135495.48,"bbox":[234.634354713698,1505.5330142869,1231.36466165414,110.036842105263],"iscrowd":0,"metadata":{}},
{"id":11,"datatorch_id":"40a2aae1-c88a-4667-9419-d3b60798cc93","image_id":7,"category_id":11,"segmentation":[[217.845437420465,351.51551955006,1192.457467495653,351.51551955006,1192.457467495653,844.061384211714,217.845437420465,844.061384211714]],"area":480041.13,"bbox":[217.845437420465,351.51551955006,974.612030075188,492.545864661654],"iscrowd":0,"metadata":{}},
{"id":12,"datatorch_id":"459814f1-a7ee-4316-823d-51701d5b7943","image_id":9,"category_id":21,"segmentation":[[187.728636700853,1411.49344033469,682.254952490327,1411.49344033469,682.254952490327,1489.8431546204042,187.728636700853,1489.8431546204042]],"area":38746,"bbox":[187.728636700853,1411.49344033469,494.526315789474,78.3497142857143],"iscrowd":0,"metadata":{}},
{"id":13,"datatorch_id":"467fb3be-f129-4ae5-9124-1258e191c7f6","image_id":7,"category_id":10,"segmentation":[[217.845437420465,844.061384211714,1276.295061480615,844.061384211714,1276.295061480615,927.8989781966764,217.845437420465,927.8989781966764]],"area":88737.87,"bbox":[217.845437420465,844.061384211714,1058.44962406015,83.8375939849624],"iscrowd":0,"metadata":{}},
{"id":14,"datatorch_id":"4d8481b0-1e0c-43df-a8f4-0b07a52a8fb7","image_id":5,"category_id":13,"segmentation":[[254.194617871593,195.343548121488,1458.4378178715929,195.343548121488,1458.4378178715929,1005.717731580134,254.194617871593,1005.717731580134]],"area":975887.6,"bbox":[254.194617871593,195.343548121488,1204.2432,810.374183458646],"iscrowd":0,"metadata":{}},
{"id":15,"datatorch_id":"59dfe46d-9e5f-4186-9faf-6df352fc883a","image_id":9,"category_id":25,"segmentation":[[202.52779459559,1489.84315462041,1493.00599008431,1489.84315462041,1493.00599008431,2004.7784929662748,202.52779459559,2004.7784929662748]],"area":664512.83,"bbox":[202.52779459559,1489.84315462041,1290.47819548872,514.935338345865],"iscrowd":0,"metadata":{}},
{"id":16,"datatorch_id":"784809c2-ed45-4986-b0f1-6cd0397c60fa","image_id":8,"category_id":13,"segmentation":[[255.593753209939,433.983766166601,1445.039617871589,433.983766166601,1445.039617871589,1243.540533083894,255.593753209939,1243.540533083894]],"area":962923.95,"bbox":[255.593753209939,433.983766166601,1189.44586466165,809.556766917293],"iscrowd":0,"metadata":{}},
{"id":17,"datatorch_id":"7c781b89-c364-43ba-8584-c0618e2b6c22","image_id":9,"category_id":21,"segmentation":[[187.728636700853,835.854342590332,854.946681813635,835.854342590332,854.946681813635,916.9671245452191,187.728636700853,916.9671245452191]],"area":54119.91,"bbox":[187.728636700853,835.854342590332,667.218045112782,81.1127819548872],"iscrowd":0,"metadata":{}},
{"id":18,"datatorch_id":"83cec594-5c2d-45a1-b875-b4c22c58e21a","image_id":6,"category_id":16,"segmentation":[[147.789749482807,107.001049357249,1503.158170535437,107.001049357249,1503.158170535437,925.978492966271,147.789749482807,925.978492966271]],"area":1110016.16,"bbox":[147.789749482807,107.001049357249,1355.36842105263,818.977443609022],"iscrowd":0,"metadata":{}},
{"id":19,"datatorch_id":"8d0b701a-2fa8-445d-87bf-3a17dcadda48","image_id":9,"category_id":25,"segmentation":[[187.728636700853,171.252838830934,1540.480516400103,171.252838830934,1540.480516400103,835.854342590333,187.728636700853,835.854342590333]],"area":899040.93,"bbox":[187.728636700853,171.252838830934,1352.75187969925,664.601503759399],"iscrowd":0,"metadata":{}},
{"id":20,"datatorch_id":"8ea6649e-4248-4490-834a-10e64f805705","image_id":4,"category_id":25,"segmentation":[[187.139918623473,1076.62803433703,1449.7981266435231,1076.62803433703,1449.7981266435231,1587.87725112901,187.139918623473,1587.87725112901]],"area":645533.02,"bbox":[187.139918623473,1076.62803433703,1262.65820802005,511.24921679198],"iscrowd":0,"metadata":{}},
{"id":21,"datatorch_id":"94a3fd00-b2f9-48da-bec2-1ec5c206e104","image_id":8,"category_id":25,"segmentation":[[234.634354713698,1306.41872857262,1494.8181893001681,1306.41872857262,1494.8181893001681,1505.533014286906,234.634354713698,1505.533014286906]],"area":250920.6,"bbox":[234.634354713698,1306.41872857262,1260.18383458647,199.114285714286],"iscrowd":0,"metadata":{}},
{"id":22,"datatorch_id":"95e5f02b-c31d-48a0-8d72-54d8f0d8cc0f","image_id":2,"category_id":24,"segmentation":[[211.633358505364,149.493680936197,544.45741865574,149.493680936197,544.45741865574,215.4305230414602,211.633358505364,215.4305230414602]],"area":21945.37,"bbox":[211.633358505364,149.493680936197,332.824060150376,65.9368421052632],"iscrowd":0,"metadata":{}},
{"id":23,"datatorch_id":"a71a8478-6ddb-4104-902c-134e6a0ed8b4","image_id":5,"category_id":25,"segmentation":[[239.523038924225,1231.99539774555,1531.145971255055,1231.99539774555,1531.145971255055,2007.493142106452,239.523038924225,2007.493142106452]],"area":1001650.67,"bbox":[239.523038924225,1231.99539774555,1291.62293233083,775.497744360902],"iscrowd":0,"metadata":{}},
{"id":24,"datatorch_id":"ac40052e-21ac-424f-b354-a8ceabd29287","image_id":3,"category_id":4,"segmentation":[[215.177738236879,186.259133299778,1450.6787908684591,186.259133299778,1450.6787908684591,662.899133299778,215.177738236879,662.899133299778]],"area":588889.22,"bbox":[215.177738236879,186.259133299778,1235.50105263158,476.64],"iscrowd":0,"metadata":{}},
{"id":25,"datatorch_id":"b7f5fe14-b96f-42c6-bfa6-d636a2e14dad","image_id":7,"category_id":21,"segmentation":[[212.605587796405,961.958000753067,1187.2176178715931,961.958000753067,1187.2176178715931,1023.2223225575784,212.605587796405,1023.2223225575784]],"area":59708.95,"bbox":[212.605587796405,961.958000753067,974.612030075188,61.2643218045114],"iscrowd":0,"metadata":{}},
{"id":26,"datatorch_id":"bb470e51-7c33-444e-b150-2ba7a2780cba","image_id":5,"category_id":21,"segmentation":[[213.323790803924,1153.39765338465,1007.161008849037,1153.39765338465,1007.161008849037,1231.9953977455523,213.323790803924,1231.9953977455523]],"area":62393.81,"bbox":[213.323790803924,1153.39765338465,793.837218045113,78.5977443609022],"iscrowd":0,"metadata":{}},
{"id":27,"datatorch_id":"bc61b5f4-4cb6-4a65-a610-1bf41093ace1","image_id":12,"category_id":24,"segmentation":[[193.736215648221,705.683154620407,634.18734346777,705.683154620407,634.18734346777,821.77037266552,193.736215648221,821.77037266552]],"area":51130.75,"bbox":[193.736215648221,705.683154620407,440.451127819549,116.087218045113],"iscrowd":0,"metadata":{}},
{"id":28,"datatorch_id":"bdad50d9-91c9-4740-b3a3-38454b728d2c","image_id":1,"category_id":3,"segmentation":[[138.901401394774,143.328433299777,1601.935338236884,143.328433299777,1601.935338236884,2252.084138562937,138.901401394774,2252.084138562937]],"area":3085181.16,"bbox":[138.901401394774,143.328433299777,1463.03393684211,2108.75570526316],"iscrowd":0,"metadata":{}},
{"id":29,"datatorch_id":"c268e801-abb6-43fc-90c7-7b6ae15c6bef","image_id":4,"category_id":25,"segmentation":[[136.854828397908,141.466249875873,1512.315354713698,141.466249875873,1512.315354713698,1076.7794077706099,136.854828397908,1076.7794077706099]],"area":1286486.33,"bbox":[136.854828397908,141.466249875873,1375.46052631579,935.313157894737],"iscrowd":0,"metadata":{}},
{"id":30,"datatorch_id":"cf182117-9919-436a-8ab2-819531488e3d","image_id":7,"category_id":10,"segmentation":[[373.678565240015,1875.26379022675,1290.6522494505411,1875.26379022675,1290.6522494505411,1969.5810834598324,373.678565240015,1969.5810834598324]],"area":86486.48,"bbox":[373.678565240015,1875.26379022675,916.973684210526,94.3172932330824],"iscrowd":0,"metadata":{}},
{"id":31,"datatorch_id":"d072fb1a-234e-4e3d-9eff-8bc56cec8a58","image_id":8,"category_id":25,"segmentation":[[224.154655465578,169.371360151564,1489.578339676108,169.371360151564,1489.578339676108,386.82511955006,224.154655465578,386.82511955006]],"area":275171.14,"bbox":[224.154655465578,169.371360151564,1265.42368421053,217.453759398496],"iscrowd":0,"metadata":{}},
{"id":32,"datatorch_id":"d64ba34e-c310-4776-bcc5-adf2c6557a93","image_id":9,"category_id":25,"segmentation":[[226.976757001604,1230.95208695123,1503.848937452734,1230.95208695123,1503.848937452734,1398.410733567772,226.976757001604,1398.410733567772]],"area":213823.29,"bbox":[226.976757001604,1230.95208695123,1276.87218045113,167.458646616542],"iscrowd":0,"metadata":{}},
{"id":33,"datatorch_id":"d790d244-73c2-4917-baf3-ef31d4923e6c","image_id":12,"category_id":25,"segmentation":[[225.483584069274,256.597440334693,1536.684787076794,256.597440334693,1536.684787076794,693.664508003866,225.483584069274,693.664508003866]],"area":573082.86,"bbox":[225.483584069274,256.597440334693,1311.20120300752,437.067067669173],"iscrowd":0,"metadata":{}},
{"id":34,"datatorch_id":"df659eeb-9813-422c-bb87-2661fe725ea4","image_id":12,"category_id":25,"segmentation":[[211.179824670777,1222.45007191364,1438.773809633187,1222.45007191364,1438.773809633187,1412.149320033941,211.179824670777,1412.149320033941]],"area":232873.66,"bbox":[211.179824670777,1222.45007191364,1227.59398496241,189.699248120301],"iscrowd":0,"metadata":{}},
{"id":35,"datatorch_id":"e170d0d2-4b08-4781-9d00-6b9c52321346","image_id":7,"category_id":11,"segmentation":[[185.043978773849,1285.78070751998,1505.486084037009,1285.78070751998,1505.486084037009,1875.263790226747,185.043978773849,1875.263790226747]],"area":778378.28,"bbox":[185.043978773849,1285.78070751998,1320.44210526316,589.483082706767],"iscrowd":0,"metadata":{}},
{"id":36,"datatorch_id":"e1890050-19e3-40a6-bbb2-a4f672c68428","image_id":9,"category_id":24,"segmentation":[[200.81134346777,1144.60622228958,1250.04442617454,1144.60622228958,1250.04442617454,1230.9520869512342,200.81134346777,1230.9520869512342]],"area":90596.94,"bbox":[200.81134346777,1144.60622228958,1049.23308270677,86.3458646616541],"iscrowd":0,"metadata":{}},
{"id":37,"datatorch_id":"e1c386ea-d22a-403f-8bd0-c7ecde1f9755","image_id":2,"category_id":25,"segmentation":[[211.633358505364,356.723756124167,1492.692005121904,356.723756124167,1492.692005121904,1411.713229808377,211.633358505364,1411.713229808377]],"area":1351503.39,"bbox":[211.633358505364,356.723756124167,1281.05864661654,1054.98947368421],"iscrowd":0,"metadata":{}},
{"id":38,"datatorch_id":"e5471a3a-a4f7-45bc-ad72-5adae088f8c9","image_id":8,"category_id":12,"segmentation":[[467.807662984375,1243.54053308389,1261.644881029488,1243.54053308389,1261.644881029488,1306.4187285726118,467.807662984375,1306.4187285726118]],"area":49915.05,"bbox":[467.807662984375,1243.54053308389,793.837218045113,62.8781954887218],"iscrowd":0,"metadata":{}},
{"id":39,"datatorch_id":"f0c7fef8-aa66-49fd-95a1-225bcc1a84be","image_id":7,"category_id":25,"segmentation":[[217.845437420465,141.921534587654,1551.387166743775,141.921534587654,1551.387166743775,351.51551955006005,217.845437420465,351.51551955006005]],"area":279502.33,"bbox":[217.845437420465,141.921534587654,1333.54172932331,209.593984962406],"iscrowd":0,"metadata":{}},
{"id":40,"datatorch_id":"f5b50454-57a0-4365-8382-ba01bde9a015","image_id":5,"category_id":12,"segmentation":[[422.288993811443,1044.40878120419,1350.371159224977,1044.40878120419,1350.371159224977,1104.771848873363,422.288993811443,1104.771848873363]],"area":56021.89,"bbox":[422.288993811443,1044.40878120419,928.082165413534,60.363067669173],"iscrowd":0,"metadata":{}},
{"id":41,"datatorch_id":"fb42b10b-8c45-4740-b6ca-935147ae13da","image_id":4,"category_id":25,"segmentation":[[210.792017620967,1677.02747042725,1429.784812107187,1677.02747042725,1429.784812107187,1977.227188472363,210.792017620967,1977.227188472363]],"area":365941.29,"bbox":[210.792017620967,1677.02747042725,1218.99279448622,300.199718045113],"iscrowd":0,"metadata":{}}
]}