{"info": {"year":2023,"version":"0.1.0","description":"","url":"","date_created":1695182276566},"categories": [
  {
    "id": 1,
    "datatorch_id": "efdc34be-7bc8-40e6-a7ac-743c961d5b0e",
    "name": "other",
    "supercategory": null
  },
  {
    "id": 2,
    "datatorch_id": "98245cc4-3f97-4a16-8793-42b1f206b1ae",
    "name": "form",
    "supercategory": null
  },
  {
    "id": 3,
    "datatorch_id": "bac47c6d-1482-4149-b2f4-48ae401b6fce",
    "name": "report_title",
    "supercategory": null
  },
  {
    "id": 4,
    "datatorch_id": "f67b4326-b7f3-4891-a799-9e158f3f29a3",
    "name": "references",
    "supercategory": null
  },
  {
    "id": 5,
    "datatorch_id": "28540ac5-369f-447d-8dc0-6c623bdeded1",
    "name": "appendix_list",
    "supercategory": null
  },
  {
    "id": 6,
    "datatorch_id": "432d43ae-9402-465b-8bfa-08b71e3f6e70",
    "name": "list",
    "supercategory": null
  },
  {
    "id": 7,
    "datatorch_id": "866cde06-4b95-4b78-9e9d-615eb63f3b30",
    "name": "form_body",
    "supercategory": null
  },
  {
    "id": 8,
    "datatorch_id": "5c08d4fb-994f-42f5-8a08-eff81cd89470",
    "name": "form_title",
    "supercategory": null
  },
  {
    "id": 9,
    "datatorch_id": "7b220ed9-4839-4860-913e-e54f2b08ed1e",
    "name": "cross",
    "supercategory": null
  },
  {
    "id": 10,
    "datatorch_id": "bedfd226-54a1-411d-88c2-e513cc41e676",
    "name": "table_caption",
    "supercategory": null
  },
  {
    "id": 11,
    "datatorch_id": "3a69775c-e544-484e-9882-ad16eb2d72de",
    "name": "table",
    "supercategory": null
  },
  {
    "id": 12,
    "datatorch_id": "c5dfcaed-726f-42cd-8d24-72c5d6ed4f33",
    "name": "figure_caption",
    "supercategory": null
  },
  {
    "id": 13,
    "datatorch_id": "3f471323-e8c5-4b39-989f-cf5be1aec0f9",
    "name": "figure",
    "supercategory": null
  },
  {
    "id": 14,
    "datatorch_id": "99fb551f-c3d7-44ee-bfe4-335664818c3a",
    "name": "list_of_tables",
    "supercategory": null
  },
  {
    "id": 15,
    "datatorch_id": "d21d3657-a407-44b4-95f4-2f3d6302b266",
    "name": "list_of_figures",
    "supercategory": null
  },
  {
    "id": 16,
    "datatorch_id": "ee631f60-9883-4932-8f12-c50dd827cff1",
    "name": "table_of_contents",
    "supercategory": null
  },
  {
    "id": 17,
    "datatorch_id": "01396395-4edf-4a64-aee8-3045d83f9f59",
    "name": "subsubsubsubsection",
    "supercategory": null
  },
  {
    "id": 18,
    "datatorch_id": "60279c59-c020-4f1b-8221-132da3381de0",
    "name": "subsubsubsection",
    "supercategory": null
  },
  {
    "id": 19,
    "datatorch_id": "10a9f994-272f-449d-a0df-80b9119bc1d1",
    "name": "subsubsection",
    "supercategory": null
  },
  {
    "id": 20,
    "datatorch_id": "91510100-a731-4362-93ef-527524a170ce",
    "name": "subsubsection",
    "supercategory": null
  },
  {
    "id": 21,
    "datatorch_id": "b70e14c2-0849-4366-92ab-9a9a19a43234",
    "name": "subsection",
    "supercategory": null
  },
  {
    "id": 22,
    "datatorch_id": "553058cd-78a1-4549-bf72-7e47c9a279a7",
    "name": "summary",
    "supercategory": null
  },
  {
    "id": 23,
    "datatorch_id": "7ee54f92-1d68-40d6-9662-ee8721ea0609",
    "name": "abstract",
    "supercategory": null
  },
  {
    "id": 24,
    "datatorch_id": "e5aba03c-0aa5-4e2d-8318-1070c9c8cbbb",
    "name": "section",
    "supercategory": null
  },
  {
    "id": 25,
    "datatorch_id": "39ef7a9d-1162-4ae4-8624-f78005de7a54",
    "name": "paragraph",
    "supercategory": null
  },
  {
    "id": 26,
    "datatorch_id": "303bd345-80a9-4705-bb6e-cbb51b49d623",
    "name": "title",
    "supercategory": null
  }
],"images": [
  {
    "id": 1,
    "datatorch_id": "cb21e2d9-6a5e-4240-8151-097b26d227d2",
    "storage_id": "379fb094-cabd-4982-968e-525c78f3db91",
    "path": "a072339_c1582005_2006_ar_02_report_10717728-14.jpg",
    "width": 1653,
    "height": 2339,
    "file_name": "a072339_c1582005_2006_ar_02_report_10717728-14.jpg",
    "metadata": {},
    "date_captured": "2023-09-18T04:48:35.629Z"
  },
  {
    "id": 2,
    "datatorch_id": "d4ef10aa-bcf6-4544-ab6e-3a8885c9221e",
    "storage_id": "379fb094-cabd-4982-968e-525c78f3db91",
    "path": "a072339_c1582005_2006_ar_02_report_10717728-06.jpg",
    "width": 2339,
    "height": 1653,
    "file_name": "a072339_c1582005_2006_ar_02_report_10717728-06.jpg",
    "metadata": {},
    "date_captured": "2023-09-18T04:48:36.286Z"
  },
  {
    "id": 3,
    "datatorch_id": "1cab5f2c-9474-4858-8cb4-01e411b10a08",
    "storage_id": "379fb094-cabd-4982-968e-525c78f3db91",
    "path": "a072339_c1582005_2006_ar_02_report_10717728-02.jpg",
    "width": 1653,
    "height": 2339,
    "file_name": "a072339_c1582005_2006_ar_02_report_10717728-02.jpg",
    "metadata": {},
    "date_captured": "2023-09-18T04:48:33.754Z"
  },
  {
    "id": 4,
    "datatorch_id": "32b51d97-8f21-4507-8108-c15ffd2b0530",
    "storage_id": "379fb094-cabd-4982-968e-525c78f3db91",
    "path": "a072339_c1582005_2006_ar_02_report_10717728-09.jpg",
    "width": 1655,
    "height": 2338,
    "file_name": "a072339_c1582005_2006_ar_02_report_10717728-09.jpg",
    "metadata": {},
    "date_captured": "2023-09-18T04:48:36.660Z"
  },
  {
    "id": 5,
    "datatorch_id": "7a9521b8-1406-4ef4-a59c-89421ed822ab",
    "storage_id": "379fb094-cabd-4982-968e-525c78f3db91",
    "path": "a072339_c1582005_2006_ar_02_report_10717728-03.jpg",
    "width": 1653,
    "height": 2339,
    "file_name": "a072339_c1582005_2006_ar_02_report_10717728-03.jpg",
    "metadata": {},
    "date_captured": "2023-09-18T04:48:33.723Z"
  },
  {
    "id": 6,
    "datatorch_id": "ecf51076-e6ab-496b-a933-ceb745e186b4",
    "storage_id": "379fb094-cabd-4982-968e-525c78f3db91",
    "path": "a072339_c1582005_2006_ar_02_report_10717728-04.jpg",
    "width": 2339,
    "height": 1653,
    "file_name": "a072339_c1582005_2006_ar_02_report_10717728-04.jpg",
    "metadata": {},
    "date_captured": "2023-09-18T04:48:33.910Z"
  },
  {
    "id": 7,
    "datatorch_id": "ca2d45c5-4d1e-44ec-b16b-b54b4906d8dc",
    "storage_id": "379fb094-cabd-4982-968e-525c78f3db91",
    "path": "a072339_c1582005_2006_ar_02_report_10717728-12.jpg",
    "width": 2339,
    "height": 1653,
    "file_name": "a072339_c1582005_2006_ar_02_report_10717728-12.jpg",
    "metadata": {},
    "date_captured": "2023-09-18T04:48:36.207Z"
  },
  {
    "id": 8,
    "datatorch_id": "705f4b3b-6a8c-45f5-b245-3091c2868784",
    "storage_id": "379fb094-cabd-4982-968e-525c78f3db91",
    "path": "a072339_c1582005_2006_ar_02_report_10717728-13.jpg",
    "width": 1653,
    "height": 2339,
    "file_name": "a072339_c1582005_2006_ar_02_report_10717728-13.jpg",
    "metadata": {},
    "date_captured": "2023-09-18T04:48:36.317Z"
  },
  {
    "id": 9,
    "datatorch_id": "cc083432-ed93-4849-ada1-6beaa00745c0",
    "storage_id": "379fb094-cabd-4982-968e-525c78f3db91",
    "path": "a072339_c1582005_2006_ar_02_report_10717728-10.jpg",
    "width": 1655,
    "height": 2338,
    "file_name": "a072339_c1582005_2006_ar_02_report_10717728-10.jpg",
    "metadata": {},
    "date_captured": "2023-09-18T04:48:36.770Z"
  },
  {
    "id": 10,
    "datatorch_id": "442d7b21-380c-4b28-9a0f-95f3d61d8487",
    "storage_id": "379fb094-cabd-4982-968e-525c78f3db91",
    "path": "a072339_c1582005_2006_ar_02_report_10717728-01.jpg",
    "width": 1653,
    "height": 2339,
    "file_name": "a072339_c1582005_2006_ar_02_report_10717728-01.jpg",
    "metadata": {},
    "date_captured": "2023-09-18T04:48:33.754Z"
  },
  {
    "id": 11,
    "datatorch_id": "791ecf0c-a6a4-4910-a76a-59c1d0c64770",
    "storage_id": "379fb094-cabd-4982-968e-525c78f3db91",
    "path": "a072339_c1582005_2006_ar_02_report_10717728-05.jpg",
    "width": 1653,
    "height": 2339,
    "file_name": "a072339_c1582005_2006_ar_02_report_10717728-05.jpg",
    "metadata": {},
    "date_captured": "2023-09-18T04:48:36.239Z"
  },
  {
    "id": 12,
    "datatorch_id": "a2caf4b9-e7d0-4fd6-bcae-e9d72e848877",
    "storage_id": "379fb094-cabd-4982-968e-525c78f3db91",
    "path": "a072339_c1582005_2006_ar_02_report_10717728-11.jpg",
    "width": 1653,
    "height": 2339,
    "file_name": "a072339_c1582005_2006_ar_02_report_10717728-11.jpg",
    "metadata": {},
    "date_captured": "2023-09-18T04:48:36.286Z"
  },
  {
    "id": 13,
    "datatorch_id": "ee1ff437-c9b5-48ee-a32e-2bf5cddb2b10",
    "storage_id": "379fb094-cabd-4982-968e-525c78f3db91",
    "path": "a072339_c1582005_2006_ar_02_report_10717728-07.jpg",
    "width": 1653,
    "height": 2339,
    "file_name": "a072339_c1582005_2006_ar_02_report_10717728-07.jpg",
    "metadata": {},
    "date_captured": "2023-09-18T04:48:36.301Z"
  },
  {
    "id": 14,
    "datatorch_id": "d3b6527d-ec3d-44e0-be7f-134dcb2f4de8",
    "storage_id": "379fb094-cabd-4982-968e-525c78f3db91",
    "path": "a072339_c1582005_2006_ar_02_report_10717728-08.jpg",
    "width": 1655,
    "height": 2338,
    "file_name": "a072339_c1582005_2006_ar_02_report_10717728-08.jpg",
    "metadata": {},
    "date_captured": "2023-09-18T04:48:36.317Z"
  }
],"annotations": [
{"id":1,"datatorch_id":"05fe8f7f-3abe-45c2-a168-1390c7bdc511","image_id":10,"category_id":1,"segmentation":[[147.530482361155,99.6117119568275,1540.378602661905,99.6117119568275,1540.378602661905,413.0025390244965,147.530482361155,413.0025390244965]],"area":436505.82,"bbox":[147.530482361155,99.6117119568275,1392.84812030075,313.390827067669],"iscrowd":0,"metadata":{}},
{"id":2,"datatorch_id":"131c7178-25af-404a-9729-a54c646a5482","image_id":11,"category_id":25,"segmentation":[[163.815550030329,1533.19008789668,1516.144452285969,1533.19008789668,1516.144452285969,2106.7902683478083,163.815550030329,2106.7902683478083]],"area":775696.1,"bbox":[163.815550030329,1533.19008789668,1352.32890225564,573.600180451128],"iscrowd":0,"metadata":{}},
{"id":3,"datatorch_id":"17ecd30f-9291-460b-8d38-cb607074f329","image_id":13,"category_id":24,"segmentation":[[176.231595143111,1019.47182473878,962.557670331081,1019.47182473878,962.557670331081,1118.2374187237424,176.231595143111,1118.2374187237424]],"area":77661.96,"bbox":[176.231595143111,1019.47182473878,786.32607518797,98.7655939849623],"iscrowd":0,"metadata":{}},
{"id":4,"datatorch_id":"182bd334-0a07-4c65-9831-26938ec8316f","image_id":6,"category_id":13,"segmentation":[[54.936687947633,33.9247473476289,2250.191011694553,33.9247473476289,2250.191011694553,1608.1313274626689,54.936687947633,1608.1313274626689]],"area":3455783.8,"bbox":[54.936687947633,33.9247473476289,2195.25432374692,1574.20658011504],"iscrowd":0,"metadata":{}},
{"id":5,"datatorch_id":"18515c93-f050-4d0e-97bf-142f879da640","image_id":13,"category_id":24,"segmentation":[[183.828948526569,1836.18731346059,738.43574551905,1836.18731346059,738.43574551905,1950.147614212469,183.828948526569,1950.147614212469]],"area":63203.16,"bbox":[183.828948526569,1836.18731346059,554.606796992481,113.960300751879],"iscrowd":0,"metadata":{}},
{"id":6,"datatorch_id":"1d80ec59-8d07-488e-9e32-373fe3f13322","image_id":3,"category_id":5,"segmentation":[[214.88664777469,1281.1760277463,1445.65789589499,1281.1760277463,1445.65789589499,1467.311185641037,214.88664777469,1467.311185641037]],"area":229089.8,"bbox":[214.88664777469,1281.1760277463,1230.7712481203,186.135157894737],"iscrowd":0,"metadata":{}},
{"id":7,"datatorch_id":"4111f82b-ee9a-4223-8e6e-e411b1be0d4b","image_id":5,"category_id":22,"segmentation":[[177.46264777469,232.917125490662,1548.78493348898,232.917125490662,1548.78493348898,855.900102934271,177.46264777469,855.900102934271]],"area":854310.44,"bbox":[177.46264777469,232.917125490662,1371.32228571429,622.982977443609],"iscrowd":0,"metadata":{}},
{"id":8,"datatorch_id":"4175639e-57ed-4a70-a908-57a922aef44e","image_id":11,"category_id":11,"segmentation":[[189.245580105516,703.60130594179,1500.316632737096,703.60130594179,1500.316632737096,853.965591656076,189.245580105516,853.965591656076]],"area":197138.26,"bbox":[189.245580105516,703.60130594179,1311.07105263158,150.364285714286],"iscrowd":0,"metadata":{}},
{"id":9,"datatorch_id":"41efedec-0328-420b-89d7-52a8f842f7f4","image_id":10,"category_id":3,"segmentation":[[369.119956045366,583.942990152316,1306.126873338599,583.942990152316,1306.126873338599,1425.982990152316,369.119956045366,1425.982990152316]],"area":788997.3,"bbox":[369.119956045366,583.942990152316,937.006917293233,842.04],"iscrowd":0,"metadata":{}},
{"id":10,"datatorch_id":"5722c1bd-4e27-4836-8a5b-96d364d01071","image_id":10,"category_id":1,"segmentation":[[141.199354541607,1691.89035857337,1109.861910932584,1691.89035857337,1109.861910932584,2131.903742032016,141.199354541607,2131.903742032016]],"area":426224.49,"bbox":[141.199354541607,1691.89035857337,968.662556390977,440.013383458646],"iscrowd":0,"metadata":{}},
{"id":11,"datatorch_id":"59ad7975-6de6-4118-8de3-d92fbdad1581","image_id":3,"category_id":16,"segmentation":[[188.295910932584,240.338614212467,1514.034076346114,240.338614212467,1514.034076346114,718.971877370362,188.295910932584,718.971877370362]],"area":634542.38,"bbox":[188.295910932584,240.338614212467,1325.73816541353,478.633263157895],"iscrowd":0,"metadata":{}},
{"id":12,"datatorch_id":"5c0cc7e5-6fa2-4ff1-8e39-3439729cbc20","image_id":12,"category_id":25,"segmentation":[[174.015700406268,113.258809701188,1465.565775594238,113.258809701188,1465.565775594238,1237.667110453068,174.015700406268,1237.667110453068]],"area":1452229.63,"bbox":[174.015700406268,113.258809701188,1291.55007518797,1124.40830075188],"iscrowd":0,"metadata":{}},
{"id":13,"datatorch_id":"5e71fd0c-a7a7-45bc-99f0-6e4c765d961e","image_id":3,"category_id":14,"segmentation":[[188.295910932584,718.971877370361,1388.677745519054,718.971877370361,1388.677745519054,901.308358573368,188.295910932584,901.308358573368]],"area":218873.4,"bbox":[188.295910932584,718.971877370361,1200.38183458647,182.336481203007],"iscrowd":0,"metadata":{}},
{"id":14,"datatorch_id":"6089971e-cbee-456d-bc71-61f3cc0f9a42","image_id":12,"category_id":25,"segmentation":[[193.009083864915,1625.13213300946,1473.1631289776951,1625.13213300946,1473.1631289776951,2069.577305941791,193.009083864915,2069.577305941791]],"area":568958.29,"bbox":[193.009083864915,1625.13213300946,1280.15404511278,444.445172932331],"iscrowd":0,"metadata":{}},
{"id":15,"datatorch_id":"63003977-5ece-43db-826e-835fb276a8d4","image_id":11,"category_id":25,"segmentation":[[167.614226722058,955.79123075382,1584.520632737098,955.79123075382,1584.520632737098,1430.625817219985,167.614226722058,1430.625817219985]],"area":672796.17,"bbox":[167.614226722058,955.79123075382,1416.90640601504,474.834586466165],"iscrowd":0,"metadata":{}},
{"id":16,"datatorch_id":"6862cb1b-40a5-4be6-b5d1-574724474221","image_id":14,"category_id":13,"segmentation":[[40.6047643267986,47.9573351757652,1635.3668695899587,47.9573351757652,1635.3668695899587,2250.2478614915553,40.6047643267986,2250.2478614915553]],"area":3512129.48,"bbox":[40.6047643267986,47.9573351757652,1594.76210526316,2202.29052631579],"iscrowd":0,"metadata":{}},
{"id":17,"datatorch_id":"6ab416b0-5b1b-47dd-8434-b656476d7c84","image_id":13,"category_id":13,"segmentation":[[176.231595143111,613.013418723745,1536.157850782211,613.013418723745,1536.157850782211,1023.270501430512,176.231595143111,1023.270501430512]],"area":557919.38,"bbox":[176.231595143111,613.013418723745,1359.9262556391,410.257082706767],"iscrowd":0,"metadata":{}},
{"id":18,"datatorch_id":"7122f40c-02fa-4726-aba1-f1c090d2bc1a","image_id":4,"category_id":13,"segmentation":[[44.0853959057465,47.4475457020804,1619.8622380110064,47.4475457020804,1619.8622380110064,2276.31744043892,44.0853959057465,2276.31744043892]],"area":3512201.56,"bbox":[44.0853959057465,47.4475457020804,1575.77684210526,2228.86989473684],"iscrowd":0,"metadata":{}},
{"id":19,"datatorch_id":"7910be97-3bf7-4f39-b3ca-1ab0b36d151b","image_id":2,"category_id":13,"segmentation":[[77.5694439049051,62.8614638636518,2276.1448785803354,62.8614638636518,2276.1448785803354,1640.3891549072018,77.5694439049051,1640.3891549072018]],"area":3468313.63,"bbox":[77.5694439049051,62.8614638636518,2198.57543467543,1577.52769104355],"iscrowd":0,"metadata":{}},
{"id":20,"datatorch_id":"80f54546-a046-4238-bc9b-e1fd5c64c627","image_id":11,"category_id":24,"segmentation":[[167.614226722058,864.622990152316,672.8382267220579,864.622990152316,672.8382267220579,955.7912307538197,167.614226722058,955.7912307538197]],"area":46060.38,"bbox":[167.614226722058,864.622990152316,505.224,91.1682406015037],"iscrowd":0,"metadata":{}},
{"id":21,"datatorch_id":"8d9415a5-d6ac-40c9-b28b-d1b2112fec6b","image_id":11,"category_id":24,"segmentation":[[167.614226722058,1430.62581721998,661.44219664687,1430.62581721998,661.44219664687,1533.1900878966721,167.614226722058,1533.1900878966721]],"area":50649.11,"bbox":[167.614226722058,1430.62581721998,493.827969924812,102.564270676692],"iscrowd":0,"metadata":{}},
{"id":22,"datatorch_id":"8f371ae3-9ab5-4ef8-9815-61db364b839f","image_id":13,"category_id":24,"segmentation":[[195.224978601757,518.046501430512,552.300587624313,518.046501430512,552.300587624313,613.0134187237451,195.224978601757,613.0134187237451]],"area":33910.37,"bbox":[195.224978601757,518.046501430512,357.075609022556,94.9669172932331],"iscrowd":0,"metadata":{}},
{"id":23,"datatorch_id":"9a7fa888-0895-48c3-8100-ce1c00d49878","image_id":12,"category_id":25,"segmentation":[[158.820993639351,1290.84858413728,1461.767098902511,1290.84858413728,1461.767098902511,1530.165215716227,158.820993639351,1530.165215716227]],"area":311816.67,"bbox":[158.820993639351,1290.84858413728,1302.94610526316,239.316631578947],"iscrowd":0,"metadata":{}},
{"id":24,"datatorch_id":"9ef7b980-11ef-4867-93a3-dae398567550","image_id":13,"category_id":13,"segmentation":[[183.828948526569,1118.23741872374,1536.1578507822092,1118.23741872374,1536.1578507822092,1836.187313460582,183.828948526569,1836.187313460582]],"area":970904.39,"bbox":[183.828948526569,1118.23741872374,1352.32890225564,717.949894736842],"iscrowd":0,"metadata":{}},
{"id":25,"datatorch_id":"a61d4907-dab3-4e04-a667-4809b4c753c1","image_id":8,"category_id":4,"segmentation":[[197.47604627093,1098.87471947562,1549.17183574461,1098.87471947562,1549.17183574461,2096.0273510545667,197.47604627093,2096.0273510545667]],"area":1347847.01,"bbox":[197.47604627093,1098.87471947562,1351.69578947368,997.152631578947],"iscrowd":0,"metadata":{}},
{"id":26,"datatorch_id":"a7b7e652-3112-4f88-889d-fd336300fafe","image_id":8,"category_id":25,"segmentation":[[197.47604627093,282.15923075382,1621.97980566943,282.15923075382,1621.97980566943,1098.874719475624,197.47604627093,1098.874719475624]],"area":1163414.28,"bbox":[197.47604627093,282.15923075382,1424.5037593985,816.715488721804],"iscrowd":0,"metadata":{}},
{"id":27,"datatorch_id":"ab7f1852-58d3-4aed-84f9-6ebe752dc63b","image_id":13,"category_id":13,"segmentation":[[183.828948526569,1950.14761421247,1494.372407173189,1950.14761421247,1494.372407173189,2109.692035265102,183.828948526569,2109.692035265102]],"area":209089.9,"bbox":[183.828948526569,1950.14761421247,1310.54345864662,159.544421052632],"iscrowd":0,"metadata":{}},
{"id":28,"datatorch_id":"abdfcfab-6d9b-44a4-8ee2-92c284ad5be7","image_id":8,"category_id":24,"segmentation":[[191.144918451381,218.847952558331,963.542512436343,218.847952558331,963.542512436343,282.1592307538197,191.144918451381,282.1592307538197]],"area":48901.48,"bbox":[191.144918451381,218.847952558331,772.397593984962,63.3112781954887],"iscrowd":0,"metadata":{}},
{"id":29,"datatorch_id":"bbdb559d-95ad-4d2c-a3d7-e1ec2279f9df","image_id":11,"category_id":10,"segmentation":[[189.245580105517,629.105035265098,584.941068827321,629.105035265098,584.941068827321,703.6013059417895,189.245580105517,703.6013059417895]],"area":29477.84,"bbox":[189.245580105517,629.105035265098,395.695488721804,74.4962706766916],"iscrowd":0,"metadata":{}},
{"id":30,"datatorch_id":"ca4b5b32-6887-4334-a7d6-8ba916f865d4","image_id":13,"category_id":13,"segmentation":[[195.224978601757,252.139133009459,1558.9499109325868,252.139133009459,1558.9499109325868,529.4425315057,195.224978601757,529.4425315057]],"area":378165.56,"bbox":[195.224978601757,252.139133009459,1363.72493233083,277.303398496241],"iscrowd":0,"metadata":{}},
{"id":31,"datatorch_id":"d0f5611f-a391-4632-afb1-56e864e7a110","image_id":12,"category_id":24,"segmentation":[[189.210407173186,1530.16521571623,975.536482361155,1530.16521571623,975.536482361155,1625.1321330094631,189.210407173186,1625.1321330094631]],"area":74674.96,"bbox":[189.210407173186,1530.16521571623,786.326075187969,94.9669172932331],"iscrowd":0,"metadata":{}},
{"id":32,"datatorch_id":"d43767ff-acc3-49e2-b248-01b74eb103ad","image_id":11,"category_id":25,"segmentation":[[163.815550030329,310.016193159835,1569.325925970179,310.016193159835,1569.325925970179,629.105035265098,163.815550030329,629.105035265098]],"area":448482.68,"bbox":[163.815550030329,310.016193159835,1405.51037593985,319.088842105263],"iscrowd":0,"metadata":{}},
{"id":33,"datatorch_id":"d44cf105-3ce0-465b-9d1f-f84a86bd35fe","image_id":3,"category_id":15,"segmentation":[[192.094587624313,901.308358573369,1491.242016195743,901.308358573369,1491.242016195743,1281.1760277463009,192.094587624313,1281.1760277463009]],"area":493504.11,"bbox":[192.094587624313,901.308358573369,1299.14742857143,379.867669172932],"iscrowd":0,"metadata":{}},
{"id":34,"datatorch_id":"dd03733d-54f1-4edf-a3fd-2fd4968f3549","image_id":7,"category_id":13,"segmentation":[[80.1722108399909,46.6851935596253,2289.640889360941,46.6851935596253,2289.640889360941,1615.3123073147653,80.1722108399909,1615.3123073147653]],"area":3465832.48,"bbox":[80.1722108399909,46.6851935596253,2209.46867852095,1568.62711375514],"iscrowd":0,"metadata":{}},
{"id":35,"datatorch_id":"ea7a61cf-0eb8-4e0f-a029-e1d0e83249ca","image_id":9,"category_id":13,"segmentation":[[14.4472906425878,25.2980720178703,1631.9917116952179,25.2980720178703,1631.9917116952179,2246.5738614915504,14.4472906425878,2246.5738614915504]],"area":3593012.26,"bbox":[14.4472906425878,25.2980720178703,1617.54442105263,2221.27578947368],"iscrowd":0,"metadata":{}},
{"id":36,"datatorch_id":"ec50aab7-8f23-4a1e-910e-93858c97f80a","image_id":12,"category_id":24,"segmentation":[[174.015700406268,1230.06975706961,762.810587624313,1230.06975706961,762.810587624313,1290.8485841372792,174.015700406268,1290.8485841372792]],"area":35786.26,"bbox":[174.015700406268,1230.06975706961,588.794887218045,60.7788270676692],"iscrowd":0,"metadata":{}},
{"id":37,"datatorch_id":"f8ec0e02-b805-4c91-b4e9-00a449445a37","image_id":11,"category_id":24,"segmentation":[[190.406286872434,211.250599174872,623.455429729577,211.250599174872,623.455429729577,310.0161931598344,190.406286872434,310.0161931598344]],"area":42770.36,"bbox":[190.406286872434,211.250599174872,433.049142857143,98.7655939849624],"iscrowd":0,"metadata":{}}
]}