{"info": {"year":2023,"version":"0.1.0","description":"","url":"","date_created":1695182429690},"categories": [
  {
    "id": 1,
    "datatorch_id": "efdc34be-7bc8-40e6-a7ac-743c961d5b0e",
    "name": "other",
    "supercategory": null
  },
  {
    "id": 2,
    "datatorch_id": "98245cc4-3f97-4a16-8793-42b1f206b1ae",
    "name": "form",
    "supercategory": null
  },
  {
    "id": 3,
    "datatorch_id": "bac47c6d-1482-4149-b2f4-48ae401b6fce",
    "name": "report_title",
    "supercategory": null
  },
  {
    "id": 4,
    "datatorch_id": "f67b4326-b7f3-4891-a799-9e158f3f29a3",
    "name": "references",
    "supercategory": null
  },
  {
    "id": 5,
    "datatorch_id": "28540ac5-369f-447d-8dc0-6c623bdeded1",
    "name": "appendix_list",
    "supercategory": null
  },
  {
    "id": 6,
    "datatorch_id": "432d43ae-9402-465b-8bfa-08b71e3f6e70",
    "name": "list",
    "supercategory": null
  },
  {
    "id": 7,
    "datatorch_id": "866cde06-4b95-4b78-9e9d-615eb63f3b30",
    "name": "form_body",
    "supercategory": null
  },
  {
    "id": 8,
    "datatorch_id": "5c08d4fb-994f-42f5-8a08-eff81cd89470",
    "name": "form_title",
    "supercategory": null
  },
  {
    "id": 9,
    "datatorch_id": "7b220ed9-4839-4860-913e-e54f2b08ed1e",
    "name": "cross",
    "supercategory": null
  },
  {
    "id": 10,
    "datatorch_id": "bedfd226-54a1-411d-88c2-e513cc41e676",
    "name": "table_caption",
    "supercategory": null
  },
  {
    "id": 11,
    "datatorch_id": "3a69775c-e544-484e-9882-ad16eb2d72de",
    "name": "table",
    "supercategory": null
  },
  {
    "id": 12,
    "datatorch_id": "c5dfcaed-726f-42cd-8d24-72c5d6ed4f33",
    "name": "figure_caption",
    "supercategory": null
  },
  {
    "id": 13,
    "datatorch_id": "3f471323-e8c5-4b39-989f-cf5be1aec0f9",
    "name": "figure",
    "supercategory": null
  },
  {
    "id": 14,
    "datatorch_id": "99fb551f-c3d7-44ee-bfe4-335664818c3a",
    "name": "list_of_tables",
    "supercategory": null
  },
  {
    "id": 15,
    "datatorch_id": "d21d3657-a407-44b4-95f4-2f3d6302b266",
    "name": "list_of_figures",
    "supercategory": null
  },
  {
    "id": 16,
    "datatorch_id": "ee631f60-9883-4932-8f12-c50dd827cff1",
    "name": "table_of_contents",
    "supercategory": null
  },
  {
    "id": 17,
    "datatorch_id": "01396395-4edf-4a64-aee8-3045d83f9f59",
    "name": "subsubsubsubsection",
    "supercategory": null
  },
  {
    "id": 18,
    "datatorch_id": "60279c59-c020-4f1b-8221-132da3381de0",
    "name": "subsubsubsection",
    "supercategory": null
  },
  {
    "id": 19,
    "datatorch_id": "10a9f994-272f-449d-a0df-80b9119bc1d1",
    "name": "subsubsection",
    "supercategory": null
  },
  {
    "id": 20,
    "datatorch_id": "91510100-a731-4362-93ef-527524a170ce",
    "name": "subsubsection",
    "supercategory": null
  },
  {
    "id": 21,
    "datatorch_id": "b70e14c2-0849-4366-92ab-9a9a19a43234",
    "name": "subsection",
    "supercategory": null
  },
  {
    "id": 22,
    "datatorch_id": "553058cd-78a1-4549-bf72-7e47c9a279a7",
    "name": "summary",
    "supercategory": null
  },
  {
    "id": 23,
    "datatorch_id": "7ee54f92-1d68-40d6-9662-ee8721ea0609",
    "name": "abstract",
    "supercategory": null
  },
  {
    "id": 24,
    "datatorch_id": "e5aba03c-0aa5-4e2d-8318-1070c9c8cbbb",
    "name": "section",
    "supercategory": null
  },
  {
    "id": 25,
    "datatorch_id": "39ef7a9d-1162-4ae4-8624-f78005de7a54",
    "name": "paragraph",
    "supercategory": null
  },
  {
    "id": 26,
    "datatorch_id": "303bd345-80a9-4705-bb6e-cbb51b49d623",
    "name": "title",
    "supercategory": null
  }
],"images": [
  {
    "id": 1,
    "datatorch_id": "64751296-8c40-450e-98f6-c14ed2d12f53",
    "storage_id": "379fb094-cabd-4982-968e-525c78f3db91",
    "path": "a072385_musgrave project annual report_2005-06 (e69.1640-2)_10845150-12.jpg",
    "width": 1653,
    "height": 2339,
    "file_name": "a072385_musgrave project annual report_2005-06 (e69.1640-2)_10845150-12.jpg",
    "metadata": {},
    "date_captured": "2023-09-20T03:01:11.673Z"
  },
  {
    "id": 2,
    "datatorch_id": "8a7a2c45-87a5-40e0-b42c-0250eed43d38",
    "storage_id": "379fb094-cabd-4982-968e-525c78f3db91",
    "path": "a072385_musgrave project annual report_2005-06 (e69.1640-2)_10845150-02.jpg",
    "width": 1653,
    "height": 2339,
    "file_name": "a072385_musgrave project annual report_2005-06 (e69.1640-2)_10845150-02.jpg",
    "metadata": {},
    "date_captured": "2023-09-20T03:01:11.720Z"
  },
  {
    "id": 3,
    "datatorch_id": "ee0d8b39-b332-41b6-9c1f-0f39481fc59e",
    "storage_id": "379fb094-cabd-4982-968e-525c78f3db91",
    "path": "a072385_musgrave project annual report_2005-06 (e69.1640-2)_10845150-13.jpg",
    "width": 2339,
    "height": 1653,
    "file_name": "a072385_musgrave project annual report_2005-06 (e69.1640-2)_10845150-13.jpg",
    "metadata": {},
    "date_captured": "2023-09-20T03:01:11.954Z"
  },
  {
    "id": 4,
    "datatorch_id": "86b490ef-e2ab-4a9d-bdaf-08ba91b16ebc",
    "storage_id": "379fb094-cabd-4982-968e-525c78f3db91",
    "path": "a072385_musgrave project annual report_2005-06 (e69.1640-2)_10845150-11.jpg",
    "width": 1653,
    "height": 2339,
    "file_name": "a072385_musgrave project annual report_2005-06 (e69.1640-2)_10845150-11.jpg",
    "metadata": {},
    "date_captured": "2023-09-20T03:01:11.985Z"
  },
  {
    "id": 5,
    "datatorch_id": "b33d9ce5-d54a-4559-a779-56c238d906f8",
    "storage_id": "379fb094-cabd-4982-968e-525c78f3db91",
    "path": "a072385_musgrave project annual report_2005-06 (e69.1640-2)_10845150-03.jpg",
    "width": 1653,
    "height": 2339,
    "file_name": "a072385_musgrave project annual report_2005-06 (e69.1640-2)_10845150-03.jpg",
    "metadata": {},
    "date_captured": "2023-09-20T03:01:12.001Z"
  },
  {
    "id": 6,
    "datatorch_id": "d1747038-5001-4f12-b672-31c1a309a194",
    "storage_id": "379fb094-cabd-4982-968e-525c78f3db91",
    "path": "a072385_musgrave project annual report_2005-06 (e69.1640-2)_10845150-04.jpg",
    "width": 1653,
    "height": 2339,
    "file_name": "a072385_musgrave project annual report_2005-06 (e69.1640-2)_10845150-04.jpg",
    "metadata": {},
    "date_captured": "2023-09-20T03:01:12.345Z"
  },
  {
    "id": 7,
    "datatorch_id": "fb2899f7-982f-45ee-af63-e7c1349cc1ef",
    "storage_id": "379fb094-cabd-4982-968e-525c78f3db91",
    "path": "a072385_musgrave project annual report_2005-06 (e69.1640-2)_10845150-05.jpg",
    "width": 1653,
    "height": 2339,
    "file_name": "a072385_musgrave project annual report_2005-06 (e69.1640-2)_10845150-05.jpg",
    "metadata": {},
    "date_captured": "2023-09-20T03:01:12.345Z"
  },
  {
    "id": 8,
    "datatorch_id": "6717b9ff-4f3a-4de7-9742-5c3b504ab8fc",
    "storage_id": "379fb094-cabd-4982-968e-525c78f3db91",
    "path": "a072385_musgrave project annual report_2005-06 (e69.1640-2)_10845150-01.jpg",
    "width": 1653,
    "height": 2339,
    "file_name": "a072385_musgrave project annual report_2005-06 (e69.1640-2)_10845150-01.jpg",
    "metadata": {},
    "date_captured": "2023-09-20T03:01:11.657Z"
  },
  {
    "id": 9,
    "datatorch_id": "240e7eac-5f94-42e2-b0fc-3cf24c1b8fdf",
    "storage_id": "379fb094-cabd-4982-968e-525c78f3db91",
    "path": "a072385_musgrave project annual report_2005-06 (e69.1640-2)_10845150-06.jpg",
    "width": 1653,
    "height": 2339,
    "file_name": "a072385_musgrave project annual report_2005-06 (e69.1640-2)_10845150-06.jpg",
    "metadata": {},
    "date_captured": "2023-09-20T03:01:12.345Z"
  },
  {
    "id": 10,
    "datatorch_id": "3ccbd92b-dd5b-41b6-a27b-871b034245fc",
    "storage_id": "379fb094-cabd-4982-968e-525c78f3db91",
    "path": "a072385_musgrave project annual report_2005-06 (e69.1640-2)_10845150-10.jpg",
    "width": 1653,
    "height": 2339,
    "file_name": "a072385_musgrave project annual report_2005-06 (e69.1640-2)_10845150-10.jpg",
    "metadata": {},
    "date_captured": "2023-09-20T03:01:12.345Z"
  },
  {
    "id": 11,
    "datatorch_id": "ff9b4408-5c15-44e3-b2c7-daf9e30c1ff3",
    "storage_id": "379fb094-cabd-4982-968e-525c78f3db91",
    "path": "a072385_musgrave project annual report_2005-06 (e69.1640-2)_10845150-07.jpg",
    "width": 1653,
    "height": 2339,
    "file_name": "a072385_musgrave project annual report_2005-06 (e69.1640-2)_10845150-07.jpg",
    "metadata": {},
    "date_captured": "2023-09-20T03:01:12.657Z"
  },
  {
    "id": 12,
    "datatorch_id": "fcbba5e3-8ead-4dd1-83f8-5a68d73638d7",
    "storage_id": "379fb094-cabd-4982-968e-525c78f3db91",
    "path": "a072385_musgrave project annual report_2005-06 (e69.1640-2)_10845150-08.jpg",
    "width": 1653,
    "height": 2339,
    "file_name": "a072385_musgrave project annual report_2005-06 (e69.1640-2)_10845150-08.jpg",
    "metadata": {},
    "date_captured": "2023-09-20T03:01:12.345Z"
  },
  {
    "id": 13,
    "datatorch_id": "109b91b3-c5ed-4b9a-a1d2-ca96d7d40d2a",
    "storage_id": "379fb094-cabd-4982-968e-525c78f3db91",
    "path": "a072385_musgrave project annual report_2005-06 (e69.1640-2)_10845150-09.jpg",
    "width": 1653,
    "height": 2339,
    "file_name": "a072385_musgrave project annual report_2005-06 (e69.1640-2)_10845150-09.jpg",
    "metadata": {},
    "date_captured": "2023-09-20T03:01:12.345Z"
  }
],"annotations": [
{"id":1,"datatorch_id":"015f71db-5244-4eab-8275-48eb5cc38530","image_id":13,"category_id":24,"segmentation":[[132.339292887472,1848.75811947562,515.245903413788,1848.75811947562,515.245903413788,1903.4590638365223,132.339292887472,1903.4590638365223]],"area":20945.35,"bbox":[132.339292887472,1848.75811947562,382.906610526316,54.7009443609022],"iscrowd":0,"metadata":{}},
{"id":2,"datatorch_id":"038db275-2efe-4ec5-9e0a-2f6a25b5bbcc","image_id":7,"category_id":12,"segmentation":[[601.05027183484,2033.06780218239,1167.0530989025092,2033.06780218239,1167.0530989025092,2120.437366092164,601.05027183484,2120.437366092164]],"area":49451.42,"bbox":[601.05027183484,2033.06780218239,566.002827067669,87.3695639097743],"iscrowd":0,"metadata":{}},
{"id":3,"datatorch_id":"03a0dacb-9c5d-4951-ad9e-4aba080fc565","image_id":6,"category_id":24,"segmentation":[[140.671760556644,171.80415556585,539.532813188223,171.80415556585,539.532813188223,238.2809976711132,140.671760556644,238.2809976711132]],"area":26515.02,"bbox":[140.671760556644,171.80415556585,398.861052631579,66.4768421052632],"iscrowd":0,"metadata":{}},
{"id":4,"datatorch_id":"0bc542b0-7d37-4dce-83a4-fda90c859c0d","image_id":7,"category_id":11,"segmentation":[[316.149519955141,266.683140528256,1455.752527473941,266.683140528256,1455.752527473941,623.758749550812,316.149519955141,623.758749550812]],"area":406924.44,"bbox":[316.149519955141,266.683140528256,1139.6030075188,357.075609022556],"iscrowd":0,"metadata":{}},
{"id":5,"datatorch_id":"1d5cf43a-ad5c-46c4-b333-be7db2fd0680","image_id":10,"category_id":24,"segmentation":[[129.627459804765,700.61160669367,1573.124602661905,700.61160669367,1573.124602661905,799.3772006786322,129.627459804765,799.3772006786322]],"area":142567.85,"bbox":[129.627459804765,700.61160669367,1443.49714285714,98.7655939849623],"iscrowd":0,"metadata":{}},
{"id":6,"datatorch_id":"264ea3bf-6f39-4b90-b559-081dfea633c7","image_id":12,"category_id":13,"segmentation":[[198.056399654388,284.72685481397,1611.164128977698,284.72685481397,1611.164128977698,1344.55765180645,198.056399654388,1344.55765180645]],"area":1497655.09,"bbox":[198.056399654388,284.72685481397,1413.10772932331,1059.83079699248],"iscrowd":0,"metadata":{}},
{"id":7,"datatorch_id":"28d68ab6-afcd-4e33-ac31-4843c05c6012","image_id":5,"category_id":14,"segmentation":[[145.279414691983,1531.29074955081,1490.010963564163,1531.29074955081,1490.010963564163,1740.217967595923,145.279414691983,1740.217967595923]],"area":280951.02,"bbox":[145.279414691983,1531.29074955081,1344.73154887218,208.927218045113],"iscrowd":0,"metadata":{}},
{"id":8,"datatorch_id":"35b474c9-8087-4248-a414-04766dbb9e39","image_id":9,"category_id":13,"segmentation":[[216.997023714539,841.197817219985,1557.929895894989,841.197817219985,1557.929895894989,1980.8008247387852,216.997023714539,1980.8008247387852]],"area":1528131.13,"bbox":[216.997023714539,841.197817219985,1340.93287218045,1139.6030075188],"iscrowd":0,"metadata":{}},
{"id":9,"datatorch_id":"3aef0279-9d4e-4edf-8f09-52eabf4c50b5","image_id":11,"category_id":25,"segmentation":[[154.354031233336,141.995095415474,1597.851174090476,141.995095415474,1597.851174090476,1103.0602984229931,154.354031233336,1103.0602984229931]],"area":1387294.87,"bbox":[154.354031233336,141.995095415474,1443.49714285714,961.065203007519],"iscrowd":0,"metadata":{}},
{"id":10,"datatorch_id":"3b898223-800e-443e-b1fa-21bee80bb2b9","image_id":1,"category_id":5,"segmentation":[[623.5961214589,1018.32870443803,1282.0334146919831,1018.32870443803,1282.0334146919831,1312.726148047053,623.5961214589,1312.726148047053]],"area":193842.26,"bbox":[623.5961214589,1018.32870443803,658.437293233083,294.397443609023],"iscrowd":0,"metadata":{}},
{"id":11,"datatorch_id":"3f86610c-4a80-41f4-a13e-0487d92e2419","image_id":10,"category_id":25,"segmentation":[[213.19834702281,799.377200678632,1542.7351891280698,799.377200678632,1542.7351891280698,1202.03693000194,213.19834702281,1202.03693000194]],"area":535350.94,"bbox":[213.19834702281,799.377200678632,1329.53684210526,402.659729323308],"iscrowd":0,"metadata":{}},
{"id":12,"datatorch_id":"442871db-1b9d-4a92-89c8-7a50ea2c207f","image_id":13,"category_id":11,"segmentation":[[196.157061308524,89.2110758666021,1490.746077849874,89.2110758666021,1490.746077849874,636.2205194756241,196.157061308524,636.2205194756241]],"area":708152.42,"bbox":[196.157061308524,89.2110758666021,1294.58901654135,547.009443609022],"iscrowd":0,"metadata":{}},
{"id":13,"datatorch_id":"44dd6f14-e034-4ce0-9ec4-401486788373","image_id":13,"category_id":25,"segmentation":[[218.569253789727,1903.45906383653,1516.4504567972472,1903.45906383653,1516.4504567972472,2053.253548047056,218.569253789727,2053.253548047056]],"area":194415.45,"bbox":[218.569253789727,1903.45906383653,1297.88120300752,149.794484210526],"iscrowd":0,"metadata":{}},
{"id":14,"datatorch_id":"4bcc70d6-ae9c-43fa-a55e-4a3eb420ee15","image_id":10,"category_id":25,"segmentation":[[220.795700406268,1517.32709541547,1576.923279353638,1517.32709541547,1576.923279353638,1931.3828548139659,220.795700406268,1931.3828548139659]],"area":561512.43,"bbox":[220.795700406268,1517.32709541547,1356.12757894737,414.055759398496],"iscrowd":0,"metadata":{}},
{"id":15,"datatorch_id":"4fbed871-76e8-45e4-86a2-753bcd3b85c0","image_id":3,"category_id":11,"segmentation":[[328.728457873681,473.541430995944,2061.2413255811607,473.541430995944,2061.2413255811607,1256.770091636864,328.728457873681,1256.770091636864]],"area":1356953.73,"bbox":[328.728457873681,473.541430995944,1732.51286770748,783.22866064092],"iscrowd":0,"metadata":{}},
{"id":16,"datatorch_id":"544d373e-b9e0-471e-99b2-7adf458f28f7","image_id":7,"category_id":13,"segmentation":[[202.189219203261,1015.02244879893,1634.290331985211,1015.02244879893,1634.290331985211,2033.06780218239,202.189219203261,2033.06780218239]],"area":1457943.88,"bbox":[202.189219203261,1015.02244879893,1432.10111278195,1018.04535338346],"iscrowd":0,"metadata":{}},
{"id":17,"datatorch_id":"57a8be40-0323-4366-abf0-653a32a8ce84","image_id":9,"category_id":12,"segmentation":[[498.099098902509,1980.80082473878,1341.405324466419,1980.80082473878,1341.405324466419,2064.3717119568255,498.099098902509,2064.3717119568255]],"area":70475.85,"bbox":[498.099098902509,1980.80082473878,843.30622556391,83.5708872180453],"iscrowd":0,"metadata":{}},
{"id":18,"datatorch_id":"59f331cb-5d3e-46d2-b50c-52be7d1382cc","image_id":12,"category_id":11,"segmentation":[[236.043166571682,1485.10868940044,1527.5932417596518,1485.10868940044,1527.5932417596518,2168.8704939117188,236.043166571682,2168.8704939117188]],"area":883112.61,"bbox":[236.043166571682,1485.10868940044,1291.55007518797,683.761804511279],"iscrowd":0,"metadata":{}},
{"id":19,"datatorch_id":"5d309a36-650e-4273-8a75-4e5dc3e9c029","image_id":12,"category_id":10,"segmentation":[[129.680219203261,1420.53118564104,585.52142221078,1420.53118564104,585.52142221078,1485.1086894004386,129.680219203261,1485.1086894004386]],"area":29437.09,"bbox":[129.680219203261,1420.53118564104,455.841203007519,64.5775037593985],"iscrowd":0,"metadata":{}},
{"id":20,"datatorch_id":"63148c5b-9b2b-435c-ac19-7e94e4fe4920","image_id":4,"category_id":4,"segmentation":[[101.137384616795,161.586418723745,1601.614677849875,161.586418723745,1601.614677849875,997.295290904196,101.137384616795,997.295290904196]],"area":1253962.19,"bbox":[101.137384616795,161.586418723745,1500.47729323308,835.708872180451],"iscrowd":0,"metadata":{}},
{"id":21,"datatorch_id":"72fb9542-dcdb-4381-8652-7fce337cd71e","image_id":7,"category_id":10,"segmentation":[[688.419835744614,209.702990152316,1075.884858301005,209.702990152316,1075.884858301005,266.6831405282558,688.419835744614,266.6831405282558]],"area":22077.82,"bbox":[688.419835744614,209.702990152316,387.465022556391,56.9801503759398],"iscrowd":0,"metadata":{}},
{"id":22,"datatorch_id":"73bcd39c-31ba-482a-9780-f500a8942912","image_id":10,"category_id":25,"segmentation":[[209.39967033108,130.810102934271,1573.1246026619099,130.810102934271,1573.1246026619099,700.6116066936689,209.39967033108,700.6116066936689]],"area":777052.52,"bbox":[209.39967033108,130.810102934271,1363.72493233083,569.801503759398],"iscrowd":0,"metadata":{}},
{"id":23,"datatorch_id":"73ed6efa-905e-4bd3-954a-2505c8668f56","image_id":9,"category_id":25,"segmentation":[[216.997023714539,278.993666844046,1595.916662812279,278.993666844046,1595.916662812279,841.1978172199861,216.997023714539,841.1978172199861]],"area":775234.34,"bbox":[216.997023714539,278.993666844046,1378.91963909774,562.20415037594],"iscrowd":0,"metadata":{}},
{"id":24,"datatorch_id":"81f6a077-c81a-4c15-b395-64162cd5e8c3","image_id":11,"category_id":25,"segmentation":[[197.651910932584,1180.6517871448,1596.831159052884,1180.6517871448,1596.831159052884,2162.328328498183,197.651910932584,2162.328328498183]],"area":1373541.45,"bbox":[197.651910932584,1180.6517871448,1399.1792481203,981.676541353383],"iscrowd":0,"metadata":{}},
{"id":25,"datatorch_id":"85bac179-8b2b-4762-bf98-993a00b88954","image_id":8,"category_id":1,"segmentation":[[408.777437248374,157.295320979384,1326.79097108296,157.295320979384,1326.79097108296,505.50735105457204,408.777437248374,505.50735105457204]],"area":319663.36,"bbox":[408.777437248374,157.295320979384,918.013533834586,348.212030075188],"iscrowd":0,"metadata":{}},
{"id":26,"datatorch_id":"8a32238c-e5d2-4150-89e6-e127ad324819","image_id":8,"category_id":1,"segmentation":[[104.883301910028,1911.01772699442,690.5126252182989,1911.01772699442,690.5126252182989,2100.951561580886,104.883301910028,2100.951561580886]],"area":111230.82,"bbox":[104.883301910028,1911.01772699442,585.629323308271,189.933834586466],"iscrowd":0,"metadata":{}},
{"id":27,"datatorch_id":"8d09aa77-c763-462a-8273-594954d53d1e","image_id":5,"category_id":5,"segmentation":[[145.279414691983,1740.21796759593,764.463715443863,1740.21796759593,764.463715443863,1907.35974203202,145.279414691983,1907.35974203202]],"area":103491.56,"bbox":[145.279414691983,1740.21796759593,619.18430075188,167.14177443609],"iscrowd":0,"metadata":{}},
{"id":28,"datatorch_id":"9a7e023c-be1d-4dc0-b25e-3da9790cb412","image_id":2,"category_id":22,"segmentation":[[77.7122116844638,127.292809701188,1619.9749485265638,127.292809701188,1619.9749485265638,685.6982833853981,77.7122116844638,685.6982833853981]],"area":861207.95,"bbox":[77.7122116844638,127.292809701188,1542.2627368421,558.40547368421],"iscrowd":0,"metadata":{}},
{"id":29,"datatorch_id":"a856314e-eec0-49c7-ad0a-723b944559b5","image_id":13,"category_id":24,"segmentation":[[146.014528977697,2058.44507285908,1317.526420707017,2058.44507285908,1317.526420707017,2104.0291931598317,146.014528977697,2104.0291931598317]],"area":53402.34,"bbox":[146.014528977697,2058.44507285908,1171.51189172932,45.5841203007517],"iscrowd":0,"metadata":{}},
{"id":30,"datatorch_id":"b3442259-f6e1-46ad-ba80-8864319be735","image_id":12,"category_id":25,"segmentation":[[186.660369579201,121.383757069609,1565.580008676941,121.383757069609,1565.580008676941,284.72685481397,186.660369579201,284.72685481397]],"area":225237.01,"bbox":[186.660369579201,121.383757069609,1378.91963909774,163.343097744361],"iscrowd":0,"metadata":{}},
{"id":31,"datatorch_id":"b4312961-7013-4184-88dd-d2fdf9e13cda","image_id":13,"category_id":25,"segmentation":[[193.244742511532,727.388760077128,1630.4107575491219,727.388760077128,1630.4107575491219,1837.9952021823879,193.244742511532,1837.9952021823879]],"area":1596125.83,"bbox":[193.244742511532,727.388760077128,1437.16601503759,1110.60644210526],"iscrowd":0,"metadata":{}},
{"id":32,"datatorch_id":"bd873f0d-dab5-4934-b252-00ff29bb4155","image_id":10,"category_id":25,"segmentation":[[209.39967033108,1266.61443376134,1542.73518912807,1266.61443376134,1542.73518912807,1422.360178122242,209.39967033108,1422.360178122242]],"area":207661.33,"bbox":[209.39967033108,1266.61443376134,1333.33551879699,155.745744360902],"iscrowd":0,"metadata":{}},
{"id":33,"datatorch_id":"bf96bfdc-6f1f-4662-8f71-02f9cb485c4f","image_id":10,"category_id":24,"segmentation":[[137.224813188223,1452.74959165608,585.468662812283,1452.74959165608,585.468662812283,1517.3270954154784,137.224813188223,1517.3270954154784]],"area":28946.47,"bbox":[137.224813188223,1452.74959165608,448.24384962406,64.5775037593985],"iscrowd":0,"metadata":{}},
{"id":34,"datatorch_id":"c0168400-94a2-4518-847f-3b7700293402","image_id":6,"category_id":25,"segmentation":[[222.97642221078,238.280997671113,1606.32785078221,238.280997671113,1606.32785078221,1764.082802182393,222.97642221078,1764.082802182393]],"area":2110720.11,"bbox":[222.97642221078,238.280997671113,1383.35142857143,1525.80180451128],"iscrowd":0,"metadata":{}},
{"id":35,"datatorch_id":"c738f071-cb8b-4379-aa3f-e9fa1cde9f83","image_id":5,"category_id":15,"segmentation":[[130.084707925066,1170.41646383653,1550.789790631836,1170.41646383653,1550.789790631836,1504.700012708711,130.084707925066,1504.700012708711]],"area":474918.34,"bbox":[130.084707925066,1170.41646383653,1420.70508270677,334.283548872181],"iscrowd":0,"metadata":{}},
{"id":36,"datatorch_id":"d2acc9cc-418f-429a-b326-1cd657327ffc","image_id":11,"category_id":24,"segmentation":[[121.942174090479,1123.4957721072,614.363226722058,1123.4957721072,614.363226722058,1180.651787144794,121.942174090479,1180.651787144794]],"area":28144.83,"bbox":[121.942174090479,1123.4957721072,492.421052631579,57.156015037594],"iscrowd":0,"metadata":{}},
{"id":37,"datatorch_id":"d701bedf-9a77-4164-a730-63b50330b879","image_id":10,"category_id":24,"segmentation":[[125.828783113035,1202.03693000194,509.495128977697,1202.03693000194,509.495128977697,1266.6144337613387,125.828783113035,1266.6144337613387]],"area":24776.21,"bbox":[125.828783113035,1202.03693000194,383.666345864662,64.5775037593987],"iscrowd":0,"metadata":{}},
{"id":38,"datatorch_id":"e1577f0f-d10e-45fb-a0af-d78505b7a997","image_id":6,"category_id":24,"segmentation":[[128.009504917547,1786.24174955081,846.592512436344,1786.24174955081,846.592512436344,1868.5464112049453,128.009504917547,1868.5464112049453]],"area":59142.73,"bbox":[128.009504917547,1786.24174955081,718.583007518797,82.3046616541353],"iscrowd":0,"metadata":{}},
{"id":39,"datatorch_id":"e58c3384-7d5d-4de7-a993-d4b988822a51","image_id":12,"category_id":12,"segmentation":[[129.680219203261,1333.16162173126,771.656580105517,1333.16162173126,771.656580105517,1420.5311856410344,129.680219203261,1420.5311856410344]],"area":56089.19,"bbox":[129.680219203261,1333.16162173126,641.976360902256,87.3695639097743],"iscrowd":0,"metadata":{}},
{"id":40,"datatorch_id":"e604fd3b-4e51-4a34-8dab-72ea45dab053","image_id":6,"category_id":25,"segmentation":[[210.314166571682,1868.54641120495,1615.824542511532,1868.54641120495,1615.824542511532,2048.983554062093,210.314166571682,2048.983554062093]],"area":253606.28,"bbox":[210.314166571682,1868.54641120495,1405.51037593985,180.437142857143],"iscrowd":0,"metadata":{}},
{"id":41,"datatorch_id":"eedd7c04-0df0-4188-91fd-1d4b287b453f","image_id":8,"category_id":3,"segmentation":[[899.439843263411,632.129907445549,1624.353978601757,632.129907445549,1624.353978601757,2126.2760728590792,899.439843263411,2126.2760728590792]],"area":1083127.68,"bbox":[899.439843263411,632.129907445549,724.914135338346,1494.14616541353],"iscrowd":0,"metadata":{}},
{"id":42,"datatorch_id":"ef46036e-dd58-43c9-920b-e1a137a4f5cd","image_id":9,"category_id":24,"segmentation":[[133.426136496494,218.214839776376,615.858076346118,218.214839776376,615.858076346118,278.9936668440452,133.426136496494,278.9936668440452]],"area":29321.65,"bbox":[133.426136496494,218.214839776376,482.431939849624,60.7788270676692],"iscrowd":0,"metadata":{}},
{"id":43,"datatorch_id":"f1fcf352-9e02-4937-9f94-437e3317addb","image_id":13,"category_id":24,"segmentation":[[123.222468827321,645.337343535775,715.816032737095,645.337343535775,715.816032737095,727.3887600771283,123.222468827321,727.3887600771283]],"area":48623.14,"bbox":[123.222468827321,645.337343535775,592.593563909774,82.0514165413533],"iscrowd":0,"metadata":{}},
{"id":44,"datatorch_id":"f22c8f8a-34a8-440d-a435-b7221e1b3e02","image_id":5,"category_id":16,"segmentation":[[130.084707925066,159.968463836527,1603.971264316046,159.968463836527,1603.971264316046,1170.4164638365269,130.084707925066,1170.4164638365269]],"area":1489285.72,"bbox":[130.084707925066,159.968463836527,1473.88655639098,1010.448],"iscrowd":0,"metadata":{}}
]}