{"info": {"year":2023,"version":"0.1.0","description":"","url":"","date_created":1695181265824},"categories": [
  {
    "id": 1,
    "datatorch_id": "efdc34be-7bc8-40e6-a7ac-743c961d5b0e",
    "name": "other",
    "supercategory": null
  },
  {
    "id": 2,
    "datatorch_id": "98245cc4-3f97-4a16-8793-42b1f206b1ae",
    "name": "form",
    "supercategory": null
  },
  {
    "id": 3,
    "datatorch_id": "bac47c6d-1482-4149-b2f4-48ae401b6fce",
    "name": "report_title",
    "supercategory": null
  },
  {
    "id": 4,
    "datatorch_id": "f67b4326-b7f3-4891-a799-9e158f3f29a3",
    "name": "references",
    "supercategory": null
  },
  {
    "id": 5,
    "datatorch_id": "28540ac5-369f-447d-8dc0-6c623bdeded1",
    "name": "appendix_list",
    "supercategory": null
  },
  {
    "id": 6,
    "datatorch_id": "432d43ae-9402-465b-8bfa-08b71e3f6e70",
    "name": "list",
    "supercategory": null
  },
  {
    "id": 7,
    "datatorch_id": "866cde06-4b95-4b78-9e9d-615eb63f3b30",
    "name": "form_body",
    "supercategory": null
  },
  {
    "id": 8,
    "datatorch_id": "5c08d4fb-994f-42f5-8a08-eff81cd89470",
    "name": "form_title",
    "supercategory": null
  },
  {
    "id": 9,
    "datatorch_id": "7b220ed9-4839-4860-913e-e54f2b08ed1e",
    "name": "cross",
    "supercategory": null
  },
  {
    "id": 10,
    "datatorch_id": "bedfd226-54a1-411d-88c2-e513cc41e676",
    "name": "table_caption",
    "supercategory": null
  },
  {
    "id": 11,
    "datatorch_id": "3a69775c-e544-484e-9882-ad16eb2d72de",
    "name": "table",
    "supercategory": null
  },
  {
    "id": 12,
    "datatorch_id": "c5dfcaed-726f-42cd-8d24-72c5d6ed4f33",
    "name": "figure_caption",
    "supercategory": null
  },
  {
    "id": 13,
    "datatorch_id": "3f471323-e8c5-4b39-989f-cf5be1aec0f9",
    "name": "figure",
    "supercategory": null
  },
  {
    "id": 14,
    "datatorch_id": "99fb551f-c3d7-44ee-bfe4-335664818c3a",
    "name": "list_of_tables",
    "supercategory": null
  },
  {
    "id": 15,
    "datatorch_id": "d21d3657-a407-44b4-95f4-2f3d6302b266",
    "name": "list_of_figures",
    "supercategory": null
  },
  {
    "id": 16,
    "datatorch_id": "ee631f60-9883-4932-8f12-c50dd827cff1",
    "name": "table_of_contents",
    "supercategory": null
  },
  {
    "id": 17,
    "datatorch_id": "01396395-4edf-4a64-aee8-3045d83f9f59",
    "name": "subsubsubsubsection",
    "supercategory": null
  },
  {
    "id": 18,
    "datatorch_id": "60279c59-c020-4f1b-8221-132da3381de0",
    "name": "subsubsubsection",
    "supercategory": null
  },
  {
    "id": 19,
    "datatorch_id": "10a9f994-272f-449d-a0df-80b9119bc1d1",
    "name": "subsubsection",
    "supercategory": null
  },
  {
    "id": 20,
    "datatorch_id": "91510100-a731-4362-93ef-527524a170ce",
    "name": "subsubsection",
    "supercategory": null
  },
  {
    "id": 21,
    "datatorch_id": "b70e14c2-0849-4366-92ab-9a9a19a43234",
    "name": "subsection",
    "supercategory": null
  },
  {
    "id": 22,
    "datatorch_id": "553058cd-78a1-4549-bf72-7e47c9a279a7",
    "name": "summary",
    "supercategory": null
  },
  {
    "id": 23,
    "datatorch_id": "7ee54f92-1d68-40d6-9662-ee8721ea0609",
    "name": "abstract",
    "supercategory": null
  },
  {
    "id": 24,
    "datatorch_id": "e5aba03c-0aa5-4e2d-8318-1070c9c8cbbb",
    "name": "section",
    "supercategory": null
  },
  {
    "id": 25,
    "datatorch_id": "39ef7a9d-1162-4ae4-8624-f78005de7a54",
    "name": "paragraph",
    "supercategory": null
  },
  {
    "id": 26,
    "datatorch_id": "303bd345-80a9-4705-bb6e-cbb51b49d623",
    "name": "title",
    "supercategory": null
  }
],"images": [
  {
    "id": 1,
    "datatorch_id": "f0b482ba-134b-4c28-8b18-d061b9fcabf1",
    "storage_id": "379fb094-cabd-4982-968e-525c78f3db91",
    "path": "a072180_e31_564_2005a_9936201-20.jpg",
    "width": 1653,
    "height": 2339,
    "file_name": "a072180_e31_564_2005a_9936201-20.jpg",
    "metadata": {},
    "date_captured": "2023-09-16T04:29:36.546Z"
  },
  {
    "id": 2,
    "datatorch_id": "3918446e-b8b5-4297-b5ce-3588b0402ca6",
    "storage_id": "379fb094-cabd-4982-968e-525c78f3db91",
    "path": "a072180_e31_564_2005a_9936201-07.jpg",
    "width": 1653,
    "height": 2339,
    "file_name": "a072180_e31_564_2005a_9936201-07.jpg",
    "metadata": {},
    "date_captured": "2023-09-16T04:29:37.140Z"
  },
  {
    "id": 3,
    "datatorch_id": "44da95e8-69c3-48b4-94ae-1add0d4acb38",
    "storage_id": "379fb094-cabd-4982-968e-525c78f3db91",
    "path": "a072180_e31_564_2005a_9936201-15.jpg",
    "width": 1653,
    "height": 2339,
    "file_name": "a072180_e31_564_2005a_9936201-15.jpg",
    "metadata": {},
    "date_captured": "2023-09-16T04:29:37.296Z"
  },
  {
    "id": 4,
    "datatorch_id": "a2d4d2e5-570f-4792-928d-8f271e9f302f",
    "storage_id": "379fb094-cabd-4982-968e-525c78f3db91",
    "path": "a072180_e31_564_2005a_9936201-18.jpg",
    "width": 1653,
    "height": 2339,
    "file_name": "a072180_e31_564_2005a_9936201-18.jpg",
    "metadata": {},
    "date_captured": "2023-09-16T04:29:37.468Z"
  },
  {
    "id": 5,
    "datatorch_id": "56fa1b3f-5f81-4ec8-91b5-0dc32de70dab",
    "storage_id": "379fb094-cabd-4982-968e-525c78f3db91",
    "path": "a072180_e31_564_2005a_9936201-14.jpg",
    "width": 1653,
    "height": 2339,
    "file_name": "a072180_e31_564_2005a_9936201-14.jpg",
    "metadata": {},
    "date_captured": "2023-09-16T04:29:37.562Z"
  },
  {
    "id": 6,
    "datatorch_id": "358904a9-212c-41cd-bed7-31d1fa3cd49b",
    "storage_id": "379fb094-cabd-4982-968e-525c78f3db91",
    "path": "a072180_e31_564_2005a_9936201-19.jpg",
    "width": 1653,
    "height": 2339,
    "file_name": "a072180_e31_564_2005a_9936201-19.jpg",
    "metadata": {},
    "date_captured": "2023-09-16T04:29:36.921Z"
  },
  {
    "id": 7,
    "datatorch_id": "a6da496d-5a1b-4b66-b0bc-081aa7dd58e1",
    "storage_id": "379fb094-cabd-4982-968e-525c78f3db91",
    "path": "a072180_e31_564_2005a_9936201-01.jpg",
    "width": 1653,
    "height": 2339,
    "file_name": "a072180_e31_564_2005a_9936201-01.jpg",
    "metadata": {},
    "date_captured": "2023-09-16T04:29:37.124Z"
  },
  {
    "id": 8,
    "datatorch_id": "cf21bd30-8a53-4b24-9fdc-29d0b207af04",
    "storage_id": "379fb094-cabd-4982-968e-525c78f3db91",
    "path": "a072180_e31_564_2005a_9936201-16.jpg",
    "width": 1653,
    "height": 2339,
    "file_name": "a072180_e31_564_2005a_9936201-16.jpg",
    "metadata": {},
    "date_captured": "2023-09-16T04:29:37.155Z"
  },
  {
    "id": 9,
    "datatorch_id": "044d2da1-5d26-4de7-83fb-904a00fcd823",
    "storage_id": "379fb094-cabd-4982-968e-525c78f3db91",
    "path": "a072180_e31_564_2005a_9936201-12.jpg",
    "width": 1653,
    "height": 2339,
    "file_name": "a072180_e31_564_2005a_9936201-12.jpg",
    "metadata": {},
    "date_captured": "2023-09-16T04:29:37.499Z"
  },
  {
    "id": 10,
    "datatorch_id": "49240005-31ad-4928-a5a6-86d351c51f5b",
    "storage_id": "379fb094-cabd-4982-968e-525c78f3db91",
    "path": "a072180_e31_564_2005a_9936201-11.jpg",
    "width": 1653,
    "height": 2339,
    "file_name": "a072180_e31_564_2005a_9936201-11.jpg",
    "metadata": {},
    "date_captured": "2023-09-16T04:29:37.530Z"
  },
  {
    "id": 11,
    "datatorch_id": "1aa8e69a-1f1a-4d1a-b023-3e0466905fca",
    "storage_id": "379fb094-cabd-4982-968e-525c78f3db91",
    "path": "a072180_e31_564_2005a_9936201-10.jpg",
    "width": 1653,
    "height": 2339,
    "file_name": "a072180_e31_564_2005a_9936201-10.jpg",
    "metadata": {},
    "date_captured": "2023-09-16T04:29:37.577Z"
  },
  {
    "id": 12,
    "datatorch_id": "a24e7cee-5915-440c-a916-d39d5ca7dd04",
    "storage_id": "379fb094-cabd-4982-968e-525c78f3db91",
    "path": "a072180_e31_564_2005a_9936201-04.jpg",
    "width": 1653,
    "height": 2339,
    "file_name": "a072180_e31_564_2005a_9936201-04.jpg",
    "metadata": {},
    "date_captured": "2023-09-16T04:29:37.390Z"
  },
  {
    "id": 13,
    "datatorch_id": "dba19611-add2-47f6-9436-12393c7d3d3d",
    "storage_id": "379fb094-cabd-4982-968e-525c78f3db91",
    "path": "a072180_e31_564_2005a_9936201-02.jpg",
    "width": 1653,
    "height": 2339,
    "file_name": "a072180_e31_564_2005a_9936201-02.jpg",
    "metadata": {},
    "date_captured": "2023-09-16T04:29:37.405Z"
  },
  {
    "id": 14,
    "datatorch_id": "def4ba49-ea6d-4a1d-8a6c-d728ba712ec5",
    "storage_id": "379fb094-cabd-4982-968e-525c78f3db91",
    "path": "a072180_e31_564_2005a_9936201-17.jpg",
    "width": 1653,
    "height": 2339,
    "file_name": "a072180_e31_564_2005a_9936201-17.jpg",
    "metadata": {},
    "date_captured": "2023-09-16T04:29:37.452Z"
  },
  {
    "id": 15,
    "datatorch_id": "d55b4742-8447-4714-a5cd-1d67b7fd5dd3",
    "storage_id": "379fb094-cabd-4982-968e-525c78f3db91",
    "path": "a072180_e31_564_2005a_9936201-08.jpg",
    "width": 1653,
    "height": 2339,
    "file_name": "a072180_e31_564_2005a_9936201-08.jpg",
    "metadata": {},
    "date_captured": "2023-09-16T04:29:37.515Z"
  },
  {
    "id": 16,
    "datatorch_id": "bc456d55-8827-4895-bd97-634c60e17f5a",
    "storage_id": "379fb094-cabd-4982-968e-525c78f3db91",
    "path": "a072180_e31_564_2005a_9936201-06.jpg",
    "width": 1653,
    "height": 2339,
    "file_name": "a072180_e31_564_2005a_9936201-06.jpg",
    "metadata": {},
    "date_captured": "2023-09-16T04:29:37.405Z"
  },
  {
    "id": 17,
    "datatorch_id": "b06cb858-3a58-49c1-8ab0-1414757ab908",
    "storage_id": "379fb094-cabd-4982-968e-525c78f3db91",
    "path": "a072180_e31_564_2005a_9936201-03.jpg",
    "width": 1653,
    "height": 2339,
    "file_name": "a072180_e31_564_2005a_9936201-03.jpg",
    "metadata": {},
    "date_captured": "2023-09-16T04:29:37.562Z"
  },
  {
    "id": 18,
    "datatorch_id": "cf6419d6-cf5f-4ebe-9064-c8b135b229a1",
    "storage_id": "379fb094-cabd-4982-968e-525c78f3db91",
    "path": "a072180_e31_564_2005a_9936201-13.jpg",
    "width": 1653,
    "height": 2339,
    "file_name": "a072180_e31_564_2005a_9936201-13.jpg",
    "metadata": {},
    "date_captured": "2023-09-16T04:29:37.609Z"
  },
  {
    "id": 19,
    "datatorch_id": "843541fe-8970-49c2-9205-0430750d5cde",
    "storage_id": "379fb094-cabd-4982-968e-525c78f3db91",
    "path": "a072180_e31_564_2005a_9936201-09.jpg",
    "width": 1653,
    "height": 2339,
    "file_name": "a072180_e31_564_2005a_9936201-09.jpg",
    "metadata": {},
    "date_captured": "2023-09-16T04:29:37.687Z"
  },
  {
    "id": 20,
    "datatorch_id": "e325eed8-b770-4d59-a9ed-ce068aa7a143",
    "storage_id": "379fb094-cabd-4982-968e-525c78f3db91",
    "path": "a072180_e31_564_2005a_9936201-05.jpg",
    "width": 1653,
    "height": 2339,
    "file_name": "a072180_e31_564_2005a_9936201-05.jpg",
    "metadata": {},
    "date_captured": "2023-09-16T04:29:37.734Z"
  }
],"annotations": [
{"id":1,"datatorch_id":"022a937b-dec0-45ce-9db8-b1819e54ded4","image_id":5,"category_id":24,"segmentation":[[211.228662812284,827.410027746301,638.579790631833,827.410027746301,638.579790631833,877.5314563177296,211.228662812284,877.5314563177296]],"area":21419.45,"bbox":[211.228662812284,827.410027746301,427.351127819549,50.1214285714286],"iscrowd":0,"metadata":{}},
{"id":2,"datatorch_id":"17829faa-a716-49ac-9fa8-40a0ec32c3de","image_id":2,"category_id":25,"segmentation":[[183.002384616795,213.466493911715,1577.116730481455,213.466493911715,1577.116730481455,532.555336016978,183.002384616795,532.555336016978]],"area":444846.33,"bbox":[183.002384616795,213.466493911715,1394.11434586466,319.088842105263],"iscrowd":0,"metadata":{}},
{"id":3,"datatorch_id":"2083a9b9-349c-498c-8c07-f3c3b52bd299","image_id":15,"category_id":25,"segmentation":[[210.841760556644,321.412223235023,1574.566692887474,321.412223235023,1574.566692887474,1343.256253310213,210.841760556644,1343.256253310213]],"area":1393514.18,"bbox":[210.841760556644,321.412223235023,1363.72493233083,1021.84403007519],"iscrowd":0,"metadata":{}},
{"id":4,"datatorch_id":"21d9cd2d-72c2-4bef-9802-0da3cd33cde7","image_id":3,"category_id":25,"segmentation":[[210.278993639351,186.295403686151,1560.040271834841,186.295403686151,1560.040271834841,779.838636768858,210.278993639351,779.838636768858]],"area":801141.67,"bbox":[210.278993639351,186.295403686151,1349.76127819549,593.543233082707],"iscrowd":0,"metadata":{}},
{"id":5,"datatorch_id":"223a4d00-48d7-4fe6-9d07-588960d9fc0b","image_id":5,"category_id":25,"segmentation":[[194.873249278449,217.722418723745,1607.980978601759,217.722418723745,1607.980978601759,791.3225991748731,194.873249278449,791.3225991748731]],"area":810558.85,"bbox":[194.873249278449,217.722418723745,1413.10772932331,573.600180451128],"iscrowd":0,"metadata":{}},
{"id":6,"datatorch_id":"26a136ba-3d47-48ce-99cc-54b7b2c19cf9","image_id":11,"category_id":25,"segmentation":[[212.76571995514,159.634320979384,1606.8800658198,159.634320979384,1606.8800658198,1200.471734513214,212.76571995514,1200.471734513214]],"area":1451046.37,"bbox":[212.76571995514,159.634320979384,1394.11434586466,1040.83741353383],"iscrowd":0,"metadata":{}},
{"id":7,"datatorch_id":"289fbfe1-3992-41ba-b7e3-cb094a247de6","image_id":12,"category_id":10,"segmentation":[[222.304619203261,1153.9133239869,1083.844492887471,1153.9133239869,1083.844492887471,1213.1726803778772,222.304619203261,1213.1726803778772]],"area":51054.3,"bbox":[222.304619203261,1153.9133239869,861.53987368421,59.2593563909772],"iscrowd":0,"metadata":{}},
{"id":8,"datatorch_id":"2f075e3a-0959-491e-b767-363a5c8c1c24","image_id":11,"category_id":25,"segmentation":[[200.609954541607,1349.37986082901,1527.107855293487,1349.37986082901,1527.107855293487,1577.300462332769,200.609954541607,1577.300462332769]],"area":302336.2,"bbox":[200.609954541607,1349.37986082901,1326.49790075188,227.920601503759],"iscrowd":0,"metadata":{}},
{"id":9,"datatorch_id":"333d306f-4cea-485d-bb74-b71ec91a7203","image_id":3,"category_id":21,"segmentation":[[187.592452285968,84.7687345132184,544.668061308524,84.7687345132184,544.668061308524,156.9435916560755,187.592452285968,156.9435916560755]],"area":25771.88,"bbox":[187.592452285968,84.7687345132184,357.075609022556,72.1748571428571],"iscrowd":0,"metadata":{}},
{"id":10,"datatorch_id":"38616c37-f156-4b33-92d6-a56d18298f56","image_id":2,"category_id":10,"segmentation":[[209.5931214589,532.555336016978,916.146986120554,532.555336016978,916.146986120554,600.9315164681058,209.5931214589,600.9315164681058]],"area":48311.45,"bbox":[209.5931214589,532.555336016978,706.553864661654,68.3761804511278],"iscrowd":0,"metadata":{}},
{"id":11,"datatorch_id":"3bca08fc-8c65-429e-af1e-c5584f640326","image_id":16,"category_id":13,"segmentation":[[26.2014522859676,59.2155991748727,1621.6456628122876,59.2155991748727,1621.6456628122876,2243.454696919233,26.2014522859676,2243.454696919233]],"area":3484831.62,"bbox":[26.2014522859676,59.2155991748727,1595.44421052632,2184.23909774436],"iscrowd":0,"metadata":{}},
{"id":12,"datatorch_id":"3c4db2e7-c2a5-4920-b22a-915e27619de4","image_id":13,"category_id":15,"segmentation":[[203.367512436343,1082.48413300946,1589.8845049175432,1082.48413300946,1589.8845049175432,1515.5332758666032,203.367512436343,1515.5332758666032]],"area":600430,"bbox":[203.367512436343,1082.48413300946,1386.5169924812,433.049142857143],"iscrowd":0,"metadata":{}},
{"id":13,"datatorch_id":"41b40980-b225-47d5-bccc-9c4875b33f68","image_id":11,"category_id":25,"segmentation":[[196.051542511531,1732.28647135532,1549.8999154438611,1732.28647135532,1549.8999154438611,2124.309905941786,196.051542511531,2124.309905941786]],"area":530740.29,"bbox":[196.051542511531,1732.28647135532,1353.84837293233,392.023434586466],"iscrowd":0,"metadata":{}},
{"id":14,"datatorch_id":"463b264e-88f6-4c98-816a-5344e675cb64","image_id":15,"category_id":21,"segmentation":[[207.043083864915,211.250599174872,586.9107530378469,211.250599174872,586.9107530378469,275.82810293427053,207.043083864915,275.82810293427053]],"area":24530.91,"bbox":[207.043083864915,211.250599174872,379.867669172932,64.5775037593985],"iscrowd":0,"metadata":{}},
{"id":15,"datatorch_id":"4b16af1c-42ff-4781-9282-a3b479d3c7f5","image_id":13,"category_id":14,"segmentation":[[190.705256797246,1594.67237361096,1558.228865819806,1594.67237361096,1558.228865819806,1876.407561580885,190.705256797246,1876.407561580885]],"area":385279.52,"bbox":[190.705256797246,1594.67237361096,1367.52360902256,281.735187969925],"iscrowd":0,"metadata":{}},
{"id":16,"datatorch_id":"4d9f4a80-6206-46b3-a15a-8b588d4dda2f","image_id":18,"category_id":25,"segmentation":[[209.030354541607,265.346569099685,1599.768098902507,265.346569099685,1599.768098902507,2098.419110453065,209.030354541607,2098.419110453065]],"area":2549323.17,"bbox":[209.030354541607,265.346569099685,1390.7377443609,1833.07254135338],"iscrowd":0,"metadata":{}},
{"id":17,"datatorch_id":"501b18ac-5ee8-4c23-a879-c438f707e392","image_id":6,"category_id":4,"segmentation":[[175.951618601757,73.9776788741203,1538.005133188227,73.9776788741203,1538.005133188227,631.9273113553234,175.951618601757,631.9273113553234]],"area":759957.26,"bbox":[175.951618601757,73.9776788741203,1362.05351458647,557.949632481203],"iscrowd":0,"metadata":{}},
{"id":18,"datatorch_id":"54a80e4b-858b-4f07-8e5a-1cc867b2ae46","image_id":7,"category_id":3,"segmentation":[[76.657023714539,483.875997671113,1561.3064973987491,483.875997671113,1561.3064973987491,2129.969230753823,76.657023714539,2129.969230753823]],"area":2443871.45,"bbox":[76.657023714539,483.875997671113,1484.64947368421,1646.09323308271],"iscrowd":0,"metadata":{}},
{"id":19,"datatorch_id":"5a8a2de2-4c55-49fb-935c-3b1fb7e63712","image_id":13,"category_id":16,"segmentation":[[167.280083864915,117.620253310211,1587.985166571685,117.620253310211,1587.985166571685,1082.484133009459,167.280083864915,1082.484133009459]],"area":1370787.02,"bbox":[167.280083864915,117.620253310211,1420.70508270677,964.863879699248],"iscrowd":0,"metadata":{}},
{"id":20,"datatorch_id":"5a9fb14a-5259-409f-a297-3abb1d39238a","image_id":14,"category_id":13,"segmentation":[[47.006241759652,59.7256066936695,1623.457068827322,59.7256066936695,1623.457068827322,2251.5620578214894,47.006241759652,2251.5620578214894]],"area":3455322.39,"bbox":[47.006241759652,59.7256066936695,1576.45082706767,2191.83645112782],"iscrowd":0,"metadata":{}},
{"id":21,"datatorch_id":"5fbf3388-bec0-430f-9690-76bd21f59323","image_id":1,"category_id":5,"segmentation":[[503.304692887471,264.906907445549,1232.650617699501,264.906907445549,1232.650617699501,489.028832257579,503.304692887471,489.028832257579]],"area":163462.41,"bbox":[503.304692887471,264.906907445549,729.34592481203,224.12192481203],"iscrowd":0,"metadata":{}},
{"id":22,"datatorch_id":"69c3c183-90a2-4d10-b1f3-fc2bd7cf104c","image_id":20,"category_id":13,"segmentation":[[34.3123304814565,67.8646232350227,1620.6397169476165,67.8646232350227,1620.6397169476165,2246.7855736109627,34.3123304814565,2246.7855736109627]],"area":3456481.98,"bbox":[34.3123304814565,67.8646232350227,1586.32738646616,2178.92095037594],"iscrowd":0,"metadata":{}},
{"id":23,"datatorch_id":"6f377392-b8d7-4f9d-854f-9d00e36a36cf","image_id":10,"category_id":13,"segmentation":[[42.2536751431102,73.2235712049479,1595.7604949927302,73.2235712049479,1595.7604949927302,2239.3809678966777,42.2536751431102,2239.3809678966777]],"area":3365140.29,"bbox":[42.2536751431102,73.2235712049479,1553.50681984962,2166.15739669173],"iscrowd":0,"metadata":{}},
{"id":24,"datatorch_id":"742fe2ed-31e0-4c2c-80a9-eb139dc0837d","image_id":13,"category_id":5,"segmentation":[[190.705256797246,1876.40756158089,608.559692887471,1876.40756158089,608.559692887471,2034.685757069612,190.705256797246,2034.685757069612]],"area":66137.25,"bbox":[190.705256797246,1876.40756158089,417.854436090225,158.278195488722],"iscrowd":0,"metadata":{}},
{"id":25,"datatorch_id":"75710153-9a94-4336-8406-11d54a63b2ce","image_id":9,"category_id":13,"segmentation":[[39.2372444664192,73.3304969192334,1641.9749142408593,73.3304969192334,1641.9749142408593,2288.7187435357737,39.2372444664192,2288.7187435357737]],"area":3550686.2,"bbox":[39.2372444664192,73.3304969192334,1602.73766977444,2215.38824661654],"iscrowd":0,"metadata":{}},
{"id":26,"datatorch_id":"76196e7c-fe40-4317-995b-23a2062d51b6","image_id":17,"category_id":22,"segmentation":[[174.982956045366,75.9790187237446,1551.6233891280758,75.9790187237446,1551.6233891280758,1293.0750307538144,174.982956045366,1293.0750307538144]],"area":1675503.58,"bbox":[174.982956045366,75.9790187237446,1376.64043308271,1217.09601203007],"iscrowd":0,"metadata":{}},
{"id":27,"datatorch_id":"7bc11d96-d174-43cd-9280-b89d0365b43f","image_id":2,"category_id":11,"segmentation":[[274.170625218299,654.112990152316,1478.3511364964988,654.112990152316,1478.3511364964988,931.416388648557,274.170625218299,931.416388648557]],"area":333923.35,"bbox":[274.170625218299,654.112990152316,1204.1805112782,277.303398496241],"iscrowd":0,"metadata":{}},
{"id":28,"datatorch_id":"7cb47ec1-6b4c-46b8-ba37-4dcd6918ce3f","image_id":11,"category_id":21,"segmentation":[[216.56439664687,1268.84791496435,459.679704917547,1268.84791496435,459.679704917547,1349.379860829011,216.56439664687,1349.379860829011]],"area":19578.55,"bbox":[216.56439664687,1268.84791496435,243.115308270677,80.5319458646611],"iscrowd":0,"metadata":{}},
{"id":29,"datatorch_id":"7e3b920b-ba7a-4624-9918-e8f135353e9b","image_id":11,"category_id":21,"segmentation":[[197.571013188223,1633.52087737036,528.055885368674,1633.52087737036,528.055885368674,1732.286471355322,197.571013188223,1732.286471355322]],"area":32640.53,"bbox":[197.571013188223,1633.52087737036,330.484872180451,98.7655939849619],"iscrowd":0,"metadata":{}},
{"id":30,"datatorch_id":"7ebb7ac4-0b2b-429c-8842-9789ef8b8675","image_id":5,"category_id":21,"segmentation":[[219.14257258672,975.136343535774,609.5621214589,975.136343535774,609.5621214589,1057.2299675959248,219.14257258672,1057.2299675959248]],"area":32050.96,"bbox":[219.14257258672,975.136343535774,390.41954887218,82.0936240601507],"iscrowd":0,"metadata":{}},
{"id":31,"datatorch_id":"860932bf-951e-444f-b157-9dba1f8ef7d4","image_id":18,"category_id":21,"segmentation":[[209.030354541607,193.171711956828,634.482144015291,193.171711956828,634.482144015291,265.3465690996851,209.030354541607,265.3465690996851]],"area":30706.92,"bbox":[209.030354541607,193.171711956828,425.451789473684,72.1748571428571],"iscrowd":0,"metadata":{}},
{"id":32,"datatorch_id":"8aea9f7b-dc1b-4b3f-a0f4-249d4164f03c","image_id":3,"category_id":24,"segmentation":[[214.183189128073,836.906719475624,506.68129439123095,836.906719475624,506.68129439123095,897.6855465432931,214.183189128073,897.6855465432931]],"area":17777.69,"bbox":[214.183189128073,836.906719475624,292.498105263158,60.7788270676691],"iscrowd":0,"metadata":{}},
{"id":33,"datatorch_id":"8c793bcd-3d58-4a8c-a08c-6cf18c9cc590","image_id":15,"category_id":24,"segmentation":[[210.841760556644,101.088975114722,438.762362060403,101.088975114722,438.762362060403,154.2704487989325,210.841760556644,154.2704487989325]],"area":12121.15,"bbox":[210.841760556644,101.088975114722,227.920601503759,53.1814736842105],"iscrowd":0,"metadata":{}},
{"id":34,"datatorch_id":"974957c4-3e60-462d-ab25-256cb12f5a44","image_id":12,"category_id":11,"segmentation":[[185.837322962659,1254.19838864856,842.248655293486,1254.19838864856,842.248655293486,1441.093281881643,185.837322962659,1441.093281881643]],"area":122679.93,"bbox":[185.837322962659,1254.19838864856,656.411332330827,186.894893233083],"iscrowd":0,"metadata":{}},
{"id":35,"datatorch_id":"98ab5915-50e4-41af-acef-f0ffa7eec011","image_id":15,"category_id":21,"segmentation":[[218.439113940103,1385.04169691923,556.521339504013,1385.04169691923,556.521339504013,1468.612584137275,218.439113940103,1468.612584137275]],"area":28253.83,"bbox":[218.439113940103,1385.04169691923,338.08222556391,83.5708872180451],"iscrowd":0,"metadata":{}},
{"id":36,"datatorch_id":"9c2b8c60-9dd5-4879-ac5b-830c11e1f7ae","image_id":12,"category_id":24,"segmentation":[[213.18779514311,82.6864969192336,523.159813188223,82.6864969192336,523.159813188223,160.1795014305118,213.18779514311,160.1795014305118]],"area":24020.66,"bbox":[213.18779514311,82.6864969192336,309.972018045113,77.4930045112782],"iscrowd":0,"metadata":{}},
{"id":37,"datatorch_id":"b25387d3-6af9-4789-854e-9ffbdfd6a08e","image_id":3,"category_id":25,"segmentation":[[194.890835744614,942.513448798932,1535.8588808573938,942.513448798932,1535.8588808573938,1245.879990152315,194.890835744614,1245.879990152315]],"area":406804.84,"bbox":[194.890835744614,942.513448798932,1340.96804511278,303.366541353383],"iscrowd":0,"metadata":{}},
{"id":38,"datatorch_id":"b4268365-d714-4747-ab7f-c6eccc92c55c","image_id":12,"category_id":25,"segmentation":[[204.07097108296,220.958328498181,1563.99722672206,220.958328498181,1563.99722672206,1079.4592608290081,204.07097108296,1079.4592608290081]],"area":1167497.96,"bbox":[204.07097108296,220.958328498181,1359.9262556391,858.500932330827],"iscrowd":0,"metadata":{}},
{"id":39,"datatorch_id":"b48e51a7-ca77-434e-8af6-d81c3212ba13","image_id":5,"category_id":21,"segmentation":[[213.866632737095,1300.3452758666,846.979414691982,1300.3452758666,846.979414691982,1402.487471355321,213.866632737095,1402.487471355321]],"area":64667.53,"bbox":[213.866632737095,1300.3452758666,633.112781954887,102.142195488721],"iscrowd":0,"metadata":{}},
{"id":40,"datatorch_id":"b809ddd7-3818-4b9d-9f8c-54a95ba1f87a","image_id":4,"category_id":13,"segmentation":[[53.1615049175468,75.4830803778802,1614.4176252182967,75.4830803778802,1614.4176252182967,2233.13144128014,53.1615049175468,2233.13144128014]],"area":3368641.71,"bbox":[53.1615049175468,75.4830803778802,1561.25612030075,2157.64836090226],"iscrowd":0,"metadata":{}},
{"id":41,"datatorch_id":"d14468f6-3f20-4d6a-b962-bfb54518ac9b","image_id":11,"category_id":21,"segmentation":[[182.376306421306,91.2581405282562,524.257208676945,91.2581405282562,524.257208676945,159.634320979384,182.376306421306,159.634320979384]],"area":23376.51,"bbox":[182.376306421306,91.2581405282562,341.880902255639,68.3761804511278],"iscrowd":0,"metadata":{}},
{"id":42,"datatorch_id":"d24127d0-f5ea-4fff-aef0-7eff0d151775","image_id":18,"category_id":24,"segmentation":[[212.829031233336,98.2047946635948,630.683467323561,98.2047946635948,630.683467323561,147.587591656076,212.829031233336,147.587591656076]],"area":20634.82,"bbox":[212.829031233336,98.2047946635948,417.854436090225,49.3827969924812],"iscrowd":0,"metadata":{}},
{"id":43,"datatorch_id":"d84580ff-c3cd-4c3b-9480-485c910b9538","image_id":5,"category_id":21,"segmentation":[[202.069631233336,81.349925490662,667.027658301005,81.349925490662,667.027658301005,163.4013420320154,202.069631233336,163.4013420320154]],"area":38150.46,"bbox":[202.069631233336,81.349925490662,464.958027067669,82.0514165413534],"iscrowd":0,"metadata":{}},
{"id":44,"datatorch_id":"e3554f59-530c-41bb-8406-e1d4a9e636cf","image_id":15,"category_id":25,"segmentation":[[218.439113940103,1468.61258413728,1593.560076346113,1468.61258413728,1593.560076346113,1810.493486392919,218.439113940103,1810.493486392919]],"area":470127.6,"bbox":[218.439113940103,1468.61258413728,1375.12096240601,341.880902255639],"iscrowd":0,"metadata":{}},
{"id":45,"datatorch_id":"eb7435c8-e157-4f3f-93ac-c754368a3524","image_id":2,"category_id":24,"segmentation":[[209.5931214589,95.7075164681057,543.87667033108,95.7075164681057,543.87667033108,160.2850202275042,209.5931214589,160.2850202275042]],"area":21587.2,"bbox":[209.5931214589,95.7075164681057,334.28354887218,64.5775037593985],"iscrowd":0,"metadata":{}},
{"id":46,"datatorch_id":"ed19273f-f242-4a67-a0ac-4e67160d7c2c","image_id":8,"category_id":13,"segmentation":[[25.019641759652,72.6094518064515,1602.230204165662,72.6094518064515,1602.230204165662,2251.5304021823913,25.019641759652,2251.5304021823913]],"area":3436617.14,"bbox":[25.019641759652,72.6094518064515,1577.21056240601,2178.92095037594],"iscrowd":0,"metadata":{}},
{"id":47,"datatorch_id":"f3f3c7be-e961-42ae-a099-a9fb0515920f","image_id":5,"category_id":25,"segmentation":[[191.07457258672,1440.89631346059,1592.7862718348401,1440.89631346059,1592.7862718348401,1877.7441330094618,191.07457258672,1877.7441330094618]],"area":612334.7,"bbox":[191.07457258672,1440.89631346059,1401.71169924812,436.847819548872],"iscrowd":0,"metadata":{}},
{"id":48,"datatorch_id":"f3f757b3-1ee3-4414-96ca-889c5f5b702a","image_id":5,"category_id":25,"segmentation":[[194.873249278449,1057.22996759593,1554.799504917549,1057.22996759593,1554.799504917549,1300.345275866607,194.873249278449,1300.345275866607]],"area":330618.89,"bbox":[194.873249278449,1057.22996759593,1359.9262556391,243.115308270677],"iscrowd":0,"metadata":{}},
{"id":49,"datatorch_id":"ffb78794-f2e6-4263-95aa-c5387d811537","image_id":19,"category_id":13,"segmentation":[[26.0080011581484,65.0894788741206,1598.6601515340883,65.0894788741206,1598.6601515340883,2253.1272533102106,26.0080011581484,2253.1272533102106]],"area":3441022.31,"bbox":[26.0080011581484,65.0894788741206,1572.65215037594,2188.03777443609],"iscrowd":0,"metadata":{}}
]}