{"info": {"year":2023,"version":"0.1.0","description":"","url":"","date_created":1695190311749},"categories": [
  {
    "id": 1,
    "datatorch_id": "ea6a231b-d390-4ea6-88e1-6d99d36018a5",
    "name": "references",
    "supercategory": null
  },
  {
    "id": 2,
    "datatorch_id": "1063f0c2-a886-4121-838b-6bbf199ec21e",
    "name": "list",
    "supercategory": null
  },
  {
    "id": 3,
    "datatorch_id": "a53a6729-a94d-4f74-913c-bd222ebbce0d",
    "name": "appendix_list",
    "supercategory": null
  },
  {
    "id": 4,
    "datatorch_id": "8a765348-148e-4280-93e7-911ad854ec0b",
    "name": "cross",
    "supercategory": null
  },
  {
    "id": 5,
    "datatorch_id": "2be5156a-b962-4988-b879-89b159ac0a94",
    "name": "table_caption",
    "supercategory": null
  },
  {
    "id": 6,
    "datatorch_id": "1af8b78f-669f-4554-bebc-3986baee5a1c",
    "name": "table",
    "supercategory": null
  },
  {
    "id": 7,
    "datatorch_id": "3c954454-0bd6-47f9-89cf-52da19baf90d",
    "name": "figure_caption",
    "supercategory": null
  },
  {
    "id": 8,
    "datatorch_id": "3a501698-425e-457a-8ebe-321109d4d594",
    "name": "figure",
    "supercategory": null
  },
  {
    "id": 9,
    "datatorch_id": "0d1cf435-1d24-4ae4-8760-de7d4ca8b4a2",
    "name": "list_of_tables",
    "supercategory": null
  },
  {
    "id": 10,
    "datatorch_id": "1910fde7-e3d7-44cf-a653-984b82088e8f",
    "name": "list_of_figures",
    "supercategory": null
  },
  {
    "id": 11,
    "datatorch_id": "2760da17-b8bf-4824-bda9-1a6c75cfb31a",
    "name": "table_of_contents",
    "supercategory": null
  },
  {
    "id": 12,
    "datatorch_id": "2d7ae022-e4b2-4454-82f9-6a21616cc1a1",
    "name": "subsubsubsection",
    "supercategory": null
  },
  {
    "id": 13,
    "datatorch_id": "78fdef56-aec3-43df-87be-9f219106f30b",
    "name": "subsubsection",
    "supercategory": null
  },
  {
    "id": 14,
    "datatorch_id": "a24ef245-0e7a-492e-b263-09d3fda426d8",
    "name": "subsection",
    "supercategory": null
  },
  {
    "id": 15,
    "datatorch_id": "2cb917fd-36d2-4af5-a88b-e9b7ad28c733",
    "name": "summary",
    "supercategory": null
  },
  {
    "id": 16,
    "datatorch_id": "b66fb620-4716-406d-a020-b97ecc4817c2",
    "name": "abstract",
    "supercategory": null
  },
  {
    "id": 17,
    "datatorch_id": "418130a4-f8a1-4218-99c8-a30542254019",
    "name": "section",
    "supercategory": null
  },
  {
    "id": 18,
    "datatorch_id": "ec6c7fda-bed5-4baf-97b1-95207a7890ba",
    "name": "paragraph",
    "supercategory": null
  },
  {
    "id": 19,
    "datatorch_id": "62a18526-d943-4993-a65e-2e91c2af6485",
    "name": "title",
    "supercategory": null
  },
  {
    "id": 20,
    "datatorch_id": "ab700373-3415-495f-8e5f-0609d9088715",
    "name": "other",
    "supercategory": null
  },
  {
    "id": 21,
    "datatorch_id": "27ef4a36-ce65-4f9e-a6a5-8fc1d422b062",
    "name": "form",
    "supercategory": null
  },
  {
    "id": 22,
    "datatorch_id": "7ce4fbc5-dafd-44a1-9d6b-80d965ba8dd5",
    "name": "report_title",
    "supercategory": null
  }
],"images": [
  {
    "id": 1,
    "datatorch_id": "ab025659-d65f-4011-8299-3f9660e4a44f",
    "storage_id": "66fd663e-2150-4306-958e-7014007cac52",
    "path": "a072018_tr299 menzies annual report 2005_17406499-02.jpg",
    "width": 1653,
    "height": 2339,
    "file_name": "a072018_tr299 menzies annual report 2005_17406499-02.jpg",
    "metadata": {},
    "date_captured": "2023-09-20T04:15:38.423Z"
  },
  {
    "id": 2,
    "datatorch_id": "3656f7c3-5c6f-4ef8-ab10-c2e854283f9b",
    "storage_id": "66fd663e-2150-4306-958e-7014007cac52",
    "path": "a072018_tr299 menzies annual report 2005_17406499-04.jpg",
    "width": 1653,
    "height": 2339,
    "file_name": "a072018_tr299 menzies annual report 2005_17406499-04.jpg",
    "metadata": {},
    "date_captured": "2023-09-20T04:15:38.673Z"
  },
  {
    "id": 3,
    "datatorch_id": "30634e9d-129c-470e-a185-d88ceedb83c2",
    "storage_id": "66fd663e-2150-4306-958e-7014007cac52",
    "path": "a072018_tr299 menzies annual report 2005_17406499-06.jpg",
    "width": 1653,
    "height": 2339,
    "file_name": "a072018_tr299 menzies annual report 2005_17406499-06.jpg",
    "metadata": {},
    "date_captured": "2023-09-20T04:15:38.704Z"
  },
  {
    "id": 4,
    "datatorch_id": "f729d854-4bfa-4b32-8f73-f0058c3cfa20",
    "storage_id": "66fd663e-2150-4306-958e-7014007cac52",
    "path": "a072018_tr299 menzies annual report 2005_17406499-01.jpg",
    "width": 1653,
    "height": 2339,
    "file_name": "a072018_tr299 menzies annual report 2005_17406499-01.jpg",
    "metadata": {},
    "date_captured": "2023-09-20T04:15:38.376Z"
  },
  {
    "id": 5,
    "datatorch_id": "85732103-75e7-47b1-a00d-5b1e3d19757c",
    "storage_id": "66fd663e-2150-4306-958e-7014007cac52",
    "path": "a072018_tr299 menzies annual report 2005_17406499-03.jpg",
    "width": 1653,
    "height": 2339,
    "file_name": "a072018_tr299 menzies annual report 2005_17406499-03.jpg",
    "metadata": {},
    "date_captured": "2023-09-20T04:15:38.532Z"
  },
  {
    "id": 6,
    "datatorch_id": "06d51d5a-ebba-4962-be60-a38af1002df9",
    "storage_id": "66fd663e-2150-4306-958e-7014007cac52",
    "path": "a072018_tr299 menzies annual report 2005_17406499-05.jpg",
    "width": 1653,
    "height": 2339,
    "file_name": "a072018_tr299 menzies annual report 2005_17406499-05.jpg",
    "metadata": {},
    "date_captured": "2023-09-20T04:15:38.766Z"
  },
  {
    "id": 7,
    "datatorch_id": "5ae5ea01-1ccc-41cd-8ff9-c281640b3111",
    "storage_id": "66fd663e-2150-4306-958e-7014007cac52",
    "path": "a072018_tr299 menzies annual report 2005_17406499-08.jpg",
    "width": 1653,
    "height": 2339,
    "file_name": "a072018_tr299 menzies annual report 2005_17406499-08.jpg",
    "metadata": {},
    "date_captured": "2023-09-20T04:15:38.845Z"
  },
  {
    "id": 8,
    "datatorch_id": "189d7b8e-cfea-4053-bdc8-4d59e0ab418d",
    "storage_id": "66fd663e-2150-4306-958e-7014007cac52",
    "path": "a072018_tr299 menzies annual report 2005_17406499-09.jpg",
    "width": 1653,
    "height": 2339,
    "file_name": "a072018_tr299 menzies annual report 2005_17406499-09.jpg",
    "metadata": {},
    "date_captured": "2023-09-20T04:15:38.891Z"
  },
  {
    "id": 9,
    "datatorch_id": "d4af86b9-b9d1-4bda-bba2-44921e0d20ec",
    "storage_id": "66fd663e-2150-4306-958e-7014007cac52",
    "path": "a072018_tr299 menzies annual report 2005_17406499-10.jpg",
    "width": 1653,
    "height": 2339,
    "file_name": "a072018_tr299 menzies annual report 2005_17406499-10.jpg",
    "metadata": {},
    "date_captured": "2023-09-20T04:15:38.970Z"
  },
  {
    "id": 10,
    "datatorch_id": "e1f3aa9e-9c85-45b5-9678-3b9faf8fd5ff",
    "storage_id": "66fd663e-2150-4306-958e-7014007cac52",
    "path": "a072018_tr299 menzies annual report 2005_17406499-11.jpg",
    "width": 1653,
    "height": 2339,
    "file_name": "a072018_tr299 menzies annual report 2005_17406499-11.jpg",
    "metadata": {},
    "date_captured": "2023-09-20T04:15:38.970Z"
  },
  {
    "id": 11,
    "datatorch_id": "9ea68c71-ee0c-406f-bd6d-84003d3eca81",
    "storage_id": "66fd663e-2150-4306-958e-7014007cac52",
    "path": "a072018_tr299 menzies annual report 2005_17406499-07.jpg",
    "width": 1653,
    "height": 2339,
    "file_name": "a072018_tr299 menzies annual report 2005_17406499-07.jpg",
    "metadata": {},
    "date_captured": "2023-09-20T04:15:38.876Z"
  },
  {
    "id": 12,
    "datatorch_id": "b806a8e6-e585-4dbe-96e1-137841d0c985",
    "storage_id": "66fd663e-2150-4306-958e-7014007cac52",
    "path": "a072018_tr299 menzies annual report 2005_17406499-12.jpg",
    "width": 1653,
    "height": 2339,
    "file_name": "a072018_tr299 menzies annual report 2005_17406499-12.jpg",
    "metadata": {},
    "date_captured": "2023-09-20T04:15:38.970Z"
  }
],"annotations": [
{"id":1,"datatorch_id":"17bd4902-b5ee-4b8c-b002-8fdfdb646e12","image_id":3,"category_id":5,"segmentation":[[194.12054852657,511.317919475624,1133.153426722058,511.317919475624,1133.153426722058,584.252511956827,194.12054852657,584.252511956827]],"area":68487.98,"bbox":[194.12054852657,511.317919475624,939.032878195488,72.934592481203],"iscrowd":0,"metadata":{}},
{"id":2,"datatorch_id":"20736c9c-287a-42f7-8224-419a3e582f99","image_id":1,"category_id":3,"segmentation":[[104.936061308524,1634.17157661848,1244.539068827324,1634.17157661848,1244.539068827324,1979.218042783893,104.936061308524,1979.218042783893]],"area":393215.99,"bbox":[104.936061308524,1634.17157661848,1139.6030075188,345.046466165413],"iscrowd":0,"metadata":{}},
{"id":3,"datatorch_id":"29df926e-2460-4166-889a-18e111863480","image_id":10,"category_id":18,"segmentation":[[196.758518451381,288.792845791414,1646.333544015291,288.792845791414,1646.333544015291,922.412117971865,196.758518451381,922.412117971865]],"area":918478.67,"bbox":[196.758518451381,288.792845791414,1449.57502556391,633.619272180451],"iscrowd":0,"metadata":{}},
{"id":4,"datatorch_id":"3024b9a2-e378-4257-bb89-4ee6c62ae551","image_id":6,"category_id":18,"segmentation":[[195.189805669426,1282.35432097938,1627.290918451376,1282.35432097938,1627.290918451376,2182.64069691923,195.189805669426,2182.64069691923]],"area":1289301.12,"bbox":[195.189805669426,1282.35432097938,1432.10111278195,900.28637593985],"iscrowd":0,"metadata":{}},
{"id":5,"datatorch_id":"32c9936f-0123-49c1-9dbd-e74ddc4b6c0a","image_id":12,"category_id":1,"segmentation":[[125.487605669426,136.613636768858,1616.0883395040162,136.613636768858,1616.0883395040162,1431.202653310208,125.487605669426,1431.202653310208]],"area":1929715.34,"bbox":[125.487605669426,136.613636768858,1490.60073383459,1294.58901654135],"iscrowd":0,"metadata":{}},
{"id":6,"datatorch_id":"39fa2276-ab66-424c-93b3-691ed6e13330","image_id":7,"category_id":8,"segmentation":[[464.051700406268,118.218193159835,1269.371159052884,118.218193159835,1269.371159052884,957.725742032015,464.051700406268,957.725742032015]],"area":676071.76,"bbox":[464.051700406268,118.218193159835,805.319458646616,839.50754887218],"iscrowd":0,"metadata":{}},
{"id":7,"datatorch_id":"401975b2-dd1c-43db-b7fc-6e77caa9068d","image_id":8,"category_id":18,"segmentation":[[147.741519955141,1036.18951947562,1652.017489879951,1036.18951947562,1652.017489879951,2207.70141120494,147.741519955141,2207.70141120494]],"area":1762277.19,"bbox":[147.741519955141,1036.18951947562,1504.27596992481,1171.51189172932],"iscrowd":0,"metadata":{}},
{"id":8,"datatorch_id":"4115b271-3422-4ac5-ab4d-2d6055c631ab","image_id":10,"category_id":17,"segmentation":[[87.3566297295769,972.554650302692,894.1955590528848,972.554650302692,894.1955590528848,1059.1644788741207,87.3566297295769,1059.1644788741207]],"area":69880.18,"bbox":[87.3566297295769,972.554650302692,806.838929323308,86.6098285714286],"iscrowd":0,"metadata":{}},
{"id":9,"datatorch_id":"61cc4f13-bf95-46b4-8498-9a80f6efbcaf","image_id":10,"category_id":14,"segmentation":[[196.758518451381,174.832545039534,1313.569465819801,174.832545039534,1313.569465819801,288.79284579141404,196.758518451381,288.79284579141404]],"area":127272.11,"bbox":[196.758518451381,174.832545039534,1116.81094736842,113.96030075188],"iscrowd":0,"metadata":{}},
{"id":10,"datatorch_id":"694e920a-44fd-401f-ad2c-dabf893f8122","image_id":3,"category_id":18,"segmentation":[[194.12054852657,123.852896919233,1593.5530417596501,123.852896919233,1593.5530417596501,520.434743535774,194.12054852657,520.434743535774]],"area":554989.52,"bbox":[194.12054852657,123.852896919233,1399.43249323308,396.581846616541],"iscrowd":0,"metadata":{}},
{"id":11,"datatorch_id":"69a64084-3937-4fab-bf20-22602db14614","image_id":4,"category_id":22,"segmentation":[[105.147098902509,465.234343535775,1444.180632737099,465.234343535775,1444.180632737099,1756.784418723745,105.147098902509,1756.784418723745]],"area":1729428.86,"bbox":[105.147098902509,465.234343535775,1339.03353383459,1291.55007518797],"iscrowd":0,"metadata":{}},
{"id":12,"datatorch_id":"6d8b09ca-3894-4242-b8c8-f09fe76b063d","image_id":1,"category_id":9,"segmentation":[[96.7055951431103,1009.92237361096,1536.4040613085203,1009.92237361096,1536.4040613085203,1215.050914964344,96.7055951431103,1215.050914964344]],"area":295323.25,"bbox":[96.7055951431103,1009.92237361096,1439.69846616541,205.128541353384],"iscrowd":0,"metadata":{}},
{"id":13,"datatorch_id":"73b7354b-64da-4457-8639-54b9819781c1","image_id":7,"category_id":18,"segmentation":[[156.358888376193,1041.29662925006,1588.4600011581429,1041.29662925006,1588.4600011581429,2120.12080970119,156.358888376193,2120.12080970119]],"area":1544985.31,"bbox":[156.358888376193,1041.29662925006,1432.10111278195,1078.82418045113],"iscrowd":0,"metadata":{}},
{"id":14,"datatorch_id":"76589d88-e383-400d-a70a-a286252b5b22","image_id":5,"category_id":17,"segmentation":[[96.2835199551405,1173.03684729517,445.7617755942385,1173.03684729517,445.7617755942385,1279.399794663591,96.2835199551405,1279.399794663591]],"area":37171.54,"bbox":[96.2835199551405,1173.03684729517,349.478255639098,106.362947368421],"iscrowd":0,"metadata":{}},
{"id":15,"datatorch_id":"79801c5b-7236-43a2-995a-0a68118079af","image_id":3,"category_id":8,"segmentation":[[453.950034240855,1012.74324278389,1361.074028225817,1012.74324278389,1361.074028225817,2111.32054203201,453.950034240855,2111.32054203201]],"area":996545.83,"bbox":[453.950034240855,1012.74324278389,907.123993984962,1098.57729924812],"iscrowd":0,"metadata":{}},
{"id":16,"datatorch_id":"7d474d1a-bb96-4a24-8c98-8d5d523bd6bd","image_id":7,"category_id":7,"segmentation":[[380.480813188223,950.128388648557,1333.9486628122831,950.128388648557,1333.9486628122831,1041.2966292500605,380.480813188223,1041.2966292500605]],"area":86925.99,"bbox":[380.480813188223,950.128388648557,953.46784962406,91.1682406015036],"iscrowd":0,"metadata":{}},
{"id":17,"datatorch_id":"8d932290-53f5-4c74-9ceb-a8ed09113de1","image_id":3,"category_id":7,"segmentation":[[339.989733488976,2115.87895406209,1392.9829124363462,2115.87895406209,1392.9829124363462,2234.397666844045,339.989733488976,2234.397666844045]],"area":124799.4,"bbox":[339.989733488976,2115.87895406209,1052.99317894737,118.518712781955],"iscrowd":0,"metadata":{}},
{"id":18,"datatorch_id":"9025c4d8-298a-4e01-a356-23a3f082a4e3","image_id":6,"category_id":7,"segmentation":[[597.849534992735,1153.19931346059,1057.489414691983,1153.19931346059,1057.489414691983,1236.770200678635,597.849534992735,1236.770200678635]],"area":38412.51,"bbox":[597.849534992735,1153.19931346059,459.639879699248,83.5708872180451],"iscrowd":0,"metadata":{}},
{"id":19,"datatorch_id":"9ae7575a-31a9-4a6f-a281-e0057171b0eb","image_id":11,"category_id":17,"segmentation":[[94.3490086769451,146.602749550813,691.5009846167941,146.602749550813,691.5009846167941,224.0957540620912,94.3490086769451,224.0957540620912]],"area":46275.1,"bbox":[94.3490086769451,146.602749550813,597.151975939849,77.4930045112782],"iscrowd":0,"metadata":{}},
{"id":20,"datatorch_id":"9b7057a1-c483-450c-b723-91a0761f397d","image_id":6,"category_id":8,"segmentation":[[506.681294391231,150.348666844046,1300.60472296266,150.348666844046,1300.60472296266,1141.803283385399,506.681294391231,1141.803283385399]],"area":787139.05,"bbox":[506.681294391231,150.348666844046,793.923428571429,991.454616541353],"iscrowd":0,"metadata":{}},
{"id":21,"datatorch_id":"9fa14358-0d5a-4fd6-9431-62512a033f7b","image_id":1,"category_id":11,"segmentation":[[70.1148583010052,189.408208197429,1619.9749485265652,189.408208197429,1619.9749485265652,1009.922373610963,70.1148583010052,1009.922373610963]],"area":1271682.16,"bbox":[70.1148583010052,189.408208197429,1549.86009022556,820.514165413534],"iscrowd":0,"metadata":{}},
{"id":22,"datatorch_id":"9fc6dc04-ccb9-48f4-ad9d-158e1609f805","image_id":11,"category_id":14,"segmentation":[[112.582656797246,224.095754062091,527.398151534088,224.095754062091,527.398151534088,328.93923075381997,112.582656797246,328.93923075381997]],"area":43490.7,"bbox":[112.582656797246,224.095754062091,414.815494736842,104.843476691729],"iscrowd":0,"metadata":{}},
{"id":23,"datatorch_id":"ad13696d-a1a2-4556-b1e0-9c98f43cd1e0","image_id":11,"category_id":18,"segmentation":[[162.725189128073,328.93923075382,1584.949742511533,328.93923075382,1584.949742511533,1710.1380758666,162.725189128073,1710.1380758666]],"area":1964374.91,"bbox":[162.725189128073,328.93923075382,1422.22455338346,1381.19884511278],"iscrowd":0,"metadata":{}},
{"id":24,"datatorch_id":"af038c5e-3ff3-4d4f-a1b3-3247dbb3f1ab","image_id":9,"category_id":8,"segmentation":[[541.045249278449,733.709336016977,1312.176617699501,733.709336016977,1312.176617699501,1508.639381129759,541.045249278449,1508.639381129759]],"area":597572.87,"bbox":[541.045249278449,733.709336016977,771.131368421052,774.930045112782],"iscrowd":0,"metadata":{}},
{"id":25,"datatorch_id":"b06d9f6f-f2bf-4c31-8827-d84c80da7e54","image_id":4,"category_id":20,"segmentation":[[98.81597108296,1883.40697511472,1548.64424175965,1883.40697511472,1548.64424175965,2086.0030653402837,98.81597108296,2086.0030653402837]],"area":293729.54,"bbox":[98.81597108296,1883.40697511472,1449.82827067669,202.596090225564],"iscrowd":0,"metadata":{}},
{"id":26,"datatorch_id":"b3cf6d86-3ff6-42ce-a0f8-883c1cc74793","image_id":2,"category_id":18,"segmentation":[[139.24022221078,114.039648798933,1556.90636356416,114.039648798933,1556.90636356416,1271.876304438033,139.24022221078,1271.876304438033]],"area":1641425.82,"bbox":[139.24022221078,114.039648798933,1417.66614135338,1157.8366556391],"iscrowd":0,"metadata":{}},
{"id":27,"datatorch_id":"b82cbb5b-87e1-4933-bd99-cf27d598397f","image_id":3,"category_id":6,"segmentation":[[125.744368075442,584.252511956827,1552.527333488972,584.252511956827,1552.527333488972,980.834358573368,125.744368075442,980.834358573368]],"area":565836.22,"bbox":[125.744368075442,584.252511956827,1426.78296541353,396.581846616541],"iscrowd":0,"metadata":{}},
{"id":28,"datatorch_id":"bf7c2e54-bcc0-4350-ae2c-c70cb0543f76","image_id":5,"category_id":18,"segmentation":[[149.464993639351,1279.39979466359,1562.572722962661,1279.39979466359,1562.572722962661,2179.68617060344,149.464993639351,2179.68617060344]],"area":1272201.64,"bbox":[149.464993639351,1279.39979466359,1413.10772932331,900.28637593985],"iscrowd":0,"metadata":{}},
{"id":29,"datatorch_id":"cd8bebbf-b809-42a3-b19b-9e5d833fb207","image_id":1,"category_id":10,"segmentation":[[104.936061308524,1215.05091496435,1583.2544071731838,1215.05091496435,1583.2544071731838,1640.502704438034,104.936061308524,1640.502704438034]],"area":628953.19,"bbox":[104.936061308524,1215.05091496435,1478.31834586466,425.451789473684],"iscrowd":0,"metadata":{}},
{"id":30,"datatorch_id":"db3e758c-84a1-483c-b774-871544548eba","image_id":8,"category_id":14,"segmentation":[[147.741519955141,926.787630753819,954.580449278449,926.787630753819,954.580449278449,1036.189519475623,147.741519955141,1036.189519475623]],"area":88269.7,"bbox":[147.741519955141,926.787630753819,806.838929323308,109.401888721804],"iscrowd":0,"metadata":{}},
{"id":31,"datatorch_id":"e44349de-afa3-4b61-9c1d-1deaf5f9c41d","image_id":10,"category_id":17,"segmentation":[[110.148689879953,124.690012708707,1085.648864316043,124.690012708707,1085.648864316043,174.832545039534,110.148689879953,174.832545039534]],"area":48914.05,"bbox":[110.148689879953,124.690012708707,975.50017443609,50.142532330827],"iscrowd":0,"metadata":{}},
{"id":32,"datatorch_id":"e628d730-11f6-404e-b079-95afb34a9e43","image_id":9,"category_id":18,"segmentation":[[168.774933488976,137.317095415474,1570.486632737096,137.317095415474,1570.486632737096,726.111982633519,168.774933488976,726.111982633519]],"area":825320.68,"bbox":[168.774933488976,137.317095415474,1401.71169924812,588.794887218045],"iscrowd":0,"metadata":{}},
{"id":33,"datatorch_id":"e685fbb0-c22d-48eb-9804-3c8468f8ef1e","image_id":8,"category_id":18,"segmentation":[[143.183107925065,78.9229931598348,1624.667017699505,78.9229931598348,1624.667017699505,917.6708066936689,143.183107925065,917.6708066936689]],"area":1242591.39,"bbox":[143.183107925065,78.9229931598348,1481.48390977444,838.747813533834],"iscrowd":0,"metadata":{}},
{"id":34,"datatorch_id":"e7791e8f-3102-4ff4-824a-4180e72b332c","image_id":5,"category_id":15,"segmentation":[[96.2835199551405,173.984877370361,1551.1766928874704,173.984877370361,1551.1766928874704,1173.0368472951732,96.2835199551405,1173.0368472951732]],"area":1453513.89,"bbox":[96.2835199551405,173.984877370361,1454.89317293233,999.051969924812],"iscrowd":0,"metadata":{}},
{"id":35,"datatorch_id":"e8c546cb-90f5-4b99-a7fc-a2c21d6794d7","image_id":6,"category_id":17,"segmentation":[[111.618918451381,1210.17946383653,339.53951995514,1210.17946383653,339.53951995514,1282.354320979387,111.618918451381,1282.354320979387]],"area":16450.14,"bbox":[111.618918451381,1210.17946383653,227.920601503759,72.174857142857],"iscrowd":0,"metadata":{}},
{"id":36,"datatorch_id":"ee486e2f-4404-495a-9de7-74af994af060","image_id":10,"category_id":18,"segmentation":[[173.966458301005,1059.16447887412,1577.957363564165,1059.16447887412,1577.957363564165,1378.253320979383,173.966458301005,1378.253320979383]],"area":447997.83,"bbox":[173.966458301005,1059.16447887412,1403.99090526316,319.088842105263],"iscrowd":0,"metadata":{}},
{"id":37,"datatorch_id":"f73b4e75-8ee2-496e-861e-8646ba2222ef","image_id":9,"category_id":7,"segmentation":[[541.045249278449,1508.63938112976,1236.203083864915,1508.63938112976,1236.203083864915,1637.794388648557,541.045249278449,1637.794388648557]],"area":89783.12,"bbox":[541.045249278449,1508.63938112976,695.157834586466,129.155007518797],"iscrowd":0,"metadata":{}}
]}