{"info": {"year":2023,"version":"0.1.0","description":"","url":"","date_created":1695181661032},"categories": [
  {
    "id": 1,
    "datatorch_id": "efdc34be-7bc8-40e6-a7ac-743c961d5b0e",
    "name": "other",
    "supercategory": null
  },
  {
    "id": 2,
    "datatorch_id": "98245cc4-3f97-4a16-8793-42b1f206b1ae",
    "name": "form",
    "supercategory": null
  },
  {
    "id": 3,
    "datatorch_id": "bac47c6d-1482-4149-b2f4-48ae401b6fce",
    "name": "report_title",
    "supercategory": null
  },
  {
    "id": 4,
    "datatorch_id": "f67b4326-b7f3-4891-a799-9e158f3f29a3",
    "name": "references",
    "supercategory": null
  },
  {
    "id": 5,
    "datatorch_id": "28540ac5-369f-447d-8dc0-6c623bdeded1",
    "name": "appendix_list",
    "supercategory": null
  },
  {
    "id": 6,
    "datatorch_id": "432d43ae-9402-465b-8bfa-08b71e3f6e70",
    "name": "list",
    "supercategory": null
  },
  {
    "id": 7,
    "datatorch_id": "866cde06-4b95-4b78-9e9d-615eb63f3b30",
    "name": "form_body",
    "supercategory": null
  },
  {
    "id": 8,
    "datatorch_id": "5c08d4fb-994f-42f5-8a08-eff81cd89470",
    "name": "form_title",
    "supercategory": null
  },
  {
    "id": 9,
    "datatorch_id": "7b220ed9-4839-4860-913e-e54f2b08ed1e",
    "name": "cross",
    "supercategory": null
  },
  {
    "id": 10,
    "datatorch_id": "bedfd226-54a1-411d-88c2-e513cc41e676",
    "name": "table_caption",
    "supercategory": null
  },
  {
    "id": 11,
    "datatorch_id": "3a69775c-e544-484e-9882-ad16eb2d72de",
    "name": "table",
    "supercategory": null
  },
  {
    "id": 12,
    "datatorch_id": "c5dfcaed-726f-42cd-8d24-72c5d6ed4f33",
    "name": "figure_caption",
    "supercategory": null
  },
  {
    "id": 13,
    "datatorch_id": "3f471323-e8c5-4b39-989f-cf5be1aec0f9",
    "name": "figure",
    "supercategory": null
  },
  {
    "id": 14,
    "datatorch_id": "99fb551f-c3d7-44ee-bfe4-335664818c3a",
    "name": "list_of_tables",
    "supercategory": null
  },
  {
    "id": 15,
    "datatorch_id": "d21d3657-a407-44b4-95f4-2f3d6302b266",
    "name": "list_of_figures",
    "supercategory": null
  },
  {
    "id": 16,
    "datatorch_id": "ee631f60-9883-4932-8f12-c50dd827cff1",
    "name": "table_of_contents",
    "supercategory": null
  },
  {
    "id": 17,
    "datatorch_id": "01396395-4edf-4a64-aee8-3045d83f9f59",
    "name": "subsubsubsubsection",
    "supercategory": null
  },
  {
    "id": 18,
    "datatorch_id": "60279c59-c020-4f1b-8221-132da3381de0",
    "name": "subsubsubsection",
    "supercategory": null
  },
  {
    "id": 19,
    "datatorch_id": "10a9f994-272f-449d-a0df-80b9119bc1d1",
    "name": "subsubsection",
    "supercategory": null
  },
  {
    "id": 20,
    "datatorch_id": "91510100-a731-4362-93ef-527524a170ce",
    "name": "subsubsection",
    "supercategory": null
  },
  {
    "id": 21,
    "datatorch_id": "b70e14c2-0849-4366-92ab-9a9a19a43234",
    "name": "subsection",
    "supercategory": null
  },
  {
    "id": 22,
    "datatorch_id": "553058cd-78a1-4549-bf72-7e47c9a279a7",
    "name": "summary",
    "supercategory": null
  },
  {
    "id": 23,
    "datatorch_id": "7ee54f92-1d68-40d6-9662-ee8721ea0609",
    "name": "abstract",
    "supercategory": null
  },
  {
    "id": 24,
    "datatorch_id": "e5aba03c-0aa5-4e2d-8318-1070c9c8cbbb",
    "name": "section",
    "supercategory": null
  },
  {
    "id": 25,
    "datatorch_id": "39ef7a9d-1162-4ae4-8624-f78005de7a54",
    "name": "paragraph",
    "supercategory": null
  },
  {
    "id": 26,
    "datatorch_id": "303bd345-80a9-4705-bb6e-cbb51b49d623",
    "name": "title",
    "supercategory": null
  }
],"images": [
  {
    "id": 1,
    "datatorch_id": "66646381-d08b-410d-9e65-456c0bc4ec40",
    "storage_id": "379fb094-cabd-4982-968e-525c78f3db91",
    "path": "a072247_a72247_16053376-02.jpg",
    "width": 1650,
    "height": 2323,
    "file_name": "a072247_a72247_16053376-02.jpg",
    "metadata": {},
    "date_captured": "2023-09-17T09:32:04.975Z"
  },
  {
    "id": 2,
    "datatorch_id": "94d35be0-53f3-4d95-aab9-1274f9a3d172",
    "storage_id": "379fb094-cabd-4982-968e-525c78f3db91",
    "path": "a072247_a72247_16053376-03.jpg",
    "width": 1650,
    "height": 2323,
    "file_name": "a072247_a72247_16053376-03.jpg",
    "metadata": {},
    "date_captured": "2023-09-17T09:32:04.991Z"
  },
  {
    "id": 3,
    "datatorch_id": "af8e55bc-3965-46eb-82b8-23071087fa48",
    "storage_id": "379fb094-cabd-4982-968e-525c78f3db91",
    "path": "a072247_a72247_16053376-04.jpg",
    "width": 1650,
    "height": 2320,
    "file_name": "a072247_a72247_16053376-04.jpg",
    "metadata": {},
    "date_captured": "2023-09-17T09:32:05.553Z"
  },
  {
    "id": 4,
    "datatorch_id": "dd41600c-0cee-44f9-ad0a-068e5dd96aea",
    "storage_id": "379fb094-cabd-4982-968e-525c78f3db91",
    "path": "a072247_a72247_16053376-05.jpg",
    "width": 1650,
    "height": 2317,
    "file_name": "a072247_a72247_16053376-05.jpg",
    "metadata": {},
    "date_captured": "2023-09-17T09:32:05.569Z"
  },
  {
    "id": 5,
    "datatorch_id": "f348523f-69be-4e75-829e-3cc8e09fa9c4",
    "storage_id": "379fb094-cabd-4982-968e-525c78f3db91",
    "path": "a072247_a72247_16053376-01.jpg",
    "width": 1648,
    "height": 2325,
    "file_name": "a072247_a72247_16053376-01.jpg",
    "metadata": {},
    "date_captured": "2023-09-17T09:32:05.022Z"
  },
  {
    "id": 6,
    "datatorch_id": "e6ffaca4-1272-413b-8506-67f3fc52710d",
    "storage_id": "379fb094-cabd-4982-968e-525c78f3db91",
    "path": "a072247_a72247_16053376-10.jpg",
    "width": 1645,
    "height": 2323,
    "file_name": "a072247_a72247_16053376-10.jpg",
    "metadata": {},
    "date_captured": "2023-09-17T09:32:05.522Z"
  },
  {
    "id": 7,
    "datatorch_id": "54ab3722-1a0f-4d16-ad8e-222e51021a6a",
    "storage_id": "379fb094-cabd-4982-968e-525c78f3db91",
    "path": "a072247_a72247_16053376-11.jpg",
    "width": 1645,
    "height": 2317,
    "file_name": "a072247_a72247_16053376-11.jpg",
    "metadata": {},
    "date_captured": "2023-09-17T09:32:05.569Z"
  },
  {
    "id": 8,
    "datatorch_id": "43e51848-4996-4a42-9528-5b5f806e39f6",
    "storage_id": "379fb094-cabd-4982-968e-525c78f3db91",
    "path": "a072247_a72247_16053376-07.jpg",
    "width": 1650,
    "height": 2320,
    "file_name": "a072247_a72247_16053376-07.jpg",
    "metadata": {},
    "date_captured": "2023-09-17T09:32:05.553Z"
  },
  {
    "id": 9,
    "datatorch_id": "f7e8ad26-00ac-4903-b7f6-54f1faccd3d0",
    "storage_id": "379fb094-cabd-4982-968e-525c78f3db91",
    "path": "a072247_a72247_16053376-09.jpg",
    "width": 1650,
    "height": 2323,
    "file_name": "a072247_a72247_16053376-09.jpg",
    "metadata": {},
    "date_captured": "2023-09-17T09:32:04.959Z"
  },
  {
    "id": 10,
    "datatorch_id": "5be6b0f5-bf0c-475b-8d63-8a9e45338da9",
    "storage_id": "379fb094-cabd-4982-968e-525c78f3db91",
    "path": "a072247_a72247_16053376-08.jpg",
    "width": 1650,
    "height": 2320,
    "file_name": "a072247_a72247_16053376-08.jpg",
    "metadata": {},
    "date_captured": "2023-09-17T09:32:04.975Z"
  },
  {
    "id": 11,
    "datatorch_id": "d0903129-b83d-440d-8692-72388a76dae2",
    "storage_id": "379fb094-cabd-4982-968e-525c78f3db91",
    "path": "a072247_a72247_16053376-06.jpg",
    "width": 1650,
    "height": 2320,
    "file_name": "a072247_a72247_16053376-06.jpg",
    "metadata": {},
    "date_captured": "2023-09-17T09:32:05.569Z"
  }
],"annotations": [
{"id":1,"datatorch_id":"08e792e4-b3f7-4429-9d74-4dbd244d7378","image_id":1,"category_id":3,"segmentation":[[415.28739982648,501.176104512466,1631.9804825332499,501.176104512466,1631.9804825332499,2041.691893986146,415.28739982648,2041.691893986146]],"area":1874334.9,"bbox":[415.28739982648,501.176104512466,1216.69308270677,1540.51578947368],"iscrowd":0,"metadata":{}},
{"id":2,"datatorch_id":"08f7145f-b0b6-4a94-8391-fa48142f65d8","image_id":8,"category_id":24,"segmentation":[[224.963082816141,1370.84285386853,839.123483818647,1370.84285386853,839.123483818647,1435.767966650485,224.963082816141,1435.767966650485]],"area":39874.43,"bbox":[224.963082816141,1370.84285386853,614.160401002506,64.925112781955],"iscrowd":0,"metadata":{}},
{"id":3,"datatorch_id":"1f2dc59e-1190-4b6c-b2fe-4c06983e6c50","image_id":2,"category_id":16,"segmentation":[[183.616181781367,263.147202256826,1304.105625390387,263.147202256826,1304.105625390387,847.9144203019391,183.616181781367,847.9144203019391]],"area":655225.49,"bbox":[183.616181781367,263.147202256826,1120.48944360902,584.767218045113],"iscrowd":0,"metadata":{}},
{"id":4,"datatorch_id":"36a2d72e-f107-4497-8a67-f03878e81735","image_id":11,"category_id":24,"segmentation":[[227.146441212131,606.882553116648,596.392757001605,606.882553116648,596.392757001605,693.5424027407081,227.146441212131,693.5424027407081]],"area":31998.83,"bbox":[227.146441212131,606.882553116648,369.246315789474,86.6598496240601],"iscrowd":0,"metadata":{}},
{"id":5,"datatorch_id":"3e82dd5e-3dbf-4ad0-97a7-a2fa18a7fe58","image_id":3,"category_id":25,"segmentation":[[230.739824670778,1059.07322980838,1464.511754495338,1059.07322980838,1464.511754495338,1836.6947836930929,230.739824670778,1836.6947836930929]],"area":959407.65,"bbox":[230.739824670778,1059.07322980838,1233.77192982456,777.621553884713],"iscrowd":0,"metadata":{}},
{"id":6,"datatorch_id":"48b82869-8bb4-4606-bd75-7cb7dafbe51d","image_id":6,"category_id":13,"segmentation":[[19.2886659918937,13.9818729335183,1649.0914930595636,13.9818729335183,1649.0914930595636,2259.4879902267485,19.2886659918937,2259.4879902267485]],"area":3659732.22,"bbox":[19.2886659918937,13.9818729335183,1629.80282706767,2245.50611729323],"iscrowd":0,"metadata":{}},
{"id":7,"datatorch_id":"491d3e75-751f-4c6e-a609-d25bef793cf7","image_id":8,"category_id":24,"segmentation":[[230.41421063569,1056.49448294121,595.639774545464,1056.49448294121,595.639774545464,1127.0160869512351,230.41421063569,1127.0160869512351]],"area":25756.29,"bbox":[230.41421063569,1056.49448294121,365.225563909774,70.5216040100252],"iscrowd":0,"metadata":{}},
{"id":8,"datatorch_id":"520a07a3-f2cd-4361-aa91-6c3e08f552ef","image_id":8,"category_id":25,"segmentation":[[198.730802114387,1127.01608695123,1509.618020159497,1127.01608695123,1509.618020159497,1341.5724779286738,198.730802114387,1341.5724779286738]],"area":281259.23,"bbox":[198.730802114387,1127.01608695123,1310.88721804511,214.556390977444],"iscrowd":0,"metadata":{}},
{"id":9,"datatorch_id":"5ba322f2-5352-4b5b-88ad-d71a8829f2ee","image_id":4,"category_id":24,"segmentation":[[206.538089114072,249.657247334865,705.5786592895109,249.657247334865,705.5786592895109,322.2449666331107,206.538089114072,322.2449666331107]],"area":36224.22,"bbox":[206.538089114072,249.657247334865,499.040570175439,72.5877192982457],"iscrowd":0,"metadata":{}},
{"id":10,"datatorch_id":"5eae10af-7e13-4dc3-8f36-017373ff8408","image_id":8,"category_id":25,"segmentation":[[214.430050234687,582.775485447475,1514.8511028662672,582.775485447475,1514.8511028662672,1027.5875155226631,214.430050234687,1027.5875155226631]],"area":578442.93,"bbox":[214.430050234687,582.775485447475,1300.42105263158,444.812030075188],"iscrowd":0,"metadata":{}},
{"id":11,"datatorch_id":"5ff63911-8987-4f21-acb8-7682407044e6","image_id":9,"category_id":5,"segmentation":[[673.262662984375,993.547307519984,1066.2513847888858,993.547307519984,1066.2513847888858,1196.591480452315,673.262662984375,1196.591480452315]],"area":79794.07,"bbox":[673.262662984375,993.547307519984,392.988721804511,203.044172932331],"iscrowd":0,"metadata":{}},
{"id":12,"datatorch_id":"6954123e-ae0c-4ce1-a3ff-2941b6b2cf9a","image_id":7,"category_id":13,"segmentation":[[3.58332771056324,5.9251069839879,1660.7853487631933,5.9251069839879,1660.7853487631933,2209.507085931358,3.58332771056324,2209.507085931358]],"area":3651780.51,"bbox":[3.58332771056324,5.9251069839879,1657.20202105263,2203.58197894737],"iscrowd":0,"metadata":{}},
{"id":13,"datatorch_id":"77d74074-f141-4dda-be70-c1f274ef93cf","image_id":3,"category_id":25,"segmentation":[[224.590952490326,681.855184695595,1533.9082457234058,681.855184695595,1533.9082457234058,958.9905230414599,224.590952490326,958.9905230414599]],"area":362858.09,"bbox":[224.590952490326,681.855184695595,1309.31729323308,277.135338345865],"iscrowd":0,"metadata":{}},
{"id":14,"datatorch_id":"81779e88-fb75-4df2-8b01-44ff23febb1f","image_id":3,"category_id":24,"segmentation":[[210.854110385063,260.155936575295,446.342832189574,260.155936575295,446.342832189574,316.6732298083777,210.854110385063,316.6732298083777]],"area":13309.19,"bbox":[210.854110385063,260.155936575295,235.488721804511,56.5172932330827],"iscrowd":0,"metadata":{}},
{"id":15,"datatorch_id":"86d33a29-c789-482e-a6bf-8a366c6ce91b","image_id":5,"category_id":3,"segmentation":[[229.507963714743,417.085978375342,1629.752324617003,417.085978375342,1629.752324617003,2267.296504691132,229.507963714743,2267.296504691132]],"area":2590746.86,"bbox":[229.507963714743,417.085978375342,1400.24436090226,1850.21052631579],"iscrowd":0,"metadata":{}},
{"id":16,"datatorch_id":"92d3cb17-55a5-4500-8fe8-8732781bfd7f","image_id":11,"category_id":25,"segmentation":[[215.842982565514,1740.99623732717,1504.437268279804,1740.99623732717,1504.437268279804,2102.706914018899,215.842982565514,2102.706914018899]],"area":466098.31,"bbox":[215.842982565514,1740.99623732717,1288.59428571429,361.710676691729],"iscrowd":0,"metadata":{}},
{"id":17,"datatorch_id":"aad0fff9-5201-4783-824c-e519761e5bde","image_id":2,"category_id":5,"segmentation":[[104.389655465578,995.049397745548,745.74724945054,995.049397745548,745.74724945054,1225.1835932342701,104.389655465578,1225.1835932342701]],"area":147598.31,"bbox":[104.389655465578,995.049397745548,641.357593984962,230.134195488722],"iscrowd":0,"metadata":{}},
{"id":18,"datatorch_id":"ab138978-103e-4517-a576-629fe143215f","image_id":8,"category_id":25,"segmentation":[[201.34734346777,1435.76796665048,1213.94884722717,1435.76796665048,1213.94884722717,2082.053680936194,201.34734346777,2082.053680936194]],"area":654429.89,"bbox":[201.34734346777,1435.76796665048,1012.6015037594,646.285714285714],"iscrowd":0,"metadata":{}},
{"id":19,"datatorch_id":"b8b79196-9be3-47fb-a941-236efff751f1","image_id":8,"category_id":25,"segmentation":[[217.796666776041,256.126462891084,1487.551854745961,256.126462891084,1487.551854745961,474.65999672567,217.796666776041,474.65999672567]],"area":277484.09,"bbox":[217.796666776041,256.126462891084,1269.75518796992,218.533533834586],"iscrowd":0,"metadata":{}},
{"id":20,"datatorch_id":"bd88c712-e606-4edd-bcee-4a5d0f641ceb","image_id":11,"category_id":24,"segmentation":[[230.914260761003,1032.6461621392,796.08719309183,1032.6461621392,796.08719309183,1108.0025531166436,230.914260761003,1108.0025531166436]],"area":42589.39,"bbox":[230.914260761003,1032.6461621392,565.172932330827,75.3563909774437],"iscrowd":0,"metadata":{}},
{"id":21,"datatorch_id":"c4383e40-ec23-4b23-bf7c-a2abe0dc5115","image_id":11,"category_id":25,"segmentation":[[245.985538956492,1108.00255311665,1564.722381061752,1108.00255311665,1564.722381061752,1643.0329290565,245.985538956492,1643.0329290565]],"area":705564.27,"bbox":[245.985538956492,1108.00255311665,1318.73684210526,535.03037593985],"iscrowd":0,"metadata":{}},
{"id":22,"datatorch_id":"db8d6d5a-d959-45ba-8ef6-687926eb3781","image_id":3,"category_id":24,"segmentation":[[225.855614144462,978.396538079054,618.336817151981,978.396538079054,618.336817151981,1059.0732298083774,225.855614144462,1059.0732298083774]],"area":31664.09,"bbox":[225.855614144462,978.396538079054,392.481203007519,80.6766917293234],"iscrowd":0,"metadata":{}},
{"id":23,"datatorch_id":"e33c1b97-cb45-433c-ac2a-0318ed47a12c","image_id":11,"category_id":25,"segmentation":[[215.842982565514,693.542402740708,1511.9729073775438,693.542402740708,1511.9729073775438,987.432327552738,215.842982565514,987.432327552738]],"area":380919.53,"bbox":[215.842982565514,693.542402740708,1296.12992481203,293.88992481203],"iscrowd":0,"metadata":{}},
{"id":24,"datatorch_id":"e47227ae-09b2-48ee-8f34-fd19377fc05d","image_id":11,"category_id":25,"segmentation":[[227.146441212131,297.921350109129,1481.8303509865711,297.921350109129,1481.8303509865711,565.436538079054,227.146441212131,565.436538079054]],"area":335647,"bbox":[227.146441212131,297.921350109129,1254.68390977444,267.515187969925],"iscrowd":0,"metadata":{}},
{"id":25,"datatorch_id":"ed30744e-ed6f-4c93-989d-bd6b2f3d154d","image_id":10,"category_id":25,"segmentation":[[275.768757001605,275.010914018904,1440.129659257245,275.010914018904,1440.129659257245,458.168808755746,275.768757001605,458.168808755746]],"area":213261.89,"bbox":[275.768757001605,275.010914018904,1164.36090225564,183.157894736842],"iscrowd":0,"metadata":{}},
{"id":26,"datatorch_id":"ed3c886c-5de7-4bd6-9662-e3b0a98202a3","image_id":11,"category_id":24,"segmentation":[[238.449899858747,1684.47894409409,886.514862264762,1684.47894409409,886.514862264762,1740.9962373271726,238.449899858747,1740.9962373271726]],"area":36626.88,"bbox":[238.449899858747,1684.47894409409,648.064962406015,56.5172932330827],"iscrowd":0,"metadata":{}},
{"id":27,"datatorch_id":"ef56625d-30ba-4583-9704-911d4a12b809","image_id":4,"category_id":25,"segmentation":[[179.070896131616,343.440580668198,1574.497211921086,343.440580668198,1574.497211921086,2049.310054352408,179.070896131616,2049.310054352408]],"area":2380415.15,"bbox":[179.070896131616,343.440580668198,1395.42631578947,1705.86947368421],"iscrowd":0,"metadata":{}},
{"id":28,"datatorch_id":"f43271b9-f958-4a3d-878b-ac840845d4cd","image_id":3,"category_id":24,"segmentation":[[221.494711888822,607.719846349731,561.645087828672,607.719846349731,561.645087828672,681.8551846955957,221.494711888822,681.8551846955957]],"area":25217.16,"bbox":[221.494711888822,607.719846349731,340.15037593985,74.1353383458646],"iscrowd":0,"metadata":{}},
{"id":29,"datatorch_id":"f5a12af6-9592-439b-b156-48fc70e75974","image_id":8,"category_id":24,"segmentation":[[236.935562014137,474.65999672567,817.481198104362,474.65999672567,817.481198104362,582.775485447475,236.935562014137,582.775485447475]],"area":62765.98,"bbox":[236.935562014137,474.65999672567,580.545636090225,108.115488721805],"iscrowd":0,"metadata":{}},
{"id":30,"datatorch_id":"f8b6635e-1c40-4907-84be-b4876274cd6f","image_id":3,"category_id":25,"segmentation":[[243.430050234687,316.673229808377,1543.3277945955872,316.673229808377,1543.3277945955872,582.208568154242,243.430050234687,582.208568154242]],"area":345168.79,"bbox":[243.430050234687,316.673229808377,1299.8977443609,265.535338345865],"iscrowd":0,"metadata":{}}
]}