{"info": {"year":2023,"version":"0.1.0","description":"","url":"","date_created":1695182624690},"categories": [
  {
    "id": 1,
    "datatorch_id": "efdc34be-7bc8-40e6-a7ac-743c961d5b0e",
    "name": "other",
    "supercategory": null
  },
  {
    "id": 2,
    "datatorch_id": "98245cc4-3f97-4a16-8793-42b1f206b1ae",
    "name": "form",
    "supercategory": null
  },
  {
    "id": 3,
    "datatorch_id": "bac47c6d-1482-4149-b2f4-48ae401b6fce",
    "name": "report_title",
    "supercategory": null
  },
  {
    "id": 4,
    "datatorch_id": "f67b4326-b7f3-4891-a799-9e158f3f29a3",
    "name": "references",
    "supercategory": null
  },
  {
    "id": 5,
    "datatorch_id": "28540ac5-369f-447d-8dc0-6c623bdeded1",
    "name": "appendix_list",
    "supercategory": null
  },
  {
    "id": 6,
    "datatorch_id": "432d43ae-9402-465b-8bfa-08b71e3f6e70",
    "name": "list",
    "supercategory": null
  },
  {
    "id": 7,
    "datatorch_id": "866cde06-4b95-4b78-9e9d-615eb63f3b30",
    "name": "form_body",
    "supercategory": null
  },
  {
    "id": 8,
    "datatorch_id": "5c08d4fb-994f-42f5-8a08-eff81cd89470",
    "name": "form_title",
    "supercategory": null
  },
  {
    "id": 9,
    "datatorch_id": "7b220ed9-4839-4860-913e-e54f2b08ed1e",
    "name": "cross",
    "supercategory": null
  },
  {
    "id": 10,
    "datatorch_id": "bedfd226-54a1-411d-88c2-e513cc41e676",
    "name": "table_caption",
    "supercategory": null
  },
  {
    "id": 11,
    "datatorch_id": "3a69775c-e544-484e-9882-ad16eb2d72de",
    "name": "table",
    "supercategory": null
  },
  {
    "id": 12,
    "datatorch_id": "c5dfcaed-726f-42cd-8d24-72c5d6ed4f33",
    "name": "figure_caption",
    "supercategory": null
  },
  {
    "id": 13,
    "datatorch_id": "3f471323-e8c5-4b39-989f-cf5be1aec0f9",
    "name": "figure",
    "supercategory": null
  },
  {
    "id": 14,
    "datatorch_id": "99fb551f-c3d7-44ee-bfe4-335664818c3a",
    "name": "list_of_tables",
    "supercategory": null
  },
  {
    "id": 15,
    "datatorch_id": "d21d3657-a407-44b4-95f4-2f3d6302b266",
    "name": "list_of_figures",
    "supercategory": null
  },
  {
    "id": 16,
    "datatorch_id": "ee631f60-9883-4932-8f12-c50dd827cff1",
    "name": "table_of_contents",
    "supercategory": null
  },
  {
    "id": 17,
    "datatorch_id": "01396395-4edf-4a64-aee8-3045d83f9f59",
    "name": "subsubsubsubsection",
    "supercategory": null
  },
  {
    "id": 18,
    "datatorch_id": "60279c59-c020-4f1b-8221-132da3381de0",
    "name": "subsubsubsection",
    "supercategory": null
  },
  {
    "id": 19,
    "datatorch_id": "10a9f994-272f-449d-a0df-80b9119bc1d1",
    "name": "subsubsection",
    "supercategory": null
  },
  {
    "id": 20,
    "datatorch_id": "91510100-a731-4362-93ef-527524a170ce",
    "name": "subsubsection",
    "supercategory": null
  },
  {
    "id": 21,
    "datatorch_id": "b70e14c2-0849-4366-92ab-9a9a19a43234",
    "name": "subsection",
    "supercategory": null
  },
  {
    "id": 22,
    "datatorch_id": "553058cd-78a1-4549-bf72-7e47c9a279a7",
    "name": "summary",
    "supercategory": null
  },
  {
    "id": 23,
    "datatorch_id": "7ee54f92-1d68-40d6-9662-ee8721ea0609",
    "name": "abstract",
    "supercategory": null
  },
  {
    "id": 24,
    "datatorch_id": "e5aba03c-0aa5-4e2d-8318-1070c9c8cbbb",
    "name": "section",
    "supercategory": null
  },
  {
    "id": 25,
    "datatorch_id": "39ef7a9d-1162-4ae4-8624-f78005de7a54",
    "name": "paragraph",
    "supercategory": null
  },
  {
    "id": 26,
    "datatorch_id": "303bd345-80a9-4705-bb6e-cbb51b49d623",
    "name": "title",
    "supercategory": null
  }
],"images": [
  {
    "id": 1,
    "datatorch_id": "45158c2d-f2cd-4504-8bc1-fa16f92d0c5d",
    "storage_id": "379fb094-cabd-4982-968e-525c78f3db91",
    "path": "a072392_a72392_8690590-10.jpg",
    "width": 1654,
    "height": 2338,
    "file_name": "a072392_a72392_8690590-10.jpg",
    "metadata": {},
    "date_captured": "2023-09-20T03:15:31.398Z"
  },
  {
    "id": 2,
    "datatorch_id": "32a02e26-5d6d-4c19-af20-3182d31defad",
    "storage_id": "379fb094-cabd-4982-968e-525c78f3db91",
    "path": "a072392_a72392_8690590-07.jpg",
    "width": 1654,
    "height": 2338,
    "file_name": "a072392_a72392_8690590-07.jpg",
    "metadata": {},
    "date_captured": "2023-09-20T03:15:31.539Z"
  },
  {
    "id": 3,
    "datatorch_id": "95342b4c-ef17-4f1c-a283-0c5c1a3811f6",
    "storage_id": "379fb094-cabd-4982-968e-525c78f3db91",
    "path": "a072392_a72392_8690590-08.jpg",
    "width": 1654,
    "height": 2338,
    "file_name": "a072392_a72392_8690590-08.jpg",
    "metadata": {},
    "date_captured": "2023-09-20T03:15:31.539Z"
  },
  {
    "id": 4,
    "datatorch_id": "a088c8cb-11e8-400d-8dca-1e4bf6681b83",
    "storage_id": "379fb094-cabd-4982-968e-525c78f3db91",
    "path": "a072392_a72392_8690590-03.jpg",
    "width": 1654,
    "height": 2338,
    "file_name": "a072392_a72392_8690590-03.jpg",
    "metadata": {},
    "date_captured": "2023-09-20T03:15:30.648Z"
  },
  {
    "id": 5,
    "datatorch_id": "cebd550d-c085-4a62-9fab-276af5f5eb00",
    "storage_id": "379fb094-cabd-4982-968e-525c78f3db91",
    "path": "a072392_a72392_8690590-02.jpg",
    "width": 1654,
    "height": 2338,
    "file_name": "a072392_a72392_8690590-02.jpg",
    "metadata": {},
    "date_captured": "2023-09-20T03:15:30.883Z"
  },
  {
    "id": 6,
    "datatorch_id": "19898f8c-3b2e-4010-80d7-7287185be511",
    "storage_id": "379fb094-cabd-4982-968e-525c78f3db91",
    "path": "a072392_a72392_8690590-01.jpg",
    "width": 1920,
    "height": 2456,
    "file_name": "a072392_a72392_8690590-01.jpg",
    "metadata": {},
    "date_captured": "2023-09-20T03:15:31.148Z"
  },
  {
    "id": 7,
    "datatorch_id": "d6b9c5ef-8401-44ae-a832-c35250d15a53",
    "storage_id": "379fb094-cabd-4982-968e-525c78f3db91",
    "path": "a072392_a72392_8690590-11.jpg",
    "width": 2339,
    "height": 1654,
    "file_name": "a072392_a72392_8690590-11.jpg",
    "metadata": {},
    "date_captured": "2023-09-20T03:15:31.164Z"
  },
  {
    "id": 8,
    "datatorch_id": "2ce8fde0-9ea2-466d-a6ca-bc6d30b3366b",
    "storage_id": "379fb094-cabd-4982-968e-525c78f3db91",
    "path": "a072392_a72392_8690590-09.jpg",
    "width": 1654,
    "height": 2338,
    "file_name": "a072392_a72392_8690590-09.jpg",
    "metadata": {},
    "date_captured": "2023-09-20T03:15:31.304Z"
  },
  {
    "id": 9,
    "datatorch_id": "2534c776-e627-487d-b5d0-874f46ec5de5",
    "storage_id": "379fb094-cabd-4982-968e-525c78f3db91",
    "path": "a072392_a72392_8690590-06.jpg",
    "width": 1654,
    "height": 2338,
    "file_name": "a072392_a72392_8690590-06.jpg",
    "metadata": {},
    "date_captured": "2023-09-20T03:15:31.320Z"
  },
  {
    "id": 10,
    "datatorch_id": "e5ab9b8a-6107-4ed7-927e-155efd33311a",
    "storage_id": "379fb094-cabd-4982-968e-525c78f3db91",
    "path": "a072392_a72392_8690590-04.jpg",
    "width": 1654,
    "height": 2338,
    "file_name": "a072392_a72392_8690590-04.jpg",
    "metadata": {},
    "date_captured": "2023-09-20T03:15:31.320Z"
  },
  {
    "id": 11,
    "datatorch_id": "8b321249-cc30-4f25-a583-a5cb7e6a5e70",
    "storage_id": "379fb094-cabd-4982-968e-525c78f3db91",
    "path": "a072392_a72392_8690590-05.jpg",
    "width": 1654,
    "height": 2338,
    "file_name": "a072392_a72392_8690590-05.jpg",
    "metadata": {},
    "date_captured": "2023-09-20T03:15:31.539Z"
  }
],"annotations": [
{"id":1,"datatorch_id":"044d964f-2650-4e42-92ba-98be0dce294d","image_id":10,"category_id":1,"segmentation":[[150.430238011009,305.242808859976,697.838659063641,305.242808859976,697.838659063641,479.27438780734394,150.430238011009,479.27438780734394]],"area":95266.35,"bbox":[150.430238011009,305.242808859976,547.408421052632,174.031578947368],"iscrowd":0,"metadata":{}},
{"id":2,"datatorch_id":"087adced-708a-4c60-81f9-67ea712d8f62","image_id":2,"category_id":25,"segmentation":[[210.089669589957,92.5691878073437,1535.8938801162772,92.5691878073437,1535.8938801162772,839.3228720178697,210.089669589957,839.3228720178697]],"area":990049.18,"bbox":[210.089669589957,92.5691878073437,1325.80421052632,746.753684210526],"iscrowd":0,"metadata":{}},
{"id":3,"datatorch_id":"0da6f8ba-e8c5-41f5-9f5f-d3c216e955a1","image_id":1,"category_id":25,"segmentation":[[158.281329543379,1244.81504464945,1455.6076453328492,1244.81504464945,1455.6076453328492,1418.846623596818,158.281329543379,1418.846623596818]],"area":225775.75,"bbox":[158.281329543379,1244.81504464945,1297.32631578947,174.031578947368],"iscrowd":0,"metadata":{}},
{"id":4,"datatorch_id":"1ed9dc06-904a-440f-b060-73a978f9ec2a","image_id":8,"category_id":24,"segmentation":[[219.744027484693,428.260282544186,482.373501168904,428.260282544186,482.373501168904,475.7234404389228,219.744027484693,475.7234404389228]],"area":12465.22,"bbox":[219.744027484693,428.260282544186,262.629473684211,47.4631578947368],"iscrowd":0,"metadata":{}},
{"id":5,"datatorch_id":"346bdc8e-6ec9-4103-8050-968158674684","image_id":8,"category_id":24,"segmentation":[[198.649290642588,980.854493070502,723.8203432741669,980.854493070502,723.8203432741669,1033.5913351757652,198.649290642588,1033.5913351757652]],"area":27695.86,"bbox":[198.649290642588,980.854493070502,525.171052631579,52.7368421052632],"iscrowd":0,"metadata":{}},
{"id":6,"datatorch_id":"402dcf9d-5045-4051-92fd-d3072d18d5c8","image_id":11,"category_id":25,"segmentation":[[216.667711695219,895.895440438923,1469.6950801162689,895.895440438923,1469.6950801162689,1097.1392299126069,216.667711695219,1097.1392299126069]],"area":252163.98,"bbox":[216.667711695219,895.895440438923,1253.02736842105,201.243789473684],"iscrowd":0,"metadata":{}},
{"id":7,"datatorch_id":"424e6445-f4d7-42a0-be41-aaf83e28b5dd","image_id":2,"category_id":25,"segmentation":[[207.980195905747,904.716556228396,1431.4749327478569,904.716556228396,1431.4749327478569,1674.674450965238,207.980195905747,1674.674450965238]],"area":942039.43,"bbox":[207.980195905747,904.716556228396,1223.49473684211,769.957894736842],"iscrowd":0,"metadata":{}},
{"id":8,"datatorch_id":"4acccd9d-34f9-4be8-90a7-1a71afc113b6","image_id":2,"category_id":24,"segmentation":[[168.954932747852,41.9418193862911,827.110722221537,41.9418193862911,827.110722221537,92.5691878073437,168.954932747852,92.5691878073437]],"area":33320.7,"bbox":[168.954932747852,41.9418193862911,658.155789473685,50.6273684210526],"iscrowd":0,"metadata":{}},
{"id":9,"datatorch_id":"4ff56ab5-ca3f-4d51-88fc-05bdfe45d477","image_id":6,"category_id":1,"segmentation":[[712.88759463657,1730.82097729598,1799.4072217042399,1730.82097729598,1799.4072217042399,2453.571918649363,712.88759463657,2453.571918649363]],"area":785283.08,"bbox":[712.88759463657,1730.82097729598,1086.51962706767,722.750941353383],"iscrowd":0,"metadata":{}},
{"id":10,"datatorch_id":"5743b6a3-4dcb-41fb-9a18-b23cfac50b2f","image_id":11,"category_id":11,"segmentation":[[212.501501168904,587.033335175765,1427.5583432741641,587.033335175765,1427.5583432741641,895.8954404389231,212.501501168904,895.8954404389231]],"area":375285.01,"bbox":[212.501501168904,587.033335175765,1215.05684210526,308.862105263158],"iscrowd":0,"metadata":{}},
{"id":11,"datatorch_id":"5829cbd1-dff3-4a4f-941b-a65c60717c0f","image_id":4,"category_id":3,"segmentation":[[133.187400116272,180.707920438924,1543.868393800482,180.707920438924,1543.868393800482,804.032080438924,133.187400116272,804.032080438924]],"area":879311.55,"bbox":[133.187400116272,180.707920438924,1410.68099368421,623.32416],"iscrowd":0,"metadata":{}},
{"id":12,"datatorch_id":"62119547-5fe0-4991-9020-dd87d6ae019f","image_id":11,"category_id":10,"segmentation":[[217.057964326799,444.046177281028,1291.623859063639,444.046177281028,1291.623859063639,587.033335175765,217.057964326799,587.033335175765]],"area":153649.12,"bbox":[217.057964326799,444.046177281028,1074.56589473684,142.987157894737],"iscrowd":0,"metadata":{}},
{"id":13,"datatorch_id":"774c532f-4404-4431-9bce-05f34d26ec12","image_id":1,"category_id":25,"segmentation":[[212.072908490747,20.2655709652398,1512.563434806537,20.2655709652398,1512.563434806537,168.9834657020818,212.072908490747,168.9834657020818]],"area":193406.21,"bbox":[212.072908490747,20.2655709652398,1300.49052631579,148.717894736842],"iscrowd":0,"metadata":{}},
{"id":14,"datatorch_id":"7e48ff89-a881-4e8d-a2a2-603c909e9f94","image_id":10,"category_id":24,"segmentation":[[210.550238011009,482.43859833366,435.20918537943,482.43859833366,435.20918537943,526.737545702081,210.550238011009,526.737545702081]],"area":9952.15,"bbox":[210.550238011009,482.43859833366,224.658947368421,44.298947368421],"iscrowd":0,"metadata":{}},
{"id":15,"datatorch_id":"95b0a497-46f1-46fa-96b1-b89614a6fdb5","image_id":11,"category_id":11,"segmentation":[[212.325711695219,1156.94280885998,1420.878343274169,1156.94280885998,1420.878343274169,1616.19280885998,212.325711695219,1616.19280885998]],"area":555027.8,"bbox":[212.325711695219,1156.94280885998,1208.55263157895,459.25],"iscrowd":0,"metadata":{}},
{"id":16,"datatorch_id":"9ee574fc-95be-4c9d-ace1-1e0f130fb756","image_id":1,"category_id":11,"segmentation":[[177.266592701274,175.311886754713,1461.936066385484,175.311886754713,1461.936066385484,1010.663465702081,177.266592701274,1010.663465702081]],"area":1073150.67,"bbox":[177.266592701274,175.311886754713,1284.66947368421,835.351578947368],"iscrowd":0,"metadata":{}},
{"id":17,"datatorch_id":"a1a586b9-d530-4ecd-8fb4-5f124cddcb33","image_id":3,"category_id":1,"segmentation":[[196.487080116272,1312.95596675471,1408.3797116952219,1312.95596675471,1408.3797116952219,2075.5307035968153,196.487080116272,2075.5307035968153]],"area":924158.7,"bbox":[196.487080116272,1312.95596675471,1211.89263157895,762.574736842105],"iscrowd":0,"metadata":{}},
{"id":18,"datatorch_id":"a4d8870b-46dc-4047-ac77-8d664e4f6266","image_id":11,"category_id":25,"segmentation":[[212.870659063641,288.367019386291,1507.665606432061,288.367019386291,1507.665606432061,444.046177281028,212.870659063641,444.046177281028]],"area":201572.59,"bbox":[212.870659063641,288.367019386291,1294.79494736842,155.679157894737],"iscrowd":0,"metadata":{}},
{"id":19,"datatorch_id":"a51218a0-a39c-46fa-a824-87f1615c7d1f","image_id":9,"category_id":11,"segmentation":[[201.760764326798,555.637335175765,1462.382238011008,555.637335175765,1462.382238011008,1242.903861491554,201.760764326798,1242.903861491554]],"area":866382.94,"bbox":[201.760764326798,555.637335175765,1260.62147368421,687.266526315789],"iscrowd":0,"metadata":{}},
{"id":20,"datatorch_id":"add63eea-07e8-44b2-b564-df8687dfd52b","image_id":8,"category_id":25,"segmentation":[[232.400869589956,475.723440438923,1412.651395905746,475.723440438923,1412.651395905746,950.3550193862909,232.400869589956,950.3550193862909]],"area":560184.17,"bbox":[232.400869589956,475.723440438923,1180.25052631579,474.631578947368],"iscrowd":0,"metadata":{}},
{"id":21,"datatorch_id":"ba080423-b137-43b7-9629-b99a0919cf3c","image_id":11,"category_id":25,"segmentation":[[220.464764326798,1655.30596675471,1435.521606432058,1655.30596675471,1435.521606432058,1966.664282544184,220.464764326798,1966.664282544184]],"area":378318.05,"bbox":[220.464764326798,1655.30596675471,1215.05684210526,311.358315789474],"iscrowd":0,"metadata":{}},
{"id":22,"datatorch_id":"bae9a10a-1d82-4e1c-a6da-28de8ccd5efd","image_id":3,"category_id":25,"segmentation":[[168.00918537943,271.930703596817,1481.15655380048,271.930703596817,1481.15655380048,607.337019386291,168.00918537943,607.337019386291]],"area":440437.92,"bbox":[168.00918537943,271.930703596817,1313.14736842105,335.406315789474],"iscrowd":0,"metadata":{}},
{"id":23,"datatorch_id":"bb03b916-b93b-48e8-a8a6-bb00c56a9b1c","image_id":6,"category_id":3,"segmentation":[[162.448135989954,69.929741205752,1751.5429209523638,69.929741205752,1751.5429209523638,1568.082354739582,162.448135989954,1568.082354739582]],"area":2380706.51,"bbox":[162.448135989954,69.929741205752,1589.09478496241,1498.15261353383],"iscrowd":0,"metadata":{}},
{"id":24,"datatorch_id":"c1d7d33f-5193-46c8-ab63-233f5a8bb49d","image_id":8,"category_id":25,"segmentation":[[213.415606432062,1033.59133517577,1422.144027484692,1033.59133517577,1422.144027484692,1728.750808859981,213.415606432062,1728.750808859981]],"area":840259.01,"bbox":[213.415606432062,1033.59133517577,1208.72842105263,695.159473684211],"iscrowd":0,"metadata":{}},
{"id":25,"datatorch_id":"c96d2f31-6075-4022-9aab-6fca7d054ce6","image_id":2,"category_id":24,"segmentation":[[210.089669589957,836.158661491554,545.495985379431,836.158661491554,545.495985379431,904.716556228396,210.089669589957,904.716556228396]],"area":22994.75,"bbox":[210.089669589957,836.158661491554,335.406315789474,68.5578947368421],"iscrowd":0,"metadata":{}},
{"id":26,"datatorch_id":"cb7f7b04-2ebb-44e2-8f89-d8a53d2f2cf1","image_id":10,"category_id":25,"segmentation":[[204.221816958377,526.737545702081,1444.592343274167,526.737545702081,1444.592343274167,2067.708072017871,204.221816958377,2067.708072017871]],"area":1911374.42,"bbox":[204.221816958377,526.737545702081,1240.37052631579,1540.97052631579],"iscrowd":0,"metadata":{}},
{"id":27,"datatorch_id":"d64605d9-28e7-41c3-8f28-a9bc076becea","image_id":3,"category_id":25,"segmentation":[[196.487080116272,607.337019386291,1550.769185379432,607.337019386291,1550.769185379432,1312.9559667547119,196.487080116272,1312.9559667547119]],"area":955607.11,"bbox":[196.487080116272,607.337019386291,1354.28210526316,705.618947368421],"iscrowd":0,"metadata":{}},
{"id":28,"datatorch_id":"e2532872-b06c-4eba-ac14-8050bea13610","image_id":9,"category_id":25,"segmentation":[[201.760764326798,263.264282544186,1432.0058169583779,263.264282544186,1432.0058169583779,555.637335175765,201.760764326798,555.637335175765]],"area":359690.5,"bbox":[201.760764326798,263.264282544186,1230.24505263158,292.373052631579],"iscrowd":0,"metadata":{}},
{"id":29,"datatorch_id":"e6553d44-b1fc-4b32-bb10-8ad7d659f4a3","image_id":5,"category_id":3,"segmentation":[[113.992595905746,24.7460930705019,1572.0608064320659,24.7460930705019,1572.0608064320659,2284.751819386292,113.992595905746,2284.751819386292]],"area":3295242.51,"bbox":[113.992595905746,24.7460930705019,1458.06821052632,2260.00572631579],"iscrowd":0,"metadata":{}},
{"id":30,"datatorch_id":"ecf24dac-d7af-4659-a04d-8fc6dd8908c1","image_id":9,"category_id":25,"segmentation":[[209.354869589956,1242.90386149155,1462.382238011006,1242.90386149155,1462.382238011006,2017.502598333655,209.354869589956,2017.502598333655]],"area":970593.42,"bbox":[209.354869589956,1242.90386149155,1253.02736842105,774.598736842105],"iscrowd":0,"metadata":{}},
{"id":31,"datatorch_id":"ef6c2c1b-491c-4a2c-8e34-1bfd8e2e9b99","image_id":11,"category_id":10,"segmentation":[[216.667711695219,1092.92731412313,1262.5131222215389,1092.92731412313,1262.5131222215389,1156.9428088599725,216.667711695219,1156.9428088599725]],"area":66950.31,"bbox":[216.667711695219,1092.92731412313,1045.84541052632,64.0154947368426],"iscrowd":0,"metadata":{}},
{"id":32,"datatorch_id":"f1ca7f4c-f662-4026-ad18-640e7153833e","image_id":7,"category_id":13,"segmentation":[[16.4671530256935,12.0072485801679,2324.639248342043,12.0072485801679,2324.639248342043,1629.388270765868,16.4671530256935,1629.388270765868]],"area":3733193.74,"bbox":[16.4671530256935,12.0072485801679,2308.17209531635,1617.3810221857],"iscrowd":0,"metadata":{}}
]}