{"info": {"year":2023,"version":"0.1.0","description":"","url":"","date_created":1695181204146},"categories": [
  {
    "id": 1,
    "datatorch_id": "efdc34be-7bc8-40e6-a7ac-743c961d5b0e",
    "name": "other",
    "supercategory": null
  },
  {
    "id": 2,
    "datatorch_id": "98245cc4-3f97-4a16-8793-42b1f206b1ae",
    "name": "form",
    "supercategory": null
  },
  {
    "id": 3,
    "datatorch_id": "bac47c6d-1482-4149-b2f4-48ae401b6fce",
    "name": "report_title",
    "supercategory": null
  },
  {
    "id": 4,
    "datatorch_id": "f67b4326-b7f3-4891-a799-9e158f3f29a3",
    "name": "references",
    "supercategory": null
  },
  {
    "id": 5,
    "datatorch_id": "28540ac5-369f-447d-8dc0-6c623bdeded1",
    "name": "appendix_list",
    "supercategory": null
  },
  {
    "id": 6,
    "datatorch_id": "432d43ae-9402-465b-8bfa-08b71e3f6e70",
    "name": "list",
    "supercategory": null
  },
  {
    "id": 7,
    "datatorch_id": "866cde06-4b95-4b78-9e9d-615eb63f3b30",
    "name": "form_body",
    "supercategory": null
  },
  {
    "id": 8,
    "datatorch_id": "5c08d4fb-994f-42f5-8a08-eff81cd89470",
    "name": "form_title",
    "supercategory": null
  },
  {
    "id": 9,
    "datatorch_id": "7b220ed9-4839-4860-913e-e54f2b08ed1e",
    "name": "cross",
    "supercategory": null
  },
  {
    "id": 10,
    "datatorch_id": "bedfd226-54a1-411d-88c2-e513cc41e676",
    "name": "table_caption",
    "supercategory": null
  },
  {
    "id": 11,
    "datatorch_id": "3a69775c-e544-484e-9882-ad16eb2d72de",
    "name": "table",
    "supercategory": null
  },
  {
    "id": 12,
    "datatorch_id": "c5dfcaed-726f-42cd-8d24-72c5d6ed4f33",
    "name": "figure_caption",
    "supercategory": null
  },
  {
    "id": 13,
    "datatorch_id": "3f471323-e8c5-4b39-989f-cf5be1aec0f9",
    "name": "figure",
    "supercategory": null
  },
  {
    "id": 14,
    "datatorch_id": "99fb551f-c3d7-44ee-bfe4-335664818c3a",
    "name": "list_of_tables",
    "supercategory": null
  },
  {
    "id": 15,
    "datatorch_id": "d21d3657-a407-44b4-95f4-2f3d6302b266",
    "name": "list_of_figures",
    "supercategory": null
  },
  {
    "id": 16,
    "datatorch_id": "ee631f60-9883-4932-8f12-c50dd827cff1",
    "name": "table_of_contents",
    "supercategory": null
  },
  {
    "id": 17,
    "datatorch_id": "01396395-4edf-4a64-aee8-3045d83f9f59",
    "name": "subsubsubsubsection",
    "supercategory": null
  },
  {
    "id": 18,
    "datatorch_id": "60279c59-c020-4f1b-8221-132da3381de0",
    "name": "subsubsubsection",
    "supercategory": null
  },
  {
    "id": 19,
    "datatorch_id": "10a9f994-272f-449d-a0df-80b9119bc1d1",
    "name": "subsubsection",
    "supercategory": null
  },
  {
    "id": 20,
    "datatorch_id": "91510100-a731-4362-93ef-527524a170ce",
    "name": "subsubsection",
    "supercategory": null
  },
  {
    "id": 21,
    "datatorch_id": "b70e14c2-0849-4366-92ab-9a9a19a43234",
    "name": "subsection",
    "supercategory": null
  },
  {
    "id": 22,
    "datatorch_id": "553058cd-78a1-4549-bf72-7e47c9a279a7",
    "name": "summary",
    "supercategory": null
  },
  {
    "id": 23,
    "datatorch_id": "7ee54f92-1d68-40d6-9662-ee8721ea0609",
    "name": "abstract",
    "supercategory": null
  },
  {
    "id": 24,
    "datatorch_id": "e5aba03c-0aa5-4e2d-8318-1070c9c8cbbb",
    "name": "section",
    "supercategory": null
  },
  {
    "id": 25,
    "datatorch_id": "39ef7a9d-1162-4ae4-8624-f78005de7a54",
    "name": "paragraph",
    "supercategory": null
  },
  {
    "id": 26,
    "datatorch_id": "303bd345-80a9-4705-bb6e-cbb51b49d623",
    "name": "title",
    "supercategory": null
  }
],"images": [
  {
    "id": 1,
    "datatorch_id": "a38d249f-02f4-466f-b5be-9bf017df20c9",
    "storage_id": "379fb094-cabd-4982-968e-525c78f3db91",
    "path": "a072162_a72162_15787731-12.jpg",
    "width": 1645,
    "height": 2323,
    "file_name": "a072162_a72162_15787731-12.jpg",
    "metadata": {},
    "date_captured": "2023-09-16T04:14:42.774Z"
  },
  {
    "id": 2,
    "datatorch_id": "68f2b40e-9ff5-4498-8eb9-36cb64e77dd6",
    "storage_id": "379fb094-cabd-4982-968e-525c78f3db91",
    "path": "a072162_a72162_15787731-11.jpg",
    "width": 1645,
    "height": 2328,
    "file_name": "a072162_a72162_15787731-11.jpg",
    "metadata": {},
    "date_captured": "2023-09-16T04:14:45.415Z"
  },
  {
    "id": 3,
    "datatorch_id": "2e96785c-cf57-4237-8646-d8c5c19e7d40",
    "storage_id": "379fb094-cabd-4982-968e-525c78f3db91",
    "path": "a072162_a72162_15787731-04.jpg",
    "width": 1648,
    "height": 2334,
    "file_name": "a072162_a72162_15787731-04.jpg",
    "metadata": {},
    "date_captured": "2023-09-16T04:14:48.493Z"
  },
  {
    "id": 4,
    "datatorch_id": "93545f93-13d7-4fc6-a3f0-f7042cfd734b",
    "storage_id": "379fb094-cabd-4982-968e-525c78f3db91",
    "path": "a072162_a72162_15787731-08.jpg",
    "width": 1648,
    "height": 2334,
    "file_name": "a072162_a72162_15787731-08.jpg",
    "metadata": {},
    "date_captured": "2023-09-16T04:15:03.837Z"
  },
  {
    "id": 5,
    "datatorch_id": "3b4203f1-1d09-47df-820d-25df163002d0",
    "storage_id": "379fb094-cabd-4982-968e-525c78f3db91",
    "path": "a072162_a72162_15787731-03.jpg",
    "width": 1648,
    "height": 2328,
    "file_name": "a072162_a72162_15787731-03.jpg",
    "metadata": {},
    "date_captured": "2023-09-16T04:15:03.790Z"
  },
  {
    "id": 6,
    "datatorch_id": "a79fea9a-2019-43a5-b4ea-3c7335359cad",
    "storage_id": "379fb094-cabd-4982-968e-525c78f3db91",
    "path": "a072162_a72162_15787731-10.jpg",
    "width": 1648,
    "height": 2328,
    "file_name": "a072162_a72162_15787731-10.jpg",
    "metadata": {},
    "date_captured": "2023-09-16T04:15:03.837Z"
  },
  {
    "id": 7,
    "datatorch_id": "7576a926-ef28-4872-8843-eac863bc605b",
    "storage_id": "379fb094-cabd-4982-968e-525c78f3db91",
    "path": "a072162_a72162_15787731-09.jpg",
    "width": 1648,
    "height": 2328,
    "file_name": "a072162_a72162_15787731-09.jpg",
    "metadata": {},
    "date_captured": "2023-09-16T04:15:03.978Z"
  },
  {
    "id": 8,
    "datatorch_id": "66b0545f-3bbc-445d-bcf8-9182c75f33a1",
    "storage_id": "379fb094-cabd-4982-968e-525c78f3db91",
    "path": "a072162_a72162_15787731-02.jpg",
    "width": 1648,
    "height": 2325,
    "file_name": "a072162_a72162_15787731-02.jpg",
    "metadata": {},
    "date_captured": "2023-09-16T04:14:19.711Z"
  },
  {
    "id": 9,
    "datatorch_id": "1e7a8536-b82b-4aff-9e9d-afdb531fbbc6",
    "storage_id": "379fb094-cabd-4982-968e-525c78f3db91",
    "path": "a072162_a72162_15787731-01.jpg",
    "width": 1648,
    "height": 2328,
    "file_name": "a072162_a72162_15787731-01.jpg",
    "metadata": {},
    "date_captured": "2023-09-16T04:14:28.899Z"
  },
  {
    "id": 10,
    "datatorch_id": "3a03cc01-5c88-4e66-ab21-7b3d5e4d085c",
    "storage_id": "379fb094-cabd-4982-968e-525c78f3db91",
    "path": "a072162_a72162_15787731-06.jpg",
    "width": 1650,
    "height": 2331,
    "file_name": "a072162_a72162_15787731-06.jpg",
    "metadata": {},
    "date_captured": "2023-09-16T04:14:41.868Z"
  },
  {
    "id": 11,
    "datatorch_id": "06d97056-cca5-4b70-9b8c-9d89d32c6bf8",
    "storage_id": "379fb094-cabd-4982-968e-525c78f3db91",
    "path": "a072162_a72162_15787731-05.jpg",
    "width": 1648,
    "height": 2328,
    "file_name": "a072162_a72162_15787731-05.jpg",
    "metadata": {},
    "date_captured": "2023-09-16T04:15:03.853Z"
  },
  {
    "id": 12,
    "datatorch_id": "2021a9df-3d45-4648-9533-d704dd0e40ad",
    "storage_id": "379fb094-cabd-4982-968e-525c78f3db91",
    "path": "a072162_a72162_15787731-07.jpg",
    "width": 1648,
    "height": 2328,
    "file_name": "a072162_a72162_15787731-07.jpg",
    "metadata": {},
    "date_captured": "2023-09-16T04:15:03.978Z"
  }
],"annotations": [
{"id":1,"datatorch_id":"0a906e44-7ca0-4cc1-84ee-816d2fd596c4","image_id":11,"category_id":25,"segmentation":[[172.816365938115,1524.38686059823,1549.6620802238251,1524.38686059823,1549.6620802238251,1990.6870109741699,172.816365938115,1990.6870109741699]],"area":642023.36,"bbox":[172.816365938115,1524.38686059823,1376.84571428571,466.30015037594],"iscrowd":0,"metadata":{}},
{"id":2,"datatorch_id":"117d63ff-a25e-4a40-81e7-596f76ce9f71","image_id":6,"category_id":13,"segmentation":[[119.132335862927,203.710710222287,1612.553087742627,203.710710222287,1612.553087742627,2215.102710222287,119.132335862927,2215.102710222287]],"area":3003854.55,"bbox":[119.132335862927,203.710710222287,1493.4207518797,2011.392],"iscrowd":0,"metadata":{}},
{"id":3,"datatorch_id":"17920a2f-4a6b-447f-973c-35d74ac6ed02","image_id":12,"category_id":25,"segmentation":[[172.441979973203,1655.06457989647,1592.4344611762128,1655.06457989647,1592.4344611762128,2072.966835535568,172.441979973203,2072.966835535568]],"area":593418.06,"bbox":[172.441979973203,1655.06457989647,1419.99248120301,417.902255639098],"iscrowd":0,"metadata":{}},
{"id":4,"datatorch_id":"184503df-5bef-4eb8-8b4d-404ebfb5abaf","image_id":10,"category_id":21,"segmentation":[[181.898106507352,1100.9770766557,552.8951591389309,1100.9770766557,552.8951591389309,1165.3337082346477,181.898106507352,1165.3337082346477]],"area":23876.12,"bbox":[181.898106507352,1100.9770766557,370.997052631579,64.3566315789476],"iscrowd":0,"metadata":{}},
{"id":5,"datatorch_id":"18ba6a68-11e9-4f34-a031-bc402ed7fa22","image_id":4,"category_id":24,"segmentation":[[170.611591437491,424.6671212846,676.019110234483,424.6671212846,676.019110234483,478.3666701567805,170.611591437491,478.3666701567805]],"area":27140.16,"bbox":[170.611591437491,424.6671212846,505.407518796992,53.6995488721805],"iscrowd":0,"metadata":{}},
{"id":6,"datatorch_id":"19696ad6-68ee-425e-ad28-ae09adee478c","image_id":1,"category_id":13,"segmentation":[[188.305789153966,2057.43596017941,1440.775400682786,2057.43596017941,1440.775400682786,2133.8504338636208,188.305789153966,2133.8504338636208]],"area":95706.81,"bbox":[188.305789153966,2057.43596017941,1252.46961152882,76.4144736842109],"iscrowd":0,"metadata":{}},
{"id":7,"datatorch_id":"1b4c9f53-9038-4d3b-b967-e1ec53b0f6c3","image_id":10,"category_id":25,"segmentation":[[181.898106507352,1165.33370823465,1385.745685454722,1165.33370823465,1385.745685454722,1241.0473924451762,181.898106507352,1241.0473924451762]],"area":91147.74,"bbox":[181.898106507352,1165.33370823465,1203.84757894737,75.7136842105263],"iscrowd":0,"metadata":{}},
{"id":8,"datatorch_id":"1e6a3fef-0b5e-460a-a622-1a0e435e3035","image_id":12,"category_id":11,"segmentation":[[278.217198018315,1040.80515132504,1408.679995010795,1040.80515132504,1408.679995010795,1611.7077678663932,278.217198018315,1611.7077678663932]],"area":645384.17,"bbox":[278.217198018315,1040.80515132504,1130.46279699248,570.902616541353],"iscrowd":0,"metadata":{}},
{"id":9,"datatorch_id":"2e8f107a-e6e5-41c4-a857-2f093f240053","image_id":10,"category_id":25,"segmentation":[[162.96968545472,669.409076655699,1525.8160012441901,669.409076655699,1525.8160012441901,907.907181918857,162.96968545472,907.907181918857]],"area":325036.26,"bbox":[162.96968545472,669.409076655699,1362.84631578947,238.498105263158],"iscrowd":0,"metadata":{}},
{"id":10,"datatorch_id":"2ef70dcd-911f-4bb3-bce1-ae53445988e6","image_id":11,"category_id":25,"segmentation":[[172.816365938115,1351.09964255311,1533.9086967651851,1351.09964255311,1533.9086967651851,1467.674680147095,172.816365938115,1467.674680147095]],"area":158669.39,"bbox":[172.816365938115,1351.09964255311,1361.09233082707,116.575037593985],"iscrowd":0,"metadata":{}},
{"id":11,"datatorch_id":"3267a337-346c-4f07-8fa3-cdb3db132fd5","image_id":2,"category_id":13,"segmentation":[[189.082681727589,1174.22415383131,1386.339824584729,1174.22415383131,1386.339824584729,2064.290319244844,189.082681727589,2064.290319244844]],"area":1065638.07,"bbox":[189.082681727589,1174.22415383131,1197.25714285714,890.066165413534],"iscrowd":0,"metadata":{}},
{"id":12,"datatorch_id":"3952627f-4e98-4e11-bb5c-21f53fa7fcf2","image_id":3,"category_id":24,"segmentation":[[143.586328279596,1142.50373782595,500.530388429972,1142.50373782595,500.530388429972,1208.8384746680554,143.586328279596,1208.8384746680554]],"area":23677.79,"bbox":[143.586328279596,1142.50373782595,356.944060150376,66.3347368421053],"iscrowd":0,"metadata":{}},
{"id":13,"datatorch_id":"3d6ee74b-e12a-459d-949c-0b8788df029b","image_id":10,"category_id":25,"segmentation":[[174.326738086299,340.05455033991,1525.816001244189,340.05455033991,1525.816001244189,589.909708234647,174.326738086299,589.909708234647]],"area":337676.56,"bbox":[174.326738086299,340.05455033991,1351.48926315789,249.855157894737],"iscrowd":0,"metadata":{}},
{"id":14,"datatorch_id":"522b8881-04e2-43c5-bd89-9a75500329bc","image_id":7,"category_id":12,"segmentation":[[161.964035111047,261.578138793716,1475.796215562177,261.578138793716,1475.796215562177,384.45452977115997,161.964035111047,384.45452977115997]],"area":161438.96,"bbox":[161.964035111047,261.578138793716,1313.83218045113,122.876390977444],"iscrowd":0,"metadata":{}},
{"id":15,"datatorch_id":"53f0e4ca-b19e-447d-b58e-6904a6388fad","image_id":2,"category_id":13,"segmentation":[[186.457117817814,247.400093680934,1404.718771953154,247.400093680934,1404.718771953154,1142.717386914017,186.457117817814,1142.717386914017]],"area":1090730.73,"bbox":[186.457117817814,247.400093680934,1218.26165413534,895.317293233083],"iscrowd":0,"metadata":{}},
{"id":16,"datatorch_id":"54385191-e517-4998-be07-2becbc31c932","image_id":11,"category_id":21,"segmentation":[[172.816365938115,1269.18204856815,601.308396013303,1269.18204856815,601.308396013303,1351.0996425531125,172.816365938115,1351.0996425531125]],"area":35101.04,"bbox":[172.816365938115,1269.18204856815,428.492030075188,81.9175939849624],"iscrowd":0,"metadata":{}},
{"id":17,"datatorch_id":"5688b66e-dad8-413d-9c1a-280ee0bd2625","image_id":10,"category_id":21,"segmentation":[[193.255159138931,911.692866129384,806.536001244194,911.692866129384,806.536001244194,972.2638134978051,193.255159138931,972.2638134978051]],"area":37147,"bbox":[193.255159138931,911.692866129384,613.280842105263,60.5709473684211],"iscrowd":0,"metadata":{}},
{"id":18,"datatorch_id":"58a43acf-1e86-4da2-9549-63d950e291ea","image_id":11,"category_id":24,"segmentation":[[172.816365938115,270.417537289956,437.473208043378,270.417537289956,437.473208043378,327.12971774108377,172.816365938115,327.12971774108377]],"area":15009.27,"bbox":[172.816365938115,270.417537289956,264.656842105263,56.7121804511278],"iscrowd":0,"metadata":{}},
{"id":19,"datatorch_id":"5e750542-8737-4bf3-9c71-e0bc6c6647ec","image_id":1,"category_id":13,"segmentation":[[188.305789153966,1165.93376719696,1409.117975870756,1165.93376719696,1409.117975870756,2057.435960179416,188.305789153966,2057.435960179416]],"area":1088356.74,"bbox":[188.305789153966,1165.93376719696,1220.81218671679,891.502192982456],"iscrowd":0,"metadata":{}},
{"id":20,"datatorch_id":"5f730ad1-099f-4f56-8196-2ec4052337e3","image_id":5,"category_id":25,"segmentation":[[123.98087721631,344.370920748603,1529.18268172759,344.370920748603,1529.18268172759,1985.873477139583,123.98087721631,1985.873477139583]],"area":2306642.35,"bbox":[123.98087721631,344.370920748603,1405.20180451128,1641.50255639098],"iscrowd":0,"metadata":{}},
{"id":21,"datatorch_id":"6328838a-97c1-4ecd-b1b3-a70f7decc369","image_id":11,"category_id":21,"segmentation":[[172.816365938115,1467.6746801471,525.692155411799,1467.6746801471,525.692155411799,1524.3868605982275,172.816365938115,1524.3868605982275]],"area":20012.36,"bbox":[172.816365938115,1467.6746801471,352.875789473684,56.7121804511276],"iscrowd":0,"metadata":{}},
{"id":22,"datatorch_id":"63ccfbd2-c5e8-4bd1-b172-b019ee6c9f1c","image_id":1,"category_id":13,"segmentation":[[176.753133661067,246.320298497428,1403.632484037007,246.320298497428,1403.632484037007,1133.65739323427,176.753133661067,1133.65739323427]],"area":1088655.56,"bbox":[176.753133661067,246.320298497428,1226.87935037594,887.337094736842],"iscrowd":0,"metadata":{}},
{"id":23,"datatorch_id":"64a6cfde-169d-4e9e-beff-3714e1428b1b","image_id":8,"category_id":16,"segmentation":[[453.791798301209,263.076579879101,1278.205332135795,263.076579879101,1278.205332135795,945.8923693527851,453.791798301209,945.8923693527851]],"area":562922.58,"bbox":[453.791798301209,263.076579879101,824.413533834586,682.815789473684],"iscrowd":0,"metadata":{}},
{"id":24,"datatorch_id":"64ee7a72-f97b-46bc-a316-f5e0416c1d36","image_id":12,"category_id":25,"segmentation":[[174.629949898015,283.20743703933,1524.6073935070349,283.20743703933,1524.6073935070349,998.673602452864,174.629949898015,998.673602452864]],"area":965863.18,"bbox":[174.629949898015,283.20743703933,1349.97744360902,715.466165413534],"iscrowd":0,"metadata":{}},
{"id":25,"datatorch_id":"656b3fc5-4b96-466b-9703-423ae922e397","image_id":4,"category_id":24,"segmentation":[[180.087982414934,541.542610006404,625.478358354784,541.542610006404,625.478358354784,585.7657679011407,180.087982414934,585.7657679011407]],"area":19696.57,"bbox":[180.087982414934,541.542610006404,445.39037593985,44.2231578947368],"iscrowd":0,"metadata":{}},
{"id":26,"datatorch_id":"6ffff3bf-fdc4-4d34-8f2d-8f581bf868ea","image_id":4,"category_id":25,"segmentation":[[139.023621512679,225.662910758284,1516.259110234479,225.662910758284,1516.259110234479,405.71433932971297,139.023621512679,405.71433932971297]],"area":247973.22,"bbox":[139.023621512679,225.662910758284,1377.2354887218,180.051428571429],"iscrowd":0,"metadata":{}},
{"id":27,"datatorch_id":"72267d3d-2246-4042-9231-2cc200cc8a24","image_id":4,"category_id":25,"segmentation":[[170.611591437491,475.207873164299,1370.954448580351,475.207873164299,1370.954448580351,535.2250160214419,170.611591437491,535.2250160214419]],"area":72041.15,"bbox":[170.611591437491,475.207873164299,1200.34285714286,60.0171428571429],"iscrowd":0,"metadata":{}},
{"id":28,"datatorch_id":"786a2bb6-7257-46d6-b2b3-214d2caa9189","image_id":10,"category_id":21,"segmentation":[[174.326738086299,1418.97455033991,730.822317033667,1418.97455033991,730.822317033667,1502.2596029714887,174.326738086299,1502.2596029714887]],"area":46347.76,"bbox":[174.326738086299,1418.97455033991,556.495578947368,83.2850526315788],"iscrowd":0,"metadata":{}},
{"id":29,"datatorch_id":"7be3d341-2ef4-4985-a13d-d8aa4005e5d6","image_id":12,"category_id":24,"segmentation":[[161.012025085984,239.273000949105,527.750792003277,239.273000949105,527.750792003277,283.20743703933,161.012025085984,283.20743703933]],"area":16112.46,"bbox":[161.012025085984,239.273000949105,366.738766917293,43.934436090225],"iscrowd":0,"metadata":{}},
{"id":30,"datatorch_id":"8a23808f-63d6-45a3-b266-7d2c54528607","image_id":1,"category_id":13,"segmentation":[[176.753133661067,1133.65739323427,1174.416378126397,1133.65739323427,1174.416378126397,1165.9337671969554,176.753133661067,1165.9337671969554]],"area":32200.95,"bbox":[176.753133661067,1133.65739323427,997.66324446533,32.2763739626853],"iscrowd":0,"metadata":{}},
{"id":31,"datatorch_id":"9647fc7c-65b5-470f-a95e-f93c83863944","image_id":3,"category_id":24,"segmentation":[[153.06271925704,258.040579931216,513.165576399897,258.040579931216,513.165576399897,330.6929107582837,153.06271925704,330.6929107582837]],"area":26162.31,"bbox":[153.06271925704,258.040579931216,360.102857142857,72.6523308270677],"iscrowd":0,"metadata":{}},
{"id":32,"datatorch_id":"9df76b98-d88e-461c-bff8-d06cce12a7d3","image_id":2,"category_id":12,"segmentation":[[186.457117817814,1139.04159744033,980.952756915558,1139.04159744033,980.952756915558,1174.2241538313076,186.457117817814,1174.2241538313076]],"area":27952.39,"bbox":[186.457117817814,1139.04159744033,794.495639097744,35.1825563909777],"iscrowd":0,"metadata":{}},
{"id":33,"datatorch_id":"9e4e24f2-25ec-434c-bccd-615ac28d8778","image_id":4,"category_id":25,"segmentation":[[180.087982414934,585.765767901141,1585.752644069074,585.765767901141,1585.752644069074,1536.5636626379828,180.087982414934,1536.5636626379828]],"area":1336503,"bbox":[180.087982414934,585.765767901141,1405.66466165414,950.797894736842],"iscrowd":0,"metadata":{}},
{"id":34,"datatorch_id":"a5d1a588-94bd-4088-aebb-5dc7f8a46e47","image_id":10,"category_id":21,"segmentation":[[181.898106507352,1256.19012928728,397.682106507352,1256.19012928728,397.682106507352,1320.5467608662273,181.898106507352,1320.5467608662273]],"area":13887.13,"bbox":[181.898106507352,1256.19012928728,215.784,64.3566315789474],"iscrowd":0,"metadata":{}},
{"id":35,"datatorch_id":"a61f8636-9cd4-4658-9962-782d5305677a","image_id":9,"category_id":3,"segmentation":[[56.8959689456339,191.136009470407,1381.692504283984,191.136009470407,1381.692504283984,1828.983780898977,56.8959689456339,1828.983780898977]],"area":2169815.05,"bbox":[56.8959689456339,191.136009470407,1324.79653533835,1637.84777142857],"iscrowd":0,"metadata":{}},
{"id":36,"datatorch_id":"b3ee3b4b-b986-4f24-907b-f98edb4fe742","image_id":10,"category_id":25,"segmentation":[[181.898106507352,1320.54676086623,1559.887159138932,1320.54676086623,1559.887159138932,1407.6174977083351,181.898106507352,1407.6174977083351]],"area":119982.52,"bbox":[181.898106507352,1320.54676086623,1377.98905263158,87.0707368421051],"iscrowd":0,"metadata":{}},
{"id":37,"datatorch_id":"c124d48d-4cc1-46a1-9b99-72f180538495","image_id":10,"category_id":25,"segmentation":[[151.612632823141,983.620866129383,1544.744422296821,983.620866129383,1544.744422296821,1097.191392445173,151.612632823141,1097.191392445173]],"area":158218.71,"bbox":[151.612632823141,983.620866129383,1393.13178947368,113.57052631579],"iscrowd":0,"metadata":{}},
{"id":38,"datatorch_id":"c2cc5d58-3963-4eb7-9e5f-6206fd75c8e0","image_id":10,"category_id":21,"segmentation":[[174.326738086299,268.12655033991,537.752422296825,268.12655033991,537.752422296825,340.05455033991,174.326738086299,340.05455033991]],"area":26140.48,"bbox":[174.326738086299,268.12655033991,363.425684210526,71.928],"iscrowd":0,"metadata":{}},
{"id":39,"datatorch_id":"cd85742b-f450-443a-8109-c614ce547788","image_id":3,"category_id":25,"segmentation":[[162.539110234483,1208.83847466806,1555.5685839186929,1208.83847466806,1555.5685839186929,1963.790955871068,162.539110234483,1963.790955871068]],"area":1051671.06,"bbox":[162.539110234483,1208.83847466806,1393.02947368421,754.952481203008],"iscrowd":0,"metadata":{}},
{"id":40,"datatorch_id":"d4884b70-3ca2-41c1-96d4-3fd3393e976b","image_id":7,"category_id":13,"segmentation":[[168.265388494506,384.454529771159,1497.8509524042759,384.454529771159,1497.8509524042759,2243.353777891459,168.265388494506,2243.353777891459]],"area":2471565.61,"bbox":[168.265388494506,384.454529771159,1329.58556390977,1858.8992481203],"iscrowd":0,"metadata":{}},
{"id":41,"datatorch_id":"d96e76b4-1aac-4a27-af6a-335166dcbba2","image_id":3,"category_id":25,"segmentation":[[168.856704219445,330.692910758284,1565.044974896135,330.692910758284,1565.044974896135,1133.02734684851,168.856704219445,1133.02734684851]],"area":1120209.93,"bbox":[168.856704219445,330.692910758284,1396.18827067669,802.334436090226],"iscrowd":0,"metadata":{}},
{"id":42,"datatorch_id":"dbdcb84b-b491-4d6f-ad6b-e7a318dd338d","image_id":11,"category_id":24,"segmentation":[[166.515012554656,1212.46986811702,667.472606539618,1212.46986811702,667.472606539618,1269.1820485681478,166.515012554656,1269.1820485681478]],"area":28410.4,"bbox":[166.515012554656,1212.46986811702,500.957593984962,56.7121804511278],"iscrowd":0,"metadata":{}},
{"id":43,"datatorch_id":"dd8d5052-b256-43a3-806d-38209ea1b212","image_id":4,"category_id":24,"segmentation":[[167.452794445009,1558.67524158535,499.12647865553504,1558.67524158535,499.12647865553504,1599.7396024876057,167.452794445009,1599.7396024876057]],"area":13619.97,"bbox":[167.452794445009,1558.67524158535,331.673684210526,41.0643609022557],"iscrowd":0,"metadata":{}},
{"id":44,"datatorch_id":"def22a4c-d181-4780-a6c0-87a4c7146c17","image_id":10,"category_id":25,"segmentation":[[181.898106507352,1502.25960297149,1548.530106507352,1502.25960297149,1548.530106507352,1672.6153924451742,181.898106507352,1672.6153924451742]],"area":232813.67,"bbox":[181.898106507352,1502.25960297149,1366.632,170.355789473684],"iscrowd":0,"metadata":{}},
{"id":45,"datatorch_id":"e6a46b69-9aa3-4f53-ba2b-3ab5621053ba","image_id":2,"category_id":12,"segmentation":[[190.763042629844,2064.29031924484,1362.814771953154,2064.29031924484,1362.814771953154,2147.2581387937116,190.763042629844,2147.2581387937116]],"area":97242.58,"bbox":[190.763042629844,2064.29031924484,1172.05172932331,82.9678195488718],"iscrowd":0,"metadata":{}},
{"id":46,"datatorch_id":"e8d96327-b6f1-4a26-8a47-6a2dcac4d9da","image_id":11,"category_id":25,"segmentation":[[172.816365938115,327.129717741084,1515.0046366148051,327.129717741084,1515.0046366148051,1152.607010974167,172.816365938115,1152.607010974167]],"area":1107945.94,"bbox":[172.816365938115,327.129717741084,1342.18827067669,825.477293233083],"iscrowd":0,"metadata":{}},
{"id":47,"datatorch_id":"f04e02fe-0e1d-4716-a11e-8ca9de76b1d2","image_id":5,"category_id":24,"segmentation":[[120.830200524581,249.850619996723,423.295162930596,249.850619996723,423.295162930596,344.3709207486027,120.830200524581,344.3709207486027]],"area":28589.08,"bbox":[120.830200524581,249.850619996723,302.464962406015,94.5203007518797],"iscrowd":0,"metadata":{}},
{"id":48,"datatorch_id":"f90ae1d4-1195-4efd-b182-3b5980867067","image_id":10,"category_id":21,"segmentation":[[162.96968545472,597.481076655699,715.679580191562,597.481076655699,715.679580191562,669.409076655699,162.96968545472,669.409076655699]],"area":39755.32,"bbox":[162.96968545472,597.481076655699,552.709894736842,71.928],"iscrowd":0,"metadata":{}},
{"id":49,"datatorch_id":"fd481560-3c33-4666-a83d-4444d2d0a620","image_id":4,"category_id":25,"segmentation":[[182.003734294634,1599.73960248761,1558.493395948774,1599.73960248761,1558.493395948774,2086.091970908663,182.003734294634,2086.091970908663]],"area":669459.01,"bbox":[182.003734294634,1599.73960248761,1376.48966165414,486.352368421053],"iscrowd":0,"metadata":{}}
]}