{"info": {"year":2023,"version":"0.1.0","description":"","url":"","date_created":1695191215787},"categories": [
  {
    "id": 1,
    "datatorch_id": "ea6a231b-d390-4ea6-88e1-6d99d36018a5",
    "name": "references",
    "supercategory": null
  },
  {
    "id": 2,
    "datatorch_id": "1063f0c2-a886-4121-838b-6bbf199ec21e",
    "name": "list",
    "supercategory": null
  },
  {
    "id": 3,
    "datatorch_id": "a53a6729-a94d-4f74-913c-bd222ebbce0d",
    "name": "appendix_list",
    "supercategory": null
  },
  {
    "id": 4,
    "datatorch_id": "8a765348-148e-4280-93e7-911ad854ec0b",
    "name": "cross",
    "supercategory": null
  },
  {
    "id": 5,
    "datatorch_id": "2be5156a-b962-4988-b879-89b159ac0a94",
    "name": "table_caption",
    "supercategory": null
  },
  {
    "id": 6,
    "datatorch_id": "1af8b78f-669f-4554-bebc-3986baee5a1c",
    "name": "table",
    "supercategory": null
  },
  {
    "id": 7,
    "datatorch_id": "3c954454-0bd6-47f9-89cf-52da19baf90d",
    "name": "figure_caption",
    "supercategory": null
  },
  {
    "id": 8,
    "datatorch_id": "3a501698-425e-457a-8ebe-321109d4d594",
    "name": "figure",
    "supercategory": null
  },
  {
    "id": 9,
    "datatorch_id": "0d1cf435-1d24-4ae4-8760-de7d4ca8b4a2",
    "name": "list_of_tables",
    "supercategory": null
  },
  {
    "id": 10,
    "datatorch_id": "1910fde7-e3d7-44cf-a653-984b82088e8f",
    "name": "list_of_figures",
    "supercategory": null
  },
  {
    "id": 11,
    "datatorch_id": "2760da17-b8bf-4824-bda9-1a6c75cfb31a",
    "name": "table_of_contents",
    "supercategory": null
  },
  {
    "id": 12,
    "datatorch_id": "2d7ae022-e4b2-4454-82f9-6a21616cc1a1",
    "name": "subsubsubsection",
    "supercategory": null
  },
  {
    "id": 13,
    "datatorch_id": "78fdef56-aec3-43df-87be-9f219106f30b",
    "name": "subsubsection",
    "supercategory": null
  },
  {
    "id": 14,
    "datatorch_id": "a24ef245-0e7a-492e-b263-09d3fda426d8",
    "name": "subsection",
    "supercategory": null
  },
  {
    "id": 15,
    "datatorch_id": "2cb917fd-36d2-4af5-a88b-e9b7ad28c733",
    "name": "summary",
    "supercategory": null
  },
  {
    "id": 16,
    "datatorch_id": "b66fb620-4716-406d-a020-b97ecc4817c2",
    "name": "abstract",
    "supercategory": null
  },
  {
    "id": 17,
    "datatorch_id": "418130a4-f8a1-4218-99c8-a30542254019",
    "name": "section",
    "supercategory": null
  },
  {
    "id": 18,
    "datatorch_id": "ec6c7fda-bed5-4baf-97b1-95207a7890ba",
    "name": "paragraph",
    "supercategory": null
  },
  {
    "id": 19,
    "datatorch_id": "62a18526-d943-4993-a65e-2e91c2af6485",
    "name": "title",
    "supercategory": null
  },
  {
    "id": 20,
    "datatorch_id": "ab700373-3415-495f-8e5f-0609d9088715",
    "name": "other",
    "supercategory": null
  },
  {
    "id": 21,
    "datatorch_id": "27ef4a36-ce65-4f9e-a6a5-8fc1d422b062",
    "name": "form",
    "supercategory": null
  },
  {
    "id": 22,
    "datatorch_id": "7ce4fbc5-dafd-44a1-9d6b-80d965ba8dd5",
    "name": "report_title",
    "supercategory": null
  }
],"images": [
  {
    "id": 1,
    "datatorch_id": "32f4936b-f4a6-4032-9851-6afd5cf6ebff",
    "storage_id": "66fd663e-2150-4306-958e-7014007cac52",
    "path": "a072059_p52-1041-1042_2005a_12884828-13.jpg",
    "width": 1653,
    "height": 2339,
    "file_name": "a072059_p52-1041-1042_2005a_12884828-13.jpg",
    "metadata": {},
    "date_captured": "2023-09-20T04:17:09.379Z"
  },
  {
    "id": 2,
    "datatorch_id": "144229b1-ea7c-43b0-ac34-452b6a887325",
    "storage_id": "66fd663e-2150-4306-958e-7014007cac52",
    "path": "a072059_p52-1041-1042_2005a_12884828-16.jpg",
    "width": 1653,
    "height": 2339,
    "file_name": "a072059_p52-1041-1042_2005a_12884828-16.jpg",
    "metadata": {},
    "date_captured": "2023-09-20T04:17:09.347Z"
  },
  {
    "id": 3,
    "datatorch_id": "be2f459d-0c3c-463b-9e97-66d021a10d15",
    "storage_id": "66fd663e-2150-4306-958e-7014007cac52",
    "path": "a072059_p52-1041-1042_2005a_12884828-01.jpg",
    "width": 1653,
    "height": 2339,
    "file_name": "a072059_p52-1041-1042_2005a_12884828-01.jpg",
    "metadata": {},
    "date_captured": "2023-09-20T04:17:08.800Z"
  },
  {
    "id": 4,
    "datatorch_id": "9e31dc49-3880-457f-b40a-bf70bb1a8d6d",
    "storage_id": "66fd663e-2150-4306-958e-7014007cac52",
    "path": "a072059_p52-1041-1042_2005a_12884828-03.jpg",
    "width": 1653,
    "height": 2339,
    "file_name": "a072059_p52-1041-1042_2005a_12884828-03.jpg",
    "metadata": {},
    "date_captured": "2023-09-20T04:17:08.816Z"
  },
  {
    "id": 5,
    "datatorch_id": "67ea3b50-8158-4986-8668-a7963babb8df",
    "storage_id": "66fd663e-2150-4306-958e-7014007cac52",
    "path": "a072059_p52-1041-1042_2005a_12884828-02.jpg",
    "width": 1653,
    "height": 2339,
    "file_name": "a072059_p52-1041-1042_2005a_12884828-02.jpg",
    "metadata": {},
    "date_captured": "2023-09-20T04:17:08.816Z"
  },
  {
    "id": 6,
    "datatorch_id": "49583bcf-ada0-410b-af6b-b993e4a0e4ce",
    "storage_id": "66fd663e-2150-4306-958e-7014007cac52",
    "path": "a072059_p52-1041-1042_2005a_12884828-05.jpg",
    "width": 1653,
    "height": 2339,
    "file_name": "a072059_p52-1041-1042_2005a_12884828-05.jpg",
    "metadata": {},
    "date_captured": "2023-09-20T04:17:09.113Z"
  },
  {
    "id": 7,
    "datatorch_id": "e2d31874-cece-4b2d-935a-746b0f124804",
    "storage_id": "66fd663e-2150-4306-958e-7014007cac52",
    "path": "a072059_p52-1041-1042_2005a_12884828-06.jpg",
    "width": 1653,
    "height": 2339,
    "file_name": "a072059_p52-1041-1042_2005a_12884828-06.jpg",
    "metadata": {},
    "date_captured": "2023-09-20T04:17:09.129Z"
  },
  {
    "id": 8,
    "datatorch_id": "76f7661d-b4f5-4db9-977f-f11789d8df4b",
    "storage_id": "66fd663e-2150-4306-958e-7014007cac52",
    "path": "a072059_p52-1041-1042_2005a_12884828-12.jpg",
    "width": 1653,
    "height": 2339,
    "file_name": "a072059_p52-1041-1042_2005a_12884828-12.jpg",
    "metadata": {},
    "date_captured": "2023-09-20T04:17:09.160Z"
  },
  {
    "id": 9,
    "datatorch_id": "22a22699-5334-44d2-8982-84c4bcf4e4d4",
    "storage_id": "66fd663e-2150-4306-958e-7014007cac52",
    "path": "a072059_p52-1041-1042_2005a_12884828-10.jpg",
    "width": 1653,
    "height": 2339,
    "file_name": "a072059_p52-1041-1042_2005a_12884828-10.jpg",
    "metadata": {},
    "date_captured": "2023-09-20T04:17:09.301Z"
  },
  {
    "id": 10,
    "datatorch_id": "4587a60b-9745-487c-b923-ffea0e82cafb",
    "storage_id": "66fd663e-2150-4306-958e-7014007cac52",
    "path": "a072059_p52-1041-1042_2005a_12884828-15.jpg",
    "width": 1653,
    "height": 2339,
    "file_name": "a072059_p52-1041-1042_2005a_12884828-15.jpg",
    "metadata": {},
    "date_captured": "2023-09-20T04:17:09.332Z"
  },
  {
    "id": 11,
    "datatorch_id": "a85ea38c-71f1-4c1a-8d0b-73f12a7deadb",
    "storage_id": "66fd663e-2150-4306-958e-7014007cac52",
    "path": "a072059_p52-1041-1042_2005a_12884828-14.jpg",
    "width": 1653,
    "height": 2339,
    "file_name": "a072059_p52-1041-1042_2005a_12884828-14.jpg",
    "metadata": {},
    "date_captured": "2023-09-20T04:17:09.347Z"
  },
  {
    "id": 12,
    "datatorch_id": "76b54f8a-315a-4bee-ae1e-52635efcb6ae",
    "storage_id": "66fd663e-2150-4306-958e-7014007cac52",
    "path": "a072059_p52-1041-1042_2005a_12884828-04.jpg",
    "width": 1653,
    "height": 2339,
    "file_name": "a072059_p52-1041-1042_2005a_12884828-04.jpg",
    "metadata": {},
    "date_captured": "2023-09-20T04:17:09.472Z"
  },
  {
    "id": 13,
    "datatorch_id": "0f6f944e-6fb4-4d64-b24f-0b22fe2d2fae",
    "storage_id": "66fd663e-2150-4306-958e-7014007cac52",
    "path": "a072059_p52-1041-1042_2005a_12884828-09.jpg",
    "width": 1653,
    "height": 2339,
    "file_name": "a072059_p52-1041-1042_2005a_12884828-09.jpg",
    "metadata": {},
    "date_captured": "2023-09-20T04:17:09.129Z"
  },
  {
    "id": 14,
    "datatorch_id": "7f4273dd-ed88-4a25-9bdc-993b4acbfb56",
    "storage_id": "66fd663e-2150-4306-958e-7014007cac52",
    "path": "a072059_p52-1041-1042_2005a_12884828-08.jpg",
    "width": 1653,
    "height": 2339,
    "file_name": "a072059_p52-1041-1042_2005a_12884828-08.jpg",
    "metadata": {},
    "date_captured": "2023-09-20T04:17:09.144Z"
  },
  {
    "id": 15,
    "datatorch_id": "0d2cbc52-b8a2-471c-911d-ce5827c435ca",
    "storage_id": "66fd663e-2150-4306-958e-7014007cac52",
    "path": "a072059_p52-1041-1042_2005a_12884828-07.jpg",
    "width": 1653,
    "height": 2339,
    "file_name": "a072059_p52-1041-1042_2005a_12884828-07.jpg",
    "metadata": {},
    "date_captured": "2023-09-20T04:17:09.176Z"
  },
  {
    "id": 16,
    "datatorch_id": "77cbb50f-8826-4958-a43c-7c2089a72ccd",
    "storage_id": "66fd663e-2150-4306-958e-7014007cac52",
    "path": "a072059_p52-1041-1042_2005a_12884828-11.jpg",
    "width": 1653,
    "height": 2339,
    "file_name": "a072059_p52-1041-1042_2005a_12884828-11.jpg",
    "metadata": {},
    "date_captured": "2023-09-20T04:17:09.347Z"
  }
],"annotations": [
{"id":1,"datatorch_id":"0197bad4-1f0d-4cd9-87ec-a7b5a9e561ef","image_id":9,"category_id":14,"segmentation":[[199.832632737096,1522.0930277463,849.40634702281,1522.0930277463,849.40634702281,1613.2612683478037,199.832632737096,1613.2612683478037]],"area":59220.49,"bbox":[199.832632737096,1522.0930277463,649.573714285714,91.1682406015036],"iscrowd":0,"metadata":{}},
{"id":2,"datatorch_id":"03a6970f-2f9a-4ba6-b4fc-8fca1a05493c","image_id":16,"category_id":18,"segmentation":[[201.74041258672,551.727397971865,1585.67430491755,551.727397971865,1585.67430491755,1842.669684889155,201.74041258672,1842.669684889155]],"area":1786578.78,"bbox":[201.74041258672,551.727397971865,1383.93389233083,1290.94228691729],"iscrowd":0,"metadata":{}},
{"id":3,"datatorch_id":"0529e268-264d-4760-96ce-2d4bf6dfc73e","image_id":9,"category_id":17,"segmentation":[[222.624692887471,1275.1790427839,541.713534992734,1275.1790427839,541.713534992734,1324.561839776381,222.624692887471,1324.561839776381]],"area":15757.5,"bbox":[222.624692887471,1275.1790427839,319.088842105263,49.382796992481],"iscrowd":0,"metadata":{}},
{"id":4,"datatorch_id":"0d6da9b6-05cc-4992-a65f-2456e20c8525","image_id":16,"category_id":14,"segmentation":[[163.449751534088,420.445131505699,1607.554682661908,420.445131505699,1607.554682661908,551.727397971864,163.449751534088,551.727397971864]],"area":189585.37,"bbox":[163.449751534088,420.445131505699,1444.10493112782,131.282266466165],"iscrowd":0,"metadata":{}},
{"id":5,"datatorch_id":"16e1ba1c-68aa-4429-b942-92d056a28ecf","image_id":16,"category_id":14,"segmentation":[[174.389940406269,70.3590875959249,983.963916947622,70.3590875959249,983.963916947622,146.940409701188,174.389940406269,146.940409701188]],"area":61998.25,"bbox":[174.389940406269,70.3590875959249,809.573976541353,76.5813221052631],"iscrowd":0,"metadata":{}},
{"id":6,"datatorch_id":"18cd091d-f44a-4213-b61a-900602c42c22","image_id":6,"category_id":8,"segmentation":[[27.0174643160429,69.7287886485568,1631.5784989025128,69.7287886485568,1631.5784989025128,2307.9090954154767,27.0174643160429,2307.9090954154767]],"area":3591296.91,"bbox":[27.0174643160429,69.7287886485568,1604.56103458647,2238.18030676692],"iscrowd":0,"metadata":{}},
{"id":7,"datatorch_id":"3048f27f-7105-42bd-9f60-c57a79ca63ba","image_id":9,"category_id":18,"segmentation":[[207.429986120554,1613.2612683478,1582.550948526564,1613.2612683478,1582.550948526564,2091.894531505695,207.429986120554,2091.894531505695]],"area":658178.63,"bbox":[207.429986120554,1613.2612683478,1375.12096240601,478.633263157895],"iscrowd":0,"metadata":{}},
{"id":8,"datatorch_id":"3727bd3b-9802-496f-823b-9056e306cb90","image_id":15,"category_id":18,"segmentation":[[185.306211684464,1326.37324579141,1583.219234240854,1326.37324579141,1583.219234240854,1877.181366092162,185.306211684464,1877.181366092162]],"area":769981.84,"bbox":[185.306211684464,1326.37324579141,1397.91302255639,550.808120300752],"iscrowd":0,"metadata":{}},
{"id":9,"datatorch_id":"415a3804-01f0-4869-89f7-4acd608e9672","image_id":5,"category_id":10,"segmentation":[[199.850219203261,1048.04983225758,1567.3738282258212,1048.04983225758,1567.3738282258212,1339.281711956828,199.850219203261,1339.281711956828]],"area":398266.47,"bbox":[199.850219203261,1048.04983225758,1367.52360902256,291.231879699248],"iscrowd":0,"metadata":{}},
{"id":10,"datatorch_id":"458409dc-2067-47b9-af2e-b78e7410d847","image_id":14,"category_id":18,"segmentation":[[171.511387624314,1647.09762925006,1589.177528977694,1647.09762925006,1589.177528977694,2002.653767595925,171.511387624314,2002.653767595925]],"area":504059.9,"bbox":[171.511387624314,1647.09762925006,1417.66614135338,355.556138345865],"iscrowd":0,"metadata":{}},
{"id":11,"datatorch_id":"56abf789-894d-4c6d-be54-cac1d10a7a88","image_id":8,"category_id":18,"segmentation":[[201.520933488975,324.454681881639,1531.057775594235,324.454681881639,1531.057775594235,1321.6073134605858,201.520933488975,1321.6073134605858]],"area":1325751.16,"bbox":[201.520933488975,324.454681881639,1329.53684210526,997.152631578947],"iscrowd":0,"metadata":{}},
{"id":12,"datatorch_id":"72d15232-31cc-45d8-b7d3-c2d00d36a539","image_id":10,"category_id":17,"segmentation":[[242.321534992734,76.3975766184815,577.871309428824,76.3975766184815,577.871309428824,152.3711104530679,242.321534992734,152.3711104530679]],"area":25492.9,"bbox":[242.321534992734,76.3975766184815,335.54977443609,75.9735338345864],"iscrowd":0,"metadata":{}},
{"id":13,"datatorch_id":"746c182d-554b-4d4b-8c43-d972579edcaf","image_id":10,"category_id":18,"segmentation":[[188.506948526569,598.715621731263,1546.533865819799,598.715621731263,1546.533865819799,772.821636768857,188.506948526569,772.821636768857]],"area":236440.65,"bbox":[188.506948526569,598.715621731263,1358.02691729323,174.106015037594],"iscrowd":0,"metadata":{}},
{"id":14,"datatorch_id":"7efd8bef-806c-427d-9eca-58a524fd1b78","image_id":5,"category_id":11,"segmentation":[[177.69127183484,123.705170603444,1532.5526252183,123.705170603444,1532.5526252183,1048.049832257579,177.69127183484,1048.049832257579]],"area":1252358.86,"bbox":[177.69127183484,123.705170603444,1354.86135338346,924.344661654135],"iscrowd":0,"metadata":{}},
{"id":15,"datatorch_id":"8cce5440-f4af-4f70-9557-8f1ad32ff87a","image_id":8,"category_id":17,"segmentation":[[220.514316947622,87.0373886485567,771.322437248374,87.0373886485567,771.322437248374,159.84535857336869,220.514316947622,159.84535857336869]],"area":40103.22,"bbox":[220.514316947622,87.0373886485567,550.808120300752,72.807969924812],"iscrowd":0,"metadata":{}},
{"id":16,"datatorch_id":"962f1ce9-f08c-40b4-a00e-7877eab33093","image_id":9,"category_id":18,"segmentation":[[199.832632737096,1396.73669691923,1514.174768075446,1396.73669691923,1514.174768075446,1522.093027746298,199.832632737096,1522.093027746298]],"area":164761.11,"bbox":[199.832632737096,1396.73669691923,1314.34213533835,125.356330827068],"iscrowd":0,"metadata":{}},
{"id":17,"datatorch_id":"96c43f9c-95eb-4ec2-90ed-e92932e3e91b","image_id":14,"category_id":18,"segmentation":[[207.978683864915,106.354363084647,1393.1658116844649,106.354363084647,1393.1658116844649,202.08101571622592,207.978683864915,202.08101571622592]],"area":113454,"bbox":[207.978683864915,106.354363084647,1185.18712781955,95.7266526315789],"iscrowd":0,"metadata":{}},
{"id":18,"datatorch_id":"97f80375-3d5d-4cee-9fad-46d8dcbcecbc","image_id":2,"category_id":1,"segmentation":[[139.827610180704,115.931952558331,1606.116813188224,115.931952558331,1606.116813188224,438.819471355323,139.827610180704,438.819471355323]],"area":473446.48,"bbox":[139.827610180704,115.931952558331,1466.28920300752,322.887518796992],"iscrowd":0,"metadata":{}},
{"id":19,"datatorch_id":"9aceb712-eafc-4a52-9512-45158435608b","image_id":10,"category_id":18,"segmentation":[[191.672512436343,171.364493911715,1594.017324466423,171.364493911715,1594.017324466423,513.245396167354,191.672512436343,513.245396167354]],"area":479434.91,"bbox":[191.672512436343,171.364493911715,1402.34481203008,341.880902255639],"iscrowd":0,"metadata":{}},
{"id":20,"datatorch_id":"afa7385b-350e-4ead-bd23-44bafaec0284","image_id":15,"category_id":17,"segmentation":[[227.091655293486,141.186117971865,595.56329439123,141.186117971865,595.56329439123,201.9649450395342,227.091655293486,201.9649450395342]],"area":22395.27,"bbox":[227.091655293486,141.186117971865,368.471639097744,60.7788270676692],"iscrowd":0,"metadata":{}},
{"id":21,"datatorch_id":"b3d8a397-7a02-4cdc-aa7b-864db5878759","image_id":12,"category_id":17,"segmentation":[[235.462813188224,129.913193159835,520.363565067923,129.913193159835,520.363565067923,198.2893736109628,235.462813188224,198.2893736109628]],"area":19480.43,"bbox":[235.462813188224,129.913193159835,284.900751879699,68.3761804511278],"iscrowd":0,"metadata":{}},
{"id":22,"datatorch_id":"b5ec2454-d965-4178-b6f0-195d5279194c","image_id":9,"category_id":18,"segmentation":[[177.04057258672,169.764125490662,1624.33639213559,169.764125490662,1624.33639213559,1256.1856593252521,177.04057258672,1256.1856593252521]],"area":1572373.34,"bbox":[177.04057258672,169.764125490662,1447.29581954887,1086.42153383459],"iscrowd":0,"metadata":{}},
{"id":23,"datatorch_id":"b8b60011-8fe7-47f1-9936-a7e0c1ac580e","image_id":16,"category_id":18,"segmentation":[[174.389940406269,146.940409701188,1607.554682661909,146.940409701188,1607.554682661909,420.445131505699,174.389940406269,420.445131505699]],"area":391977.32,"bbox":[174.389940406269,146.940409701188,1433.16474225564,273.504721804511],"iscrowd":0,"metadata":{}},
{"id":24,"datatorch_id":"bf63070b-c3ab-45ec-ba42-a5ec3dbd4eb6","image_id":1,"category_id":8,"segmentation":[[60.4669229626593,71.5296427838949,1637.6774853686693,71.5296427838949,1637.6774853686693,2277.801065340285,60.4669229626593,2277.801065340285]],"area":3479754.59,"bbox":[60.4669229626593,71.5296427838949,1577.21056240601,2206.27142255639],"iscrowd":0,"metadata":{}},
{"id":25,"datatorch_id":"c92b292b-2c09-409a-ba30-1706de2de393","image_id":14,"category_id":14,"segmentation":[[207.978683864915,1533.13732849818,586.326882361155,1533.13732849818,586.326882361155,1592.3966848891573,207.978683864915,1592.3966848891573]],"area":22420.67,"bbox":[207.978683864915,1533.13732849818,378.34819849624,59.2593563909772],"iscrowd":0,"metadata":{}},
{"id":26,"datatorch_id":"cc63af4e-159b-4613-8712-505114098ad1","image_id":14,"category_id":2,"segmentation":[[207.978683864915,202.081015716226,1552.7102327370949,202.081015716226,1552.7102327370949,1455.6443239869059,207.978683864915,1455.6443239869059]],"area":1685706.13,"bbox":[207.978683864915,202.081015716226,1344.73154887218,1253.56330827068],"iscrowd":0,"metadata":{}},
{"id":27,"datatorch_id":"cfea2e73-c83c-4689-961f-e4ccb670368f","image_id":11,"category_id":8,"segmentation":[[38.9685232634115,49.064690904196,1636.2360986017616,49.064690904196,1636.2360986017616,2302.743598573366,38.9685232634115,2302.743598573366]],"area":3599728.24,"bbox":[38.9685232634115,49.064690904196,1597.26757533835,2253.67890766917],"iscrowd":0,"metadata":{}},
{"id":28,"datatorch_id":"d4ec13e1-643f-49d3-be98-ffeb5aab52ee","image_id":9,"category_id":14,"segmentation":[[222.624692887471,70.9985315056997,568.304271834839,70.9985315056997,568.304271834839,169.76412549066208,222.624692887471,169.76412549066208]],"area":34141.25,"bbox":[222.624692887471,70.9985315056997,345.679578947368,98.7655939849624],"iscrowd":0,"metadata":{}},
{"id":29,"datatorch_id":"d6a500d5-fab7-4303-80c7-dcacb401b45e","image_id":4,"category_id":15,"segmentation":[[154.91679815063,58.4945540620907,1590.81658762431,58.4945540620907,1590.81658762431,1068.9425540620907,154.91679815063,1068.9425540620907]],"area":1450902.07,"bbox":[154.91679815063,58.4945540620907,1435.89978947368,1010.448],"iscrowd":0,"metadata":{}},
{"id":30,"datatorch_id":"dcb96627-12b7-4b77-9e92-5bc39dc7289d","image_id":13,"category_id":8,"segmentation":[[59.949880857396,63.9358066936697,1632.602031233336,63.9358066936697,1632.602031233336,2292.99928940044,59.949880857396,2292.99928940044]],"area":3505541.48,"bbox":[59.949880857396,63.9358066936697,1572.65215037594,2229.06348270677],"iscrowd":0,"metadata":{}},
{"id":31,"datatorch_id":"dcc5023b-21bc-4dc4-9573-c2e9e474c1dc","image_id":5,"category_id":9,"segmentation":[[174.525707925065,1434.24862925006,1580.036083864915,1434.24862925006,1580.036083864915,1725.480508949308,174.525707925065,1725.480508949308]],"area":409329.43,"bbox":[174.525707925065,1434.24862925006,1405.51037593985,291.231879699248],"iscrowd":0,"metadata":{}},
{"id":32,"datatorch_id":"dd14409a-85c4-4cb3-82b9-1f1b1490e446","image_id":15,"category_id":18,"segmentation":[[204.299595143111,251.347742032016,1571.823204165671,251.347742032016,1571.823204165671,524.852463836527,204.299595143111,524.852463836527]],"area":374024.16,"bbox":[204.299595143111,251.347742032016,1367.52360902256,273.504721804511],"iscrowd":0,"metadata":{}},
{"id":33,"datatorch_id":"df9824e9-ade6-480a-be06-e8c1f66cdfb4","image_id":15,"category_id":17,"segmentation":[[185.306211684464,1022.47911045307,500.596377097998,1022.47911045307,500.596377097998,1109.8486743628446,185.306211684464,1109.8486743628446]],"area":27546.76,"bbox":[185.306211684464,1022.47911045307,315.290165413534,87.3695639097745],"iscrowd":0,"metadata":{}},
{"id":34,"datatorch_id":"e269fc13-4203-43b3-93c2-e6656f72ab93","image_id":15,"category_id":5,"segmentation":[[204.299595143111,521.053787144797,671.536828225818,521.053787144797,671.536828225818,612.2220277463008,204.299595143111,612.2220277463008]],"area":42597.2,"bbox":[204.299595143111,521.053787144797,467.237233082707,91.1682406015038],"iscrowd":0,"metadata":{}},
{"id":35,"datatorch_id":"e3817eed-70f9-42fc-a830-9e223bf3b50b","image_id":3,"category_id":22,"segmentation":[[59.1936628122834,366.820478874121,1548.2749259701734,366.820478874121,1548.2749259701734,2015.4461630846508,59.1936628122834,2015.4461630846508]],"area":2454937.62,"bbox":[59.1936628122834,366.820478874121,1489.08126315789,1648.62568421053],"iscrowd":0,"metadata":{}},
{"id":36,"datatorch_id":"e950ecd4-bd7f-4a83-9166-fd73dc94aecd","image_id":15,"category_id":14,"segmentation":[[234.689008676945,1182.0235315057,633.550061308524,1182.0235315057,633.550061308524,1257.9970653402863,234.689008676945,1257.9970653402863]],"area":30302.88,"bbox":[234.689008676945,1182.0235315057,398.861052631579,75.9735338345863],"iscrowd":0,"metadata":{}},
{"id":37,"datatorch_id":"eac571f2-2cb0-47f6-880a-98a5449c17f4","image_id":8,"category_id":14,"segmentation":[[207.852061308524,245.315584137279,619.375369579201,245.315584137279,619.375369579201,324.4546818816399,207.852061308524,324.4546818816399]],"area":32567.58,"bbox":[207.852061308524,245.315584137279,411.523308270677,79.1390977443609],"iscrowd":0,"metadata":{}},
{"id":38,"datatorch_id":"ec5e66ec-71d1-4d90-b0d2-570e023809a4","image_id":12,"category_id":18,"segmentation":[[155.690602661908,243.873493911715,1561.2009786017582,243.873493911715,1561.2009786017582,958.024711956828,155.690602661908,958.024711956828]],"area":1003746.95,"bbox":[155.690602661908,243.873493911715,1405.51037593985,714.151218045113],"iscrowd":0,"metadata":{}},
{"id":39,"datatorch_id":"fc014989-513c-4637-9484-e6ff541e9170","image_id":10,"category_id":14,"segmentation":[[188.506948526569,519.576523986902,609.526948526569,519.576523986902,609.526948526569,601.8811856410373,188.506948526569,601.8811856410373]],"area":34651.91,"bbox":[188.506948526569,519.576523986902,421.02,82.3046616541353],"iscrowd":0,"metadata":{}},
{"id":40,"datatorch_id":"ff44ab18-3376-4274-a69b-be8329ee4907","image_id":7,"category_id":8,"segmentation":[[56.9707334889754,32.7338984229929,1625.0644718348353,32.7338984229929,1625.0644718348353,2266.355793159833,56.9707334889754,2266.355793159833]],"area":3502528.51,"bbox":[56.9707334889754,32.7338984229929,1568.09373834586,2233.62189473684],"iscrowd":0,"metadata":{}},
{"id":41,"datatorch_id":"ffb05c85-6287-43e2-bfeb-07531823c61a","image_id":15,"category_id":6,"segmentation":[[200.500918451381,695.792914964346,1518.641730481461,695.792914964346,1518.641730481461,954.10293000194,200.500918451381,954.10293000194]],"area":340488.97,"bbox":[200.500918451381,695.792914964346,1318.14081203008,258.310015037594],"iscrowd":0,"metadata":{}}
]}