{"info": {"year":2023,"version":"0.1.0","description":"","url":"","date_created":1695180871729},"categories": [
  {
    "id": 1,
    "datatorch_id": "efdc34be-7bc8-40e6-a7ac-743c961d5b0e",
    "name": "other",
    "supercategory": null
  },
  {
    "id": 2,
    "datatorch_id": "98245cc4-3f97-4a16-8793-42b1f206b1ae",
    "name": "form",
    "supercategory": null
  },
  {
    "id": 3,
    "datatorch_id": "bac47c6d-1482-4149-b2f4-48ae401b6fce",
    "name": "report_title",
    "supercategory": null
  },
  {
    "id": 4,
    "datatorch_id": "f67b4326-b7f3-4891-a799-9e158f3f29a3",
    "name": "references",
    "supercategory": null
  },
  {
    "id": 5,
    "datatorch_id": "28540ac5-369f-447d-8dc0-6c623bdeded1",
    "name": "appendix_list",
    "supercategory": null
  },
  {
    "id": 6,
    "datatorch_id": "432d43ae-9402-465b-8bfa-08b71e3f6e70",
    "name": "list",
    "supercategory": null
  },
  {
    "id": 7,
    "datatorch_id": "866cde06-4b95-4b78-9e9d-615eb63f3b30",
    "name": "form_body",
    "supercategory": null
  },
  {
    "id": 8,
    "datatorch_id": "5c08d4fb-994f-42f5-8a08-eff81cd89470",
    "name": "form_title",
    "supercategory": null
  },
  {
    "id": 9,
    "datatorch_id": "7b220ed9-4839-4860-913e-e54f2b08ed1e",
    "name": "cross",
    "supercategory": null
  },
  {
    "id": 10,
    "datatorch_id": "bedfd226-54a1-411d-88c2-e513cc41e676",
    "name": "table_caption",
    "supercategory": null
  },
  {
    "id": 11,
    "datatorch_id": "3a69775c-e544-484e-9882-ad16eb2d72de",
    "name": "table",
    "supercategory": null
  },
  {
    "id": 12,
    "datatorch_id": "c5dfcaed-726f-42cd-8d24-72c5d6ed4f33",
    "name": "figure_caption",
    "supercategory": null
  },
  {
    "id": 13,
    "datatorch_id": "3f471323-e8c5-4b39-989f-cf5be1aec0f9",
    "name": "figure",
    "supercategory": null
  },
  {
    "id": 14,
    "datatorch_id": "99fb551f-c3d7-44ee-bfe4-335664818c3a",
    "name": "list_of_tables",
    "supercategory": null
  },
  {
    "id": 15,
    "datatorch_id": "d21d3657-a407-44b4-95f4-2f3d6302b266",
    "name": "list_of_figures",
    "supercategory": null
  },
  {
    "id": 16,
    "datatorch_id": "ee631f60-9883-4932-8f12-c50dd827cff1",
    "name": "table_of_contents",
    "supercategory": null
  },
  {
    "id": 17,
    "datatorch_id": "01396395-4edf-4a64-aee8-3045d83f9f59",
    "name": "subsubsubsubsection",
    "supercategory": null
  },
  {
    "id": 18,
    "datatorch_id": "60279c59-c020-4f1b-8221-132da3381de0",
    "name": "subsubsubsection",
    "supercategory": null
  },
  {
    "id": 19,
    "datatorch_id": "10a9f994-272f-449d-a0df-80b9119bc1d1",
    "name": "subsubsection",
    "supercategory": null
  },
  {
    "id": 20,
    "datatorch_id": "91510100-a731-4362-93ef-527524a170ce",
    "name": "subsubsection",
    "supercategory": null
  },
  {
    "id": 21,
    "datatorch_id": "b70e14c2-0849-4366-92ab-9a9a19a43234",
    "name": "subsection",
    "supercategory": null
  },
  {
    "id": 22,
    "datatorch_id": "553058cd-78a1-4549-bf72-7e47c9a279a7",
    "name": "summary",
    "supercategory": null
  },
  {
    "id": 23,
    "datatorch_id": "7ee54f92-1d68-40d6-9662-ee8721ea0609",
    "name": "abstract",
    "supercategory": null
  },
  {
    "id": 24,
    "datatorch_id": "e5aba03c-0aa5-4e2d-8318-1070c9c8cbbb",
    "name": "section",
    "supercategory": null
  },
  {
    "id": 25,
    "datatorch_id": "39ef7a9d-1162-4ae4-8624-f78005de7a54",
    "name": "paragraph",
    "supercategory": null
  },
  {
    "id": 26,
    "datatorch_id": "303bd345-80a9-4705-bb6e-cbb51b49d623",
    "name": "title",
    "supercategory": null
  }
],"images": [
  {
    "id": 1,
    "datatorch_id": "43eb7516-2923-4a8f-9189-d3807f7f71c0",
    "storage_id": "379fb094-cabd-4982-968e-525c78f3db91",
    "path": "a072121_e31_571_2005a_11679604-05.jpg",
    "width": 1653,
    "height": 2339,
    "file_name": "a072121_e31_571_2005a_11679604-05.jpg",
    "metadata": {},
    "date_captured": "2023-09-15T09:03:40.247Z"
  },
  {
    "id": 2,
    "datatorch_id": "19718f92-df76-42b3-b56d-6619e3e13703",
    "storage_id": "379fb094-cabd-4982-968e-525c78f3db91",
    "path": "a072121_e31_571_2005a_11679604-17.jpg",
    "width": 1653,
    "height": 2339,
    "file_name": "a072121_e31_571_2005a_11679604-17.jpg",
    "metadata": {},
    "date_captured": "2023-09-15T09:03:39.419Z"
  },
  {
    "id": 3,
    "datatorch_id": "9f836395-2bc8-40f9-a8c7-8c6a37119b5f",
    "storage_id": "379fb094-cabd-4982-968e-525c78f3db91",
    "path": "a072121_e31_571_2005a_11679604-14.jpg",
    "width": 1653,
    "height": 2339,
    "file_name": "a072121_e31_571_2005a_11679604-14.jpg",
    "metadata": {},
    "date_captured": "2023-09-15T09:03:39.809Z"
  },
  {
    "id": 4,
    "datatorch_id": "82287c35-4ac2-498b-8b6b-5f15b11edcd7",
    "storage_id": "379fb094-cabd-4982-968e-525c78f3db91",
    "path": "a072121_e31_571_2005a_11679604-04.jpg",
    "width": 1653,
    "height": 2339,
    "file_name": "a072121_e31_571_2005a_11679604-04.jpg",
    "metadata": {},
    "date_captured": "2023-09-15T09:03:39.856Z"
  },
  {
    "id": 5,
    "datatorch_id": "d1c2c78a-677c-41a1-82b0-c5cc9192297f",
    "storage_id": "379fb094-cabd-4982-968e-525c78f3db91",
    "path": "a072121_e31_571_2005a_11679604-03.jpg",
    "width": 1653,
    "height": 2339,
    "file_name": "a072121_e31_571_2005a_11679604-03.jpg",
    "metadata": {},
    "date_captured": "2023-09-15T09:03:39.981Z"
  },
  {
    "id": 6,
    "datatorch_id": "3c3b1a8c-d204-40e8-92cd-9a90e43162ce",
    "storage_id": "379fb094-cabd-4982-968e-525c78f3db91",
    "path": "a072121_e31_571_2005a_11679604-09.jpg",
    "width": 1653,
    "height": 2339,
    "file_name": "a072121_e31_571_2005a_11679604-09.jpg",
    "metadata": {},
    "date_captured": "2023-09-15T09:03:40.044Z"
  },
  {
    "id": 7,
    "datatorch_id": "a16936b9-3dcc-4400-a72c-342c0ab4ca07",
    "storage_id": "379fb094-cabd-4982-968e-525c78f3db91",
    "path": "a072121_e31_571_2005a_11679604-07.jpg",
    "width": 1653,
    "height": 2339,
    "file_name": "a072121_e31_571_2005a_11679604-07.jpg",
    "metadata": {},
    "date_captured": "2023-09-15T09:03:40.169Z"
  },
  {
    "id": 8,
    "datatorch_id": "bbbcbffe-d11e-4b03-889c-048b3407a5b3",
    "storage_id": "379fb094-cabd-4982-968e-525c78f3db91",
    "path": "a072121_e31_571_2005a_11679604-06.jpg",
    "width": 1653,
    "height": 2339,
    "file_name": "a072121_e31_571_2005a_11679604-06.jpg",
    "metadata": {},
    "date_captured": "2023-09-15T09:03:40.247Z"
  },
  {
    "id": 9,
    "datatorch_id": "0c3cc124-7069-4e5f-bf2d-ea60998af497",
    "storage_id": "379fb094-cabd-4982-968e-525c78f3db91",
    "path": "a072121_e31_571_2005a_11679604-19.jpg",
    "width": 1653,
    "height": 2339,
    "file_name": "a072121_e31_571_2005a_11679604-19.jpg",
    "metadata": {},
    "date_captured": "2023-09-15T09:03:39.153Z"
  },
  {
    "id": 10,
    "datatorch_id": "012f42c4-3aed-4fac-b303-98f7055d555f",
    "storage_id": "379fb094-cabd-4982-968e-525c78f3db91",
    "path": "a072121_e31_571_2005a_11679604-11.jpg",
    "width": 1653,
    "height": 2339,
    "file_name": "a072121_e31_571_2005a_11679604-11.jpg",
    "metadata": {},
    "date_captured": "2023-09-15T09:03:40.153Z"
  },
  {
    "id": 11,
    "datatorch_id": "a67644ac-b775-4b08-8d2a-9c755d0074e2",
    "storage_id": "379fb094-cabd-4982-968e-525c78f3db91",
    "path": "a072121_e31_571_2005a_11679604-12.jpg",
    "width": 1653,
    "height": 2339,
    "file_name": "a072121_e31_571_2005a_11679604-12.jpg",
    "metadata": {},
    "date_captured": "2023-09-15T09:03:40.216Z"
  },
  {
    "id": 12,
    "datatorch_id": "b2005d09-50df-4889-afc3-1f45e201b8b5",
    "storage_id": "379fb094-cabd-4982-968e-525c78f3db91",
    "path": "a072121_e31_571_2005a_11679604-18.jpg",
    "width": 1653,
    "height": 2339,
    "file_name": "a072121_e31_571_2005a_11679604-18.jpg",
    "metadata": {},
    "date_captured": "2023-09-15T09:03:39.450Z"
  },
  {
    "id": 13,
    "datatorch_id": "77cb28ed-543a-482b-8fb9-c6b1b5e96bfa",
    "storage_id": "379fb094-cabd-4982-968e-525c78f3db91",
    "path": "a072121_e31_571_2005a_11679604-01.jpg",
    "width": 1653,
    "height": 2339,
    "file_name": "a072121_e31_571_2005a_11679604-01.jpg",
    "metadata": {},
    "date_captured": "2023-09-15T09:03:39.638Z"
  },
  {
    "id": 14,
    "datatorch_id": "28266825-2ff8-4b8b-bba5-0128cb74d73a",
    "storage_id": "379fb094-cabd-4982-968e-525c78f3db91",
    "path": "a072121_e31_571_2005a_11679604-15.jpg",
    "width": 1653,
    "height": 2339,
    "file_name": "a072121_e31_571_2005a_11679604-15.jpg",
    "metadata": {},
    "date_captured": "2023-09-15T09:03:39.809Z"
  },
  {
    "id": 15,
    "datatorch_id": "34f0edff-9236-4b61-acf6-412509dd6ba9",
    "storage_id": "379fb094-cabd-4982-968e-525c78f3db91",
    "path": "a072121_e31_571_2005a_11679604-02.jpg",
    "width": 1653,
    "height": 2339,
    "file_name": "a072121_e31_571_2005a_11679604-02.jpg",
    "metadata": {},
    "date_captured": "2023-09-15T09:03:39.856Z"
  },
  {
    "id": 16,
    "datatorch_id": "3dfa42c1-ddbb-46d4-b9de-f95779df4bd6",
    "storage_id": "379fb094-cabd-4982-968e-525c78f3db91",
    "path": "a072121_e31_571_2005a_11679604-08.jpg",
    "width": 1653,
    "height": 2339,
    "file_name": "a072121_e31_571_2005a_11679604-08.jpg",
    "metadata": {},
    "date_captured": "2023-09-15T09:03:40.060Z"
  },
  {
    "id": 17,
    "datatorch_id": "f1c56e0f-fff4-4ba8-a4fe-dc27ffb6bc3c",
    "storage_id": "379fb094-cabd-4982-968e-525c78f3db91",
    "path": "a072121_e31_571_2005a_11679604-16.jpg",
    "width": 1653,
    "height": 2339,
    "file_name": "a072121_e31_571_2005a_11679604-16.jpg",
    "metadata": {},
    "date_captured": "2023-09-15T09:03:40.122Z"
  },
  {
    "id": 18,
    "datatorch_id": "e5030c1a-8cae-412b-85b4-057eb251d9b3",
    "storage_id": "379fb094-cabd-4982-968e-525c78f3db91",
    "path": "a072121_e31_571_2005a_11679604-10.jpg",
    "width": 1653,
    "height": 2339,
    "file_name": "a072121_e31_571_2005a_11679604-10.jpg",
    "metadata": {},
    "date_captured": "2023-09-15T09:03:40.216Z"
  },
  {
    "id": 19,
    "datatorch_id": "3d929a4f-bacf-4e09-8c8a-89e465494f3f",
    "storage_id": "379fb094-cabd-4982-968e-525c78f3db91",
    "path": "a072121_e31_571_2005a_11679604-13.jpg",
    "width": 1653,
    "height": 2339,
    "file_name": "a072121_e31_571_2005a_11679604-13.jpg",
    "metadata": {},
    "date_captured": "2023-09-15T09:03:40.231Z"
  }
],"annotations": [
{"id":1,"datatorch_id":"02866d00-0dbf-4826-97f4-6e015919513d","image_id":18,"category_id":13,"segmentation":[[30.3342718348402,40.908087896677,1591.59039213559,40.908087896677,1591.59039213559,2247.939245791417,30.3342718348402,2247.939245791417]],"area":3445740.9,"bbox":[30.3342718348402,40.908087896677,1561.25612030075,2207.03115789474],"iscrowd":0,"metadata":{}},
{"id":2,"datatorch_id":"035bb4a3-cbaa-45ee-a831-220b0792b838","image_id":7,"category_id":10,"segmentation":[[210.595550030329,704.638907445549,922.847429729577,704.638907445549,922.847429729577,812.26808037788,210.595550030329,812.26808037788]],"area":76659.08,"bbox":[210.595550030329,704.638907445549,712.251879699248,107.629172932331],"iscrowd":0,"metadata":{}},
{"id":3,"datatorch_id":"08deb36b-8c22-49b6-88e4-b0dfdbfec9a3","image_id":4,"category_id":24,"segmentation":[[199.832632737095,97.290298422993,548.044662812283,97.290298422993,548.044662812283,147.939320979384,199.832632737095,147.939320979384]],"area":17636.6,"bbox":[199.832632737095,97.290298422993,348.212030075188,50.649022556391],"iscrowd":0,"metadata":{}},
{"id":4,"datatorch_id":"130fa098-c6cf-4d77-85a4-6525ffdff782","image_id":6,"category_id":25,"segmentation":[[220.145001158148,153.461471355324,1625.655377097998,153.461471355324,1625.655377097998,1118.325351054572,220.145001158148,1118.325351054572]],"area":1356126.19,"bbox":[220.145001158148,153.461471355324,1405.51037593985,964.863879699248],"iscrowd":0,"metadata":{}},
{"id":5,"datatorch_id":"17e592b9-63d0-4643-b530-bfa39d994b8f","image_id":6,"category_id":21,"segmentation":[[212.547647774689,1133.52005782149,463.26030942882403,1133.52005782149,463.26030942882403,1194.298884889159,212.547647774689,1194.298884889159]],"area":15238.02,"bbox":[212.547647774689,1133.52005782149,250.712661654135,60.778827067669],"iscrowd":0,"metadata":{}},
{"id":6,"datatorch_id":"25992bf0-d736-4c6c-9ef3-6c652d39c0c4","image_id":10,"category_id":13,"segmentation":[[35.487106421306,53.869313460587,1630.9313169476259,53.869313460587,1630.9313169476259,2257.101794663597,35.487106421306,2257.101794663597]],"area":3515134.51,"bbox":[35.487106421306,53.869313460587,1595.44421052632,2203.23248120301],"iscrowd":0,"metadata":{}},
{"id":7,"datatorch_id":"2ea02326-57d0-4620-8354-fd51945a3d75","image_id":19,"category_id":25,"segmentation":[[197.089144015291,1687.31787737036,1579.8074598047608,1687.31787737036,1579.8074598047608,2124.165696919233,197.089144015291,2124.165696919233]],"area":604037.48,"bbox":[197.089144015291,1687.31787737036,1382.71831578947,436.847819548873],"iscrowd":0,"metadata":{}},
{"id":8,"datatorch_id":"347b0b43-e7a8-40e5-8f3b-613738cb23ad","image_id":4,"category_id":10,"segmentation":[[212.494888376194,1059.62172699442,839.276542511531,1059.62172699442,839.276542511531,1148.257516468104,212.494888376194,1148.257516468104]],"area":55555.29,"bbox":[212.494888376194,1059.62172699442,626.781654135337,88.6357894736841],"iscrowd":0,"metadata":{}},
{"id":9,"datatorch_id":"3e9fe25c-2afa-4374-be4d-b730b036542a","image_id":1,"category_id":13,"segmentation":[[45.0013846167948,55.1531254906618,1598.660151534085,55.1531254906618,1598.660151534085,2231.7948698515615,45.0013846167948,2231.7948698515615]],"area":3381758.53,"bbox":[45.0013846167948,55.1531254906618,1553.65876691729,2176.6417443609],"iscrowd":0,"metadata":{}},
{"id":10,"datatorch_id":"47e49f1b-d270-4cfa-80ae-2bd669d7cd86","image_id":2,"category_id":24,"segmentation":[[139.289464316043,56.1238984229933,731.883028225817,56.1238984229933,731.883028225817,160.9673751147223,139.289464316043,160.9673751147223]],"area":62129.57,"bbox":[139.289464316043,56.1238984229933,592.593563909774,104.843476691729],"iscrowd":0,"metadata":{}},
{"id":11,"datatorch_id":"483656d6-f165-478e-b19c-68256b42e829","image_id":7,"category_id":24,"segmentation":[[201.098858301005,1087.67214052826,432.185023714539,1087.67214052826,432.185023714539,1154.148982633523,201.098858301005,1154.148982633523]],"area":15361.88,"bbox":[201.098858301005,1087.67214052826,231.086165413534,66.4768421052631],"iscrowd":0,"metadata":{}},
{"id":12,"datatorch_id":"4fa404f2-8b96-49cf-9154-e602f3e99aa8","image_id":15,"category_id":16,"segmentation":[[121.84017258672,110.060183235023,1543.17836807544,110.060183235023,1543.17836807544,1069.226047896677,121.84017258672,1069.226047896677]],"area":1363299.08,"bbox":[121.84017258672,110.060183235023,1421.33819548872,959.165864661654],"iscrowd":0,"metadata":{}},
{"id":13,"datatorch_id":"537f5f6f-e045-4385-9b7f-112e049147b6","image_id":19,"category_id":24,"segmentation":[[224.629550030328,520.913095415473,691.550226722057,520.913095415473,691.550226722057,576.3104638365256,224.629550030328,576.3104638365256]],"area":25866.18,"bbox":[224.629550030328,520.913095415473,466.920676691729,55.3973684210526],"iscrowd":0,"metadata":{}},
{"id":14,"datatorch_id":"559239c0-413e-41a9-9f4b-cc56dedb10f2","image_id":6,"category_id":21,"segmentation":[[204.950294391231,62.29323075382,896.3094522859681,62.29323075382,896.3094522859681,153.4614713553238,204.950294391231,153.4614713553238]],"area":63030,"bbox":[204.950294391231,62.29323075382,691.359157894737,91.1682406015038],"iscrowd":0,"metadata":{}},
{"id":15,"datatorch_id":"575b8e65-1e73-40c1-95a5-ae75a14a719b","image_id":13,"category_id":3,"segmentation":[[101.717738000253,431.028666844045,1531.497437248373,431.028666844045,1531.497437248373,2063.932050302695,101.717738000253,2063.932050302695]],"area":2334692.11,"bbox":[101.717738000253,431.028666844045,1429.77969924812,1632.90338345865],"iscrowd":0,"metadata":{}},
{"id":16,"datatorch_id":"5d7ec79e-0004-461f-b399-896997515acd","image_id":7,"category_id":11,"segmentation":[[226.423369579201,812.26808037788,1540.132392135591,812.26808037788,1540.132392135591,989.539659325248,226.423369579201,989.539659325248]],"area":232883.27,"bbox":[226.423369579201,812.26808037788,1313.70902255639,177.271578947368],"iscrowd":0,"metadata":{}},
{"id":17,"datatorch_id":"5f0c5cd5-023f-48f3-8d15-81444f3693da","image_id":16,"category_id":13,"segmentation":[[25.181437248374,59.5497420320153,1582.638880857394,59.5497420320153,1582.638880857394,2270.3795766184853,25.181437248374,2270.3795766184853]],"area":3443273.38,"bbox":[25.181437248374,59.5497420320153,1557.45744360902,2210.82983458647],"iscrowd":0,"metadata":{}},
{"id":18,"datatorch_id":"61868df9-302d-4714-beb2-269168e918dc","image_id":7,"category_id":25,"segmentation":[[204.26442221078,1309.26161421247,1552.79464777469,1309.26161421247,1552.79464777469,2021.513493911718,204.26442221078,2021.513493911718]],"area":960493.19,"bbox":[204.26442221078,1309.26161421247,1348.53022556391,712.251879699248],"iscrowd":0,"metadata":{}},
{"id":19,"datatorch_id":"61b17f23-51bc-4958-b420-bd2ecb22b7c1","image_id":4,"category_id":25,"segmentation":[[184.004813188223,204.919471355324,1573.6873695792028,204.919471355324,1573.6873695792028,1059.621726994422,184.004813188223,1059.621726994422]],"area":1187764.82,"bbox":[184.004813188223,204.919471355324,1389.68255639098,854.702255639098],"iscrowd":0,"metadata":{}},
{"id":20,"datatorch_id":"68068702-778f-4c35-8c5a-d87ba5b5f9d1","image_id":11,"category_id":25,"segmentation":[[210.103128977697,278.712283385399,1539.639971082957,278.712283385399,1539.639971082957,2204.641366092169,210.103128977697,2204.641366092169]],"area":2560593.67,"bbox":[210.103128977697,278.712283385399,1329.53684210526,1925.92908270677],"iscrowd":0,"metadata":{}},
{"id":21,"datatorch_id":"6b5f40b7-c706-4e06-a209-8b4fc290c8ed","image_id":19,"category_id":21,"segmentation":[[190.335941007772,88.2860277463003,994.916768075441,88.2860277463003,994.916768075441,148.959336016977,190.335941007772,148.959336016977]],"area":48816.58,"bbox":[190.335941007772,88.2860277463003,804.580827067669,60.6733082706767],"iscrowd":0,"metadata":{}},
{"id":22,"datatorch_id":"79ee95bf-6f44-40da-9ae6-13f6fc43a379","image_id":12,"category_id":4,"segmentation":[[154.037474842359,61.7128773703612,1556.382286872439,61.7128773703612,1556.382286872439,587.1964863929172,154.037474842359,587.1964863929172]],"area":736909.21,"bbox":[154.037474842359,61.7128773703612,1402.34481203008,525.483609022556],"iscrowd":0,"metadata":{}},
{"id":23,"datatorch_id":"83218ee8-4cc8-4a91-8cd3-988df7372016","image_id":5,"category_id":22,"segmentation":[[157.097519955141,69.1871254906622,1562.607895894991,69.1871254906622,1562.607895894991,1455.7041179718622,157.097519955141,1455.7041179718622]],"area":1948764.02,"bbox":[157.097519955141,69.1871254906622,1405.51037593985,1386.5169924812],"iscrowd":0,"metadata":{}},
{"id":24,"datatorch_id":"841a306a-83d1-481a-abca-3cd733e5e6c4","image_id":3,"category_id":13,"segmentation":[[30.0854567982334,62.390308047053,1600.0025599561236,62.390308047053,1600.0025599561236,2255.8981769192333,30.0854567982334,2255.8981769192333]],"area":3443625.52,"bbox":[30.0854567982334,62.390308047053,1569.91710315789,2193.50786887218],"iscrowd":0,"metadata":{}},
{"id":25,"datatorch_id":"866307f4-50ec-47ae-8033-48e9bf1b56c3","image_id":4,"category_id":11,"segmentation":[[199.832632737095,1148.25751646811,1418.5747380002551,1148.25751646811,1418.5747380002551,1290.707892407959,199.832632737095,1290.707892407959]],"area":173610.27,"bbox":[199.832632737095,1148.25751646811,1218.74210526316,142.450375939849],"iscrowd":0,"metadata":{}},
{"id":26,"datatorch_id":"90f76684-a129-46c6-9011-f620d1b85d89","image_id":14,"category_id":13,"segmentation":[[45.476219203261,82.1659375207374,1618.128369579201,82.1659375207374,1618.128369579201,2262.6063585733673,45.476219203261,2262.6063585733673]],"area":3429074.32,"bbox":[45.476219203261,82.1659375207374,1572.65215037594,2180.44042105263],"iscrowd":0,"metadata":{}},
{"id":27,"datatorch_id":"9761962b-f433-49d9-923c-e624ce0fdefb","image_id":9,"category_id":5,"segmentation":[[233.63382070702,105.626283385399,1453.00903875213,105.626283385399,1453.00903875213,352.540268347805,233.63382070702,352.540268347805]],"area":301080.79,"bbox":[233.63382070702,105.626283385399,1219.37521804511,246.913984962406],"iscrowd":0,"metadata":{}},
{"id":28,"datatorch_id":"9cf28466-ab5a-425f-ad8e-c8f439f3c7d4","image_id":2,"category_id":25,"segmentation":[[198.54882070702,224.785143535775,1579.7476658198,224.785143535775,1579.7476658198,516.523513460587,198.54882070702,516.523513460587]],"area":402948.7,"bbox":[198.54882070702,224.785143535775,1381.19884511278,291.738369924812],"iscrowd":0,"metadata":{}},
{"id":29,"datatorch_id":"a08440d5-9673-4b18-87f3-41ceff294f3f","image_id":7,"category_id":25,"segmentation":[[210.595550030329,245.632140528256,1524.304572586719,245.632140528256,1524.304572586719,704.638907445549,210.595550030329,704.638907445549]],"area":603001.33,"bbox":[210.595550030329,245.632140528256,1313.70902255639,459.006766917293],"iscrowd":0,"metadata":{}},
{"id":30,"datatorch_id":"a1d102c3-c2e5-420b-a1e2-7603bb04a2d3","image_id":6,"category_id":25,"segmentation":[[155.56749739875,1551.37449391171,1548.4156176995,1551.37449391171,1548.4156176995,1852.103065340282,155.56749739875,1852.103065340282]],"area":418869.23,"bbox":[155.56749739875,1551.37449391171,1392.84812030075,300.728571428572],"iscrowd":0,"metadata":{}},
{"id":31,"datatorch_id":"a4780fa0-3343-4aa9-bc75-7e867625ebcc","image_id":17,"category_id":13,"segmentation":[[24.4428056694264,55.8389976711132,1638.8803996543863,55.8389976711132,1638.8803996543863,2247.6754487989333,24.4428056694264,2247.6754487989333]],"area":3538583.17,"bbox":[24.4428056694264,55.8389976711132,1614.43759398496,2191.83645112782],"iscrowd":0,"metadata":{}},
{"id":32,"datatorch_id":"ab0adaac-7a01-4c1a-b529-cea6be282518","image_id":15,"category_id":14,"segmentation":[[178.820322962659,1493.41161180645,1596.992954541609,1493.41161180645,1596.992954541609,1765.650108047052,178.820322962659,1765.650108047052]],"area":386081.18,"bbox":[178.820322962659,1493.41161180645,1418.17263157895,272.238496240602],"iscrowd":0,"metadata":{}},
{"id":33,"datatorch_id":"ac47d66f-9807-48ed-8334-e79ff960d913","image_id":19,"category_id":21,"segmentation":[[223.679880857396,1599.94831346059,804.982933488975,1599.94831346059,804.982933488975,1687.3178773703644,223.679880857396,1687.3178773703644]],"area":50788.19,"bbox":[223.679880857396,1599.94831346059,581.303052631579,87.3695639097743],"iscrowd":0,"metadata":{}},
{"id":34,"datatorch_id":"b6d104b7-b940-4aec-984d-661b736b4b53","image_id":19,"category_id":25,"segmentation":[[238.874587624313,186.840584137278,1553.216722962663,186.840584137278,1553.216722962663,445.150599174872,238.874587624313,445.150599174872]],"area":339507.74,"bbox":[238.874587624313,186.840584137278,1314.34213533835,258.310015037594],"iscrowd":0,"metadata":{}},
{"id":35,"datatorch_id":"bca2b40a-af59-4d70-8224-7dfcb120c324","image_id":8,"category_id":13,"segmentation":[[50.7521590528853,45.6388472951734,1608.2096026619051,45.6388472951734,1608.2096026619051,2260.2673585733737,50.7521590528853,2260.2673585733737]],"area":3449189.66,"bbox":[50.7521590528853,45.6388472951734,1557.45744360902,2214.6285112782],"iscrowd":0,"metadata":{}},
{"id":36,"datatorch_id":"ca38b9d1-c39f-40ba-9281-03775a48f001","image_id":19,"category_id":21,"segmentation":[[229.905489879952,1264.82061421247,578.117519955141,1264.82061421247,578.117519955141,1383.423742032019,229.905489879952,1383.423742032019]],"area":41299.04,"bbox":[229.905489879952,1264.82061421247,348.212030075189,118.603127819549],"iscrowd":0,"metadata":{}},
{"id":37,"datatorch_id":"ccf69495-818f-402f-9736-aa32056a99a9","image_id":6,"category_id":21,"segmentation":[[189.755587624313,1422.21948639292,516.441783113035,1422.21948639292,516.441783113035,1517.1864036861532,189.755587624313,1517.1864036861532]],"area":31024.38,"bbox":[189.755587624313,1422.21948639292,326.686195488722,94.9669172932331],"iscrowd":0,"metadata":{}},
{"id":38,"datatorch_id":"d82438e5-60e8-4ff5-bffc-8d1c603d9cd3","image_id":19,"category_id":25,"segmentation":[[208.801730481456,758.330388648556,1580.546091383716,758.330388648556,1580.546091383716,1264.820614212466,208.801730481456,1264.820614212466]],"area":694775.11,"bbox":[208.801730481456,758.330388648556,1371.74436090226,506.49022556391],"iscrowd":0,"metadata":{}},
{"id":39,"datatorch_id":"d85d2571-59cf-4880-bcb9-27d7f25bde6e","image_id":7,"category_id":21,"segmentation":[[210.595550030329,1233.28808037788,590.463219203261,1233.28808037788,590.463219203261,1309.2616142124664,210.595550030329,1309.2616142124664]],"area":28859.89,"bbox":[210.595550030329,1233.28808037788,379.867669172932,75.9735338345863],"iscrowd":0,"metadata":{}},
{"id":40,"datatorch_id":"d8758a82-e58a-4235-928c-531b816aa942","image_id":7,"category_id":24,"segmentation":[[216.926677849878,134.837403686151,644.2778056694269,134.837403686151,644.2778056694269,188.6519901523164,216.926677849878,188.6519901523164]],"area":22997.72,"bbox":[216.926677849878,134.837403686151,427.351127819549,53.8145864661654],"iscrowd":0,"metadata":{}},
{"id":41,"datatorch_id":"da6121fc-c84f-4ad8-81a1-f7b4200310b9","image_id":19,"category_id":21,"segmentation":[[221.991580105516,679.191290904195,538.54797108296,679.191290904195,538.54797108296,758.330388648556,221.991580105516,758.330388648556]],"area":25051.99,"bbox":[221.991580105516,679.191290904195,316.556390977444,79.139097744361],"iscrowd":0,"metadata":{}},
{"id":42,"datatorch_id":"db8280de-36ed-413b-8fe3-2b5cf235a3c3","image_id":19,"category_id":25,"segmentation":[[223.679880857396,1383.42374203201,1568.411429729576,1383.42374203201,1568.411429729576,1599.9483134605812,223.679880857396,1599.9483134605812]],"area":291167.42,"bbox":[223.679880857396,1383.42374203201,1344.73154887218,216.524571428571],"iscrowd":0,"metadata":{}},
{"id":43,"datatorch_id":"dd1b6c86-0977-4609-ba9d-4417606274c2","image_id":15,"category_id":5,"segmentation":[[191.482578601757,1765.65010804705,1359.575661308527,1765.65010804705,1359.575661308527,1942.921686994418,191.482578601757,1942.921686994418]],"area":207069.71,"bbox":[191.482578601757,1765.65010804705,1168.09308270677,177.271578947368],"iscrowd":0,"metadata":{}},
{"id":44,"datatorch_id":"ded41d0c-dcd6-42ef-be42-b37200267642","image_id":11,"category_id":24,"segmentation":[[201.239550030328,99.330328498181,631.228647774689,99.330328498181,631.228647774689,146.81378714479752,201.239550030328,146.81378714479752]],"area":20417.37,"bbox":[201.239550030328,99.330328498181,429.989097744361,47.4834586466165],"iscrowd":0,"metadata":{}},
{"id":45,"datatorch_id":"e3c01d63-13c9-4220-87a9-8f5cae1eefdc","image_id":11,"category_id":21,"segmentation":[[222.343309428825,181.107396167354,641.780527473938,181.107396167354,641.780527473938,233.86679466359462,222.343309428825,233.86679466359462]],"area":22129.26,"bbox":[222.343309428825,181.107396167354,419.437218045113,52.7593984962406],"iscrowd":0,"metadata":{}},
{"id":46,"datatorch_id":"ec7aab18-5041-4409-b944-92869f06730c","image_id":15,"category_id":15,"segmentation":[[147.164683864916,1069.22604789668,1590.661826722056,1069.22604789668,1590.661826722056,1493.411611806454,147.164683864916,1493.411611806454]],"area":612310.65,"bbox":[147.164683864916,1069.22604789668,1443.49714285714,424.185563909774],"iscrowd":0,"metadata":{}},
{"id":47,"datatorch_id":"f13af006-ddba-4401-9df2-2bb9ddc34d49","image_id":6,"category_id":25,"segmentation":[[174.560880857396,1218.9902833854,1526.2566703310758,1218.9902833854,1526.2566703310758,1367.771787144798,174.560880857396,1367.771787144798]],"area":201107.33,"bbox":[174.560880857396,1218.9902833854,1351.69578947368,148.781503759398],"iscrowd":0,"metadata":{}}
]}