{"info": {"year":2023,"version":"0.1.0","description":"","url":"","date_created":1695182318963},"categories": [
  {
    "id": 1,
    "datatorch_id": "efdc34be-7bc8-40e6-a7ac-743c961d5b0e",
    "name": "other",
    "supercategory": null
  },
  {
    "id": 2,
    "datatorch_id": "98245cc4-3f97-4a16-8793-42b1f206b1ae",
    "name": "form",
    "supercategory": null
  },
  {
    "id": 3,
    "datatorch_id": "bac47c6d-1482-4149-b2f4-48ae401b6fce",
    "name": "report_title",
    "supercategory": null
  },
  {
    "id": 4,
    "datatorch_id": "f67b4326-b7f3-4891-a799-9e158f3f29a3",
    "name": "references",
    "supercategory": null
  },
  {
    "id": 5,
    "datatorch_id": "28540ac5-369f-447d-8dc0-6c623bdeded1",
    "name": "appendix_list",
    "supercategory": null
  },
  {
    "id": 6,
    "datatorch_id": "432d43ae-9402-465b-8bfa-08b71e3f6e70",
    "name": "list",
    "supercategory": null
  },
  {
    "id": 7,
    "datatorch_id": "866cde06-4b95-4b78-9e9d-615eb63f3b30",
    "name": "form_body",
    "supercategory": null
  },
  {
    "id": 8,
    "datatorch_id": "5c08d4fb-994f-42f5-8a08-eff81cd89470",
    "name": "form_title",
    "supercategory": null
  },
  {
    "id": 9,
    "datatorch_id": "7b220ed9-4839-4860-913e-e54f2b08ed1e",
    "name": "cross",
    "supercategory": null
  },
  {
    "id": 10,
    "datatorch_id": "bedfd226-54a1-411d-88c2-e513cc41e676",
    "name": "table_caption",
    "supercategory": null
  },
  {
    "id": 11,
    "datatorch_id": "3a69775c-e544-484e-9882-ad16eb2d72de",
    "name": "table",
    "supercategory": null
  },
  {
    "id": 12,
    "datatorch_id": "c5dfcaed-726f-42cd-8d24-72c5d6ed4f33",
    "name": "figure_caption",
    "supercategory": null
  },
  {
    "id": 13,
    "datatorch_id": "3f471323-e8c5-4b39-989f-cf5be1aec0f9",
    "name": "figure",
    "supercategory": null
  },
  {
    "id": 14,
    "datatorch_id": "99fb551f-c3d7-44ee-bfe4-335664818c3a",
    "name": "list_of_tables",
    "supercategory": null
  },
  {
    "id": 15,
    "datatorch_id": "d21d3657-a407-44b4-95f4-2f3d6302b266",
    "name": "list_of_figures",
    "supercategory": null
  },
  {
    "id": 16,
    "datatorch_id": "ee631f60-9883-4932-8f12-c50dd827cff1",
    "name": "table_of_contents",
    "supercategory": null
  },
  {
    "id": 17,
    "datatorch_id": "01396395-4edf-4a64-aee8-3045d83f9f59",
    "name": "subsubsubsubsection",
    "supercategory": null
  },
  {
    "id": 18,
    "datatorch_id": "60279c59-c020-4f1b-8221-132da3381de0",
    "name": "subsubsubsection",
    "supercategory": null
  },
  {
    "id": 19,
    "datatorch_id": "10a9f994-272f-449d-a0df-80b9119bc1d1",
    "name": "subsubsection",
    "supercategory": null
  },
  {
    "id": 20,
    "datatorch_id": "91510100-a731-4362-93ef-527524a170ce",
    "name": "subsubsection",
    "supercategory": null
  },
  {
    "id": 21,
    "datatorch_id": "b70e14c2-0849-4366-92ab-9a9a19a43234",
    "name": "subsection",
    "supercategory": null
  },
  {
    "id": 22,
    "datatorch_id": "553058cd-78a1-4549-bf72-7e47c9a279a7",
    "name": "summary",
    "supercategory": null
  },
  {
    "id": 23,
    "datatorch_id": "7ee54f92-1d68-40d6-9662-ee8721ea0609",
    "name": "abstract",
    "supercategory": null
  },
  {
    "id": 24,
    "datatorch_id": "e5aba03c-0aa5-4e2d-8318-1070c9c8cbbb",
    "name": "section",
    "supercategory": null
  },
  {
    "id": 25,
    "datatorch_id": "39ef7a9d-1162-4ae4-8624-f78005de7a54",
    "name": "paragraph",
    "supercategory": null
  },
  {
    "id": 26,
    "datatorch_id": "303bd345-80a9-4705-bb6e-cbb51b49d623",
    "name": "title",
    "supercategory": null
  }
],"images": [
  {
    "id": 1,
    "datatorch_id": "82e3e5c9-3844-4857-90be-f39e2c3a3e21",
    "storage_id": "379fb094-cabd-4982-968e-525c78f3db91",
    "path": "a072361_e31_478_2005a_10630871-16.jpg",
    "width": 1653,
    "height": 2339,
    "file_name": "a072361_e31_478_2005a_10630871-16.jpg",
    "metadata": {},
    "date_captured": "2023-09-18T05:01:13.695Z"
  },
  {
    "id": 2,
    "datatorch_id": "471d053e-b176-4053-8c4b-adaf26613cc5",
    "storage_id": "379fb094-cabd-4982-968e-525c78f3db91",
    "path": "a072361_e31_478_2005a_10630871-02.jpg",
    "width": 1653,
    "height": 2339,
    "file_name": "a072361_e31_478_2005a_10630871-02.jpg",
    "metadata": {},
    "date_captured": "2023-09-18T05:01:13.820Z"
  },
  {
    "id": 3,
    "datatorch_id": "f51dcf91-0708-4961-8730-58ba71a4d6d9",
    "storage_id": "379fb094-cabd-4982-968e-525c78f3db91",
    "path": "a072361_e31_478_2005a_10630871-11.jpg",
    "width": 1653,
    "height": 2339,
    "file_name": "a072361_e31_478_2005a_10630871-11.jpg",
    "metadata": {},
    "date_captured": "2023-09-18T05:01:13.820Z"
  },
  {
    "id": 4,
    "datatorch_id": "5c11af37-35f2-465d-86a2-8b6f12c871bc",
    "storage_id": "379fb094-cabd-4982-968e-525c78f3db91",
    "path": "a072361_e31_478_2005a_10630871-12.jpg",
    "width": 1653,
    "height": 2339,
    "file_name": "a072361_e31_478_2005a_10630871-12.jpg",
    "metadata": {},
    "date_captured": "2023-09-18T05:01:13.930Z"
  },
  {
    "id": 5,
    "datatorch_id": "68a6778b-49e0-4a4a-bc01-d87ca6c48ac7",
    "storage_id": "379fb094-cabd-4982-968e-525c78f3db91",
    "path": "a072361_e31_478_2005a_10630871-07.jpg",
    "width": 1653,
    "height": 2339,
    "file_name": "a072361_e31_478_2005a_10630871-07.jpg",
    "metadata": {},
    "date_captured": "2023-09-18T05:01:13.992Z"
  },
  {
    "id": 6,
    "datatorch_id": "230664e7-f1e2-437b-8776-289ceb020789",
    "storage_id": "379fb094-cabd-4982-968e-525c78f3db91",
    "path": "a072361_e31_478_2005a_10630871-04.jpg",
    "width": 1653,
    "height": 2339,
    "file_name": "a072361_e31_478_2005a_10630871-04.jpg",
    "metadata": {},
    "date_captured": "2023-09-18T05:01:13.601Z"
  },
  {
    "id": 7,
    "datatorch_id": "b9c8122b-f46a-457f-8260-04331811d585",
    "storage_id": "379fb094-cabd-4982-968e-525c78f3db91",
    "path": "a072361_e31_478_2005a_10630871-06.jpg",
    "width": 1653,
    "height": 2339,
    "file_name": "a072361_e31_478_2005a_10630871-06.jpg",
    "metadata": {},
    "date_captured": "2023-09-18T05:01:13.742Z"
  },
  {
    "id": 8,
    "datatorch_id": "0ad4bd36-9d9b-4df9-890e-b31dbf1a5558",
    "storage_id": "379fb094-cabd-4982-968e-525c78f3db91",
    "path": "a072361_e31_478_2005a_10630871-20.jpg",
    "width": 1653,
    "height": 2339,
    "file_name": "a072361_e31_478_2005a_10630871-20.jpg",
    "metadata": {},
    "date_captured": "2023-09-18T05:01:13.164Z"
  },
  {
    "id": 9,
    "datatorch_id": "5ad02f62-c24f-4a68-8048-6460ff4913ec",
    "storage_id": "379fb094-cabd-4982-968e-525c78f3db91",
    "path": "a072361_e31_478_2005a_10630871-18.jpg",
    "width": 1653,
    "height": 2339,
    "file_name": "a072361_e31_478_2005a_10630871-18.jpg",
    "metadata": {},
    "date_captured": "2023-09-18T05:01:13.570Z"
  },
  {
    "id": 10,
    "datatorch_id": "70ab6037-3b3e-47d9-bda5-e11ee069cfbf",
    "storage_id": "379fb094-cabd-4982-968e-525c78f3db91",
    "path": "a072361_e31_478_2005a_10630871-15.jpg",
    "width": 1653,
    "height": 2339,
    "file_name": "a072361_e31_478_2005a_10630871-15.jpg",
    "metadata": {},
    "date_captured": "2023-09-18T05:01:13.742Z"
  },
  {
    "id": 11,
    "datatorch_id": "1f9f1494-6def-481a-b153-4eec3ec7d545",
    "storage_id": "379fb094-cabd-4982-968e-525c78f3db91",
    "path": "a072361_e31_478_2005a_10630871-09.jpg",
    "width": 1653,
    "height": 2339,
    "file_name": "a072361_e31_478_2005a_10630871-09.jpg",
    "metadata": {},
    "date_captured": "2023-09-18T05:01:13.820Z"
  },
  {
    "id": 12,
    "datatorch_id": "6d3240f0-5047-4c57-8b2d-d1e99c84b5ef",
    "storage_id": "379fb094-cabd-4982-968e-525c78f3db91",
    "path": "a072361_e31_478_2005a_10630871-01.jpg",
    "width": 1653,
    "height": 2339,
    "file_name": "a072361_e31_478_2005a_10630871-01.jpg",
    "metadata": {},
    "date_captured": "2023-09-18T05:01:13.461Z"
  },
  {
    "id": 13,
    "datatorch_id": "a6722e66-1499-4307-9968-1fe154abaab6",
    "storage_id": "379fb094-cabd-4982-968e-525c78f3db91",
    "path": "a072361_e31_478_2005a_10630871-19.jpg",
    "width": 1653,
    "height": 2339,
    "file_name": "a072361_e31_478_2005a_10630871-19.jpg",
    "metadata": {},
    "date_captured": "2023-09-18T05:01:13.555Z"
  },
  {
    "id": 14,
    "datatorch_id": "06688a72-383d-4029-a32e-d6fa191d6ef6",
    "storage_id": "379fb094-cabd-4982-968e-525c78f3db91",
    "path": "a072361_e31_478_2005a_10630871-17.jpg",
    "width": 1653,
    "height": 2339,
    "file_name": "a072361_e31_478_2005a_10630871-17.jpg",
    "metadata": {},
    "date_captured": "2023-09-18T05:01:13.820Z"
  },
  {
    "id": 15,
    "datatorch_id": "9b247ac7-01b9-4c60-be35-561452aa728f",
    "storage_id": "379fb094-cabd-4982-968e-525c78f3db91",
    "path": "a072361_e31_478_2005a_10630871-03.jpg",
    "width": 1653,
    "height": 2339,
    "file_name": "a072361_e31_478_2005a_10630871-03.jpg",
    "metadata": {},
    "date_captured": "2023-09-18T05:01:13.930Z"
  },
  {
    "id": 16,
    "datatorch_id": "e03ac4a4-70b4-473c-9857-d246ce828a2a",
    "storage_id": "379fb094-cabd-4982-968e-525c78f3db91",
    "path": "a072361_e31_478_2005a_10630871-14.jpg",
    "width": 1653,
    "height": 2339,
    "file_name": "a072361_e31_478_2005a_10630871-14.jpg",
    "metadata": {},
    "date_captured": "2023-09-18T05:01:13.930Z"
  },
  {
    "id": 17,
    "datatorch_id": "617fca53-db88-4c45-aebf-087b9e186919",
    "storage_id": "379fb094-cabd-4982-968e-525c78f3db91",
    "path": "a072361_e31_478_2005a_10630871-05.jpg",
    "width": 1653,
    "height": 2339,
    "file_name": "a072361_e31_478_2005a_10630871-05.jpg",
    "metadata": {},
    "date_captured": "2023-09-18T05:01:14.023Z"
  },
  {
    "id": 18,
    "datatorch_id": "7522bac7-ff3e-4d85-be18-64441897d459",
    "storage_id": "379fb094-cabd-4982-968e-525c78f3db91",
    "path": "a072361_e31_478_2005a_10630871-08.jpg",
    "width": 1653,
    "height": 2339,
    "file_name": "a072361_e31_478_2005a_10630871-08.jpg",
    "metadata": {},
    "date_captured": "2023-09-18T05:01:14.023Z"
  },
  {
    "id": 19,
    "datatorch_id": "8c8fe65e-8be4-4394-a162-879446988929",
    "storage_id": "379fb094-cabd-4982-968e-525c78f3db91",
    "path": "a072361_e31_478_2005a_10630871-13.jpg",
    "width": 1653,
    "height": 2339,
    "file_name": "a072361_e31_478_2005a_10630871-13.jpg",
    "metadata": {},
    "date_captured": "2023-09-18T05:01:14.023Z"
  },
  {
    "id": 20,
    "datatorch_id": "f862ab48-beae-41a6-9db1-56f4df9d6da5",
    "storage_id": "379fb094-cabd-4982-968e-525c78f3db91",
    "path": "a072361_e31_478_2005a_10630871-10.jpg",
    "width": 1653,
    "height": 2339,
    "file_name": "a072361_e31_478_2005a_10630871-10.jpg",
    "metadata": {},
    "date_captured": "2023-09-18T05:01:14.023Z"
  }
],"annotations": [
{"id":1,"datatorch_id":"0dc78c10-2e5f-46e6-ad6a-b5f5a85b43d2","image_id":5,"category_id":24,"segmentation":[[207.852061308524,1021.67013300946,469.960753037847,1021.67013300946,469.960753037847,1063.4555766184826,207.852061308524,1063.4555766184826]],"area":10952.33,"bbox":[207.852061308524,1021.67013300946,262.108691729323,41.7854436090227],"iscrowd":0,"metadata":{}},
{"id":2,"datatorch_id":"18b1c8b7-65ba-4412-8d5e-e26c2692ce66","image_id":18,"category_id":21,"segmentation":[[220.531903413787,104.342471355324,600.3995725867189,104.342471355324,600.3995725867189,180.3160051899104,220.531903413787,180.3160051899104]],"area":28859.89,"bbox":[220.531903413787,104.342471355324,379.867669172932,75.9735338345864],"iscrowd":0,"metadata":{}},
{"id":3,"datatorch_id":"1c0cf1ca-916f-4181-b7bf-9cccdeb3c0a2","image_id":2,"category_id":15,"segmentation":[[180.100617699502,1038.64107285908,1604.604377098002,1038.64107285908,1604.604377098002,1494.482275866599,180.100617699502,1494.482275866599]],"area":649347.51,"bbox":[180.100617699502,1038.64107285908,1424.5037593985,455.841203007519],"iscrowd":0,"metadata":{}},
{"id":4,"datatorch_id":"1fa2c2de-3114-40a5-8e2f-567c4bcf8f33","image_id":4,"category_id":25,"segmentation":[[171.51842221078,80.4248773703614,1580.82747484236,80.4248773703614,1580.82747484236,1565.7074638365314,171.51842221078,1565.7074638365314]],"area":2093222.19,"bbox":[171.51842221078,80.4248773703614,1409.30905263158,1485.28258646617],"iscrowd":0,"metadata":{}},
{"id":5,"datatorch_id":"23404227-da3f-4a15-b706-b9f5cb71e5e4","image_id":18,"category_id":25,"segmentation":[[216.733226722058,1935.30463676886,1561.4647755942378,1935.30463676886,1561.4647755942378,2129.0371480470562,216.733226722058,2129.0371480470562]],"area":260518.22,"bbox":[216.733226722058,1935.30463676886,1344.73154887218,193.732511278196],"iscrowd":0,"metadata":{}},
{"id":6,"datatorch_id":"3071e1cf-c2b5-4825-a5bf-51b18296dc58","image_id":16,"category_id":25,"segmentation":[[216.469429729576,1277.23665932525,1534.610241759646,1277.23665932525,1534.610241759646,1721.681832257581,216.469429729576,1721.681832257581]],"area":585841.32,"bbox":[216.469429729576,1277.23665932525,1318.14081203007,444.445172932331],"iscrowd":0,"metadata":{}},
{"id":7,"datatorch_id":"34df4e20-0488-4a68-8916-d07ae1ba484a","image_id":16,"category_id":21,"segmentation":[[225.9661214589,1176.57172699442,627.992738000253,1176.57172699442,627.992738000253,1277.236659325247,225.9661214589,1277.236659325247]],"area":40469.98,"bbox":[225.9661214589,1176.57172699442,402.026616541353,100.664932330827],"iscrowd":0,"metadata":{}},
{"id":8,"datatorch_id":"3988a146-b5f0-472f-929f-aa61ab3d210d","image_id":18,"category_id":25,"segmentation":[[231.927933488975,180.31600518991,1561.4647755942349,180.31600518991,1561.4647755942349,514.59955406209,231.927933488975,514.59955406209]],"area":444442.29,"bbox":[231.927933488975,180.31600518991,1329.53684210526,334.28354887218],"iscrowd":0,"metadata":{}},
{"id":9,"datatorch_id":"4063e6c8-258a-48d7-a00f-74a5d98019a0","image_id":6,"category_id":25,"segmentation":[[218.896362060404,224.018373610963,1616.809384616794,224.018373610963,1616.809384616794,733.0410503026919,218.896362060404,733.0410503026919]],"area":711569.43,"bbox":[218.896362060404,224.018373610963,1397.91302255639,509.022676691729],"iscrowd":0,"metadata":{}},
{"id":10,"datatorch_id":"4630c16b-7452-485b-a0e1-0ed8d7020d93","image_id":2,"category_id":16,"segmentation":[[153.509880857397,107.965283385399,1623.597760556647,107.965283385399,1623.597760556647,1038.641072859083,153.509880857397,1038.641072859083]],"area":1368175.2,"bbox":[153.509880857397,107.965283385399,1470.08787969925,930.675789473684],"iscrowd":0,"metadata":{}},
{"id":11,"datatorch_id":"4a5f604a-2386-4777-9c20-fb85b558c871","image_id":19,"category_id":13,"segmentation":[[48.1739831130355,54.1155239869026,1593.4756613085256,54.1155239869026,1593.4756613085256,2283.179006693673,48.1739831130355,2283.179006693673]],"area":3444575.54,"bbox":[48.1739831130355,54.1155239869026,1545.30167819549,2229.06348270677],"iscrowd":0,"metadata":{}},
{"id":12,"datatorch_id":"4bdf0b7d-d591-4e8b-adbb-ab43a921703e","image_id":3,"category_id":21,"segmentation":[[207.992753037848,669.764945039534,633.4445425115321,669.764945039534,633.4445425115321,745.7384788741205,207.992753037848,745.7384788741205]],"area":32323.08,"bbox":[207.992753037848,669.764945039534,425.451789473684,75.9735338345864],"iscrowd":0,"metadata":{}},
{"id":13,"datatorch_id":"5423ab55-feb0-4cfc-a0ae-dd463bb95fe0","image_id":9,"category_id":25,"segmentation":[[208.485174090479,218.3555315057,1522.827309428829,218.3555315057,1522.827309428829,503.256283385399,208.485174090479,503.256283385399]],"area":374457.06,"bbox":[208.485174090479,218.3555315057,1314.34213533835,284.900751879699],"iscrowd":0,"metadata":{}},
{"id":14,"datatorch_id":"54d111c3-3226-452f-bbaa-8b13c9b5aa23","image_id":3,"category_id":21,"segmentation":[[204.194076346118,84.7687345132184,549.873655293486,84.7687345132184,549.873655293486,179.7356518064515,204.194076346118,179.7356518064515]],"area":32828.12,"bbox":[204.194076346118,84.7687345132184,345.679578947368,94.9669172932331],"iscrowd":0,"metadata":{}},
{"id":15,"datatorch_id":"591c8f42-1aa6-4112-95b5-1ec25d352c0e","image_id":17,"category_id":13,"segmentation":[[26.8169786017572,71.4206066936698,1614.6638357446172,71.4206066936698,1614.6638357446172,2267.0557345132197,26.8169786017572,2267.0557345132197]],"area":3486332.34,"bbox":[26.8169786017572,71.4206066936698,1587.84685714286,2195.63512781955],"iscrowd":0,"metadata":{}},
{"id":16,"datatorch_id":"59e20197-6eae-4321-a03d-4c2b74ddd604","image_id":2,"category_id":5,"segmentation":[[214.288707925066,1767.35388488916,834.739234240855,1767.35388488916,834.739234240855,1976.2811029342731,214.288707925066,1976.2811029342731]],"area":129629,"bbox":[214.288707925066,1767.35388488916,620.450526315789,208.927218045113],"iscrowd":0,"metadata":{}},
{"id":17,"datatorch_id":"6284dbcd-2952-4144-9d73-1f2f6abb5d6c","image_id":16,"category_id":25,"segmentation":[[208.872076346118,677.045742032016,1583.993038752128,677.045742032016,1583.993038752128,1121.490914964347,208.872076346118,1121.490914964347]],"area":611165.87,"bbox":[208.872076346118,677.045742032016,1375.12096240601,444.445172932331],"iscrowd":0,"metadata":{}},
{"id":18,"datatorch_id":"653b572e-2a4f-47e6-b91d-2b574fc43410","image_id":14,"category_id":13,"segmentation":[[51.4732041656673,85.1556367688575,1608.9306477746873,85.1556367688575,1608.9306477746873,2273.1934112049476,51.4732041656673,2273.1934112049476]],"area":3407775.72,"bbox":[51.4732041656673,85.1556367688575,1557.45744360902,2188.03777443609],"iscrowd":0,"metadata":{}},
{"id":19,"datatorch_id":"6fb6d488-b811-47b9-b235-185d76d15efe","image_id":18,"category_id":21,"segmentation":[[186.343813188223,503.203523986903,535.822068827321,503.203523986903,535.822068827321,598.170441280136,186.343813188223,598.170441280136]],"area":33188.87,"bbox":[186.343813188223,503.203523986903,349.478255639098,94.966917293233],"iscrowd":0,"metadata":{}},
{"id":20,"datatorch_id":"703bf8c2-296e-4520-80b8-9479de698d38","image_id":9,"category_id":24,"segmentation":[[204.68649739875,77.8044939117149,497.184602661908,77.8044939117149,497.184602661908,149.97935105457202,204.68649739875,149.97935105457202]],"area":21111.01,"bbox":[204.68649739875,77.8044939117149,292.498105263158,72.1748571428571],"iscrowd":0,"metadata":{}},
{"id":21,"datatorch_id":"74898015-13a4-413e-8214-8bd0b28e4762","image_id":16,"category_id":21,"segmentation":[[213.303865819802,220.571426242542,612.164918451381,220.571426242542,612.164918451381,304.775426242542,213.303865819802,304.775426242542]],"area":33585.7,"bbox":[213.303865819802,220.571426242542,398.861052631579,84.204],"iscrowd":0,"metadata":{}},
{"id":22,"datatorch_id":"77ed7709-f4eb-4b52-a0ac-d625eab687e6","image_id":16,"category_id":25,"segmentation":[[220.268106421306,304.775426242542,1595.389068827316,304.775426242542,1595.389068827316,574.481471355324,220.268106421306,574.481471355324]],"area":370878.44,"bbox":[220.268106421306,304.775426242542,1375.12096240601,269.706045112782],"iscrowd":0,"metadata":{}},
{"id":23,"datatorch_id":"78c5a377-f33c-4a5f-9848-43814d52df6c","image_id":2,"category_id":14,"segmentation":[[195.295324466419,1543.86507285908,1616.0004071731892,1543.86507285908,1616.0004071731892,1722.402877370358,195.295324466419,1722.402877370358]],"area":253649.57,"bbox":[195.295324466419,1543.86507285908,1420.70508270677,178.537804511278],"iscrowd":0,"metadata":{}},
{"id":24,"datatorch_id":"7a0b6d0f-80d0-4f18-bfc6-2eed92de7b63","image_id":3,"category_id":25,"segmentation":[[188.999369579201,179.735651806452,1621.1004823611509,179.735651806452,1621.1004823611509,415.25360669367,188.999369579201,415.25360669367]],"area":337285.53,"bbox":[188.999369579201,179.735651806452,1432.10111278195,235.517954887218],"iscrowd":0,"metadata":{}},
{"id":25,"datatorch_id":"7dcddf3e-7506-4c29-80f6-08ea40451e28","image_id":6,"category_id":24,"segmentation":[[196.104301910028,87.2660127087072,553.179910932584,87.2660127087072,553.179910932584,163.2395465432937,196.104301910028,163.2395465432937]],"area":27128.3,"bbox":[196.104301910028,87.2660127087072,357.075609022556,75.9735338345865],"iscrowd":0,"metadata":{}},
{"id":26,"datatorch_id":"83ec5c1d-46c5-491b-ba07-c05d22d79c60","image_id":7,"category_id":13,"segmentation":[[53.9704823611558,77.7165615808876,1619.0252793536358,77.7165615808876,1619.0252793536358,2273.3516894004374,53.9704823611558,2273.3516894004374]],"area":3436289.29,"bbox":[53.9704823611558,77.7165615808876,1565.05479699248,2195.63512781955],"iscrowd":0,"metadata":{}},
{"id":27,"datatorch_id":"893cd6e6-22bd-4b16-ab8b-39930da61027","image_id":11,"category_id":13,"segmentation":[[60.3367831130353,78.6662307538201,1587.4048131882255,78.6662307538201,1587.4048131882255,2228.71723827262,60.3367831130353,2228.71723827262]],"area":3283274.16,"bbox":[60.3367831130353,78.6662307538201,1527.06803007519,2150.0510075188],"iscrowd":0,"metadata":{}},
{"id":28,"datatorch_id":"8d61cc93-6cef-45e5-9046-1c22db75cde3","image_id":15,"category_id":22,"segmentation":[[187.88087033108,79.6756939117147,1573.63812747394,79.6756939117147,1573.63812747394,1305.8885300019447,187.88087033108,1305.8885300019447]],"area":1699233.34,"bbox":[187.88087033108,79.6756939117147,1385.75725714286,1226.21283609023],"iscrowd":0,"metadata":{}},
{"id":29,"datatorch_id":"905f6e0f-98bf-478d-a3ad-cfc48c130af8","image_id":13,"category_id":4,"segmentation":[[156.809101910028,53.2671528590825,1606.384127473938,53.2671528590825,1606.384127473938,737.0289573703606,156.809101910028,737.0289573703606]],"area":991164.04,"bbox":[156.809101910028,53.2671528590825,1449.57502556391,683.761804511278],"iscrowd":0,"metadata":{}},
{"id":30,"datatorch_id":"9b9f818b-1f58-4b41-88f0-a8d7229e6401","image_id":20,"category_id":13,"segmentation":[[41.5101040075046,71.0166251077366,1603.7690749548747,71.0166251077366,1603.7690749548747,2283.1228150626266,41.5101040075046,2283.1228150626266]],"area":3455882.74,"bbox":[41.5101040075046,71.0166251077366,1562.25897094737,2212.10618995489],"iscrowd":0,"metadata":{}},
{"id":31,"datatorch_id":"9eb9bea2-e8e3-49a1-9696-0afefdecaa4c","image_id":5,"category_id":25,"segmentation":[[219.248091383712,1226.79867436284,1582.9730237145418,1226.79867436284,1582.9730237145418,1997.930042783892,219.248091383712,1997.930042783892]],"area":1051611.07,"bbox":[219.248091383712,1226.79867436284,1363.72493233083,771.131368421052],"iscrowd":0,"metadata":{}},
{"id":32,"datatorch_id":"a17ce7ff-61e4-4865-8112-012ef601de34","image_id":5,"category_id":11,"segmentation":[[204.053384616795,786.152178122241,1617.161113940105,786.152178122241,1617.161113940105,945.6965991748721,204.053384616795,945.6965991748721]],"area":225453.45,"bbox":[204.053384616795,786.152178122241,1413.10772932331,159.544421052631],"iscrowd":0,"metadata":{}},
{"id":33,"datatorch_id":"a71ff44b-dc27-4db4-a8aa-24881b390f8c","image_id":5,"category_id":21,"segmentation":[[219.248091383712,1177.41587737036,614.3104673235621,1177.41587737036,614.3104673235621,1226.7986743628414,219.248091383712,1226.7986743628414]],"area":19509.29,"bbox":[219.248091383712,1177.41587737036,395.06237593985,49.3827969924814],"iscrowd":0,"metadata":{}},
{"id":34,"datatorch_id":"ade7eed6-2b8a-4318-a2cf-65ca10aa72c5","image_id":8,"category_id":5,"segmentation":[[513.153113940103,418.366411204948,1241.2328131882232,418.366411204948,1241.2328131882232,662.11483225758,513.153113940103,662.11483225758]],"area":177468.28,"bbox":[513.153113940103,418.366411204948,728.07969924812,243.748421052632],"iscrowd":0,"metadata":{}},
{"id":35,"datatorch_id":"afd4f505-3216-4cd8-8118-8043ab681650","image_id":10,"category_id":13,"segmentation":[[49.6793846167952,80.7343991748726,1590.4226507822052,80.7343991748726,1590.4226507822052,2250.538525490663,49.6793846167952,2250.538525490663]],"area":3343111.1,"bbox":[49.6793846167952,80.7343991748726,1540.74326616541,2169.80412631579],"iscrowd":0,"metadata":{}},
{"id":36,"datatorch_id":"b38be465-5271-4b24-bce4-d81d85614055","image_id":18,"category_id":21,"segmentation":[[197.739843263411,1806.14962925006,490.23794852656897,1806.14962925006,490.23794852656897,1935.3046367688569,197.739843263411,1935.3046367688569]],"area":37777.59,"bbox":[197.739843263411,1806.14962925006,292.498105263158,129.155007518797],"iscrowd":0,"metadata":{}},
{"id":37,"datatorch_id":"bb9b4ddf-d0b1-4fc5-a29a-b4979a1cf885","image_id":18,"category_id":25,"segmentation":[[197.739843263411,598.170441280136,1603.2502192032612,598.170441280136,1603.2502192032612,1825.143012708706,197.739843263411,1825.143012708706]],"area":1724522.68,"bbox":[197.739843263411,598.170441280136,1405.51037593985,1226.97257142857],"iscrowd":0,"metadata":{}},
{"id":38,"datatorch_id":"c331f693-632a-4963-bebb-e6c3c1ad2438","image_id":16,"category_id":24,"segmentation":[[205.073399654388,99.6468848891586,641.92121920326,99.6468848891586,641.92121920326,175.620418723745,205.073399654388,175.620418723745]],"area":33188.87,"bbox":[205.073399654388,99.6468848891586,436.847819548872,75.9735338345864],"iscrowd":0,"metadata":{}},
{"id":39,"datatorch_id":"c8aed234-bc58-4891-9e53-f9c9c3d8581e","image_id":3,"category_id":24,"segmentation":[[215.590106421306,529.213907445549,610.652482361156,529.213907445549,610.652482361156,570.9993510545715,215.590106421306,570.9993510545715]],"area":16507.86,"bbox":[215.590106421306,529.213907445549,395.06237593985,41.7854436090225],"iscrowd":0,"metadata":{}},
{"id":40,"datatorch_id":"cebda24b-7d7d-425c-a0fa-5600c66da43b","image_id":5,"category_id":25,"segmentation":[[211.650738000254,208.753320979384,1590.570377097994,208.753320979384,1590.570377097994,664.594523986903,211.650738000254,664.594523986903]],"area":628568.39,"bbox":[211.650738000254,208.753320979384,1378.91963909774,455.841203007519],"iscrowd":0,"metadata":{}},
{"id":41,"datatorch_id":"cf208755-d404-4dea-bc63-8e04f9eb9393","image_id":3,"category_id":25,"segmentation":[[192.79804627093,745.738478874121,1560.32165529349,745.738478874121,1560.32165529349,1862.5494262425411,192.79804627093,1862.5494262425411]],"area":1527265.34,"bbox":[192.79804627093,745.738478874121,1367.52360902256,1116.81094736842],"iscrowd":0,"metadata":{}},
{"id":42,"datatorch_id":"d5768343-3667-40b1-bd2c-861aa5c45f55","image_id":1,"category_id":13,"segmentation":[[43.7914357446144,75.3775615808879,1584.5347019100243,75.3775615808879,1584.5347019100243,2252.0193059417875,43.7914357446144,2252.0193059417875]],"area":3353646.11,"bbox":[43.7914357446144,75.3775615808879,1540.74326616541,2176.6417443609],"iscrowd":0,"metadata":{}},
{"id":43,"datatorch_id":"d5ffef46-e08d-420b-89d9-2d951c0af12e","image_id":16,"category_id":21,"segmentation":[[220.268106421306,574.481471355324,852.747775594238,574.481471355324,852.747775594238,677.0457420320159,220.268106421306,677.0457420320159]],"area":64869.82,"bbox":[220.268106421306,574.481471355324,632.479669172932,102.564270676692],"iscrowd":0,"metadata":{}},
{"id":44,"datatorch_id":"f051ece3-2ad7-4b7d-979f-9151231c4ba1","image_id":5,"category_id":24,"segmentation":[[188.858677849878,72.0009600771282,583.921053789728,72.0009600771282,583.921053789728,155.5718472951733,188.858677849878,155.5718472951733]],"area":33015.71,"bbox":[188.858677849878,72.0009600771282,395.06237593985,83.5708872180451],"iscrowd":0,"metadata":{}},
{"id":45,"datatorch_id":"fa1e45d2-4afb-47e2-8769-12e91febcb29","image_id":12,"category_id":3,"segmentation":[[110.51097108296,521.686899926752,1547.6769861205498,521.686899926752,1547.6769861205498,2104.468854813972,110.51097108296,2104.468854813972]],"area":2274720.43,"bbox":[110.51097108296,521.686899926752,1437.16601503759,1582.78195488722],"iscrowd":0,"metadata":{}},
{"id":46,"datatorch_id":"fd6b446b-7cb2-4103-9188-33be867fc640","image_id":5,"category_id":10,"segmentation":[[215.449414691983,694.983937520737,682.6866477746901,694.983937520737,682.6866477746901,786.1521781222408,215.449414691983,786.1521781222408]],"area":42597.2,"bbox":[215.449414691983,694.983937520737,467.237233082707,91.1682406015038],"iscrowd":0,"metadata":{}}
]}