{"info": {"year":2023,"version":"0.1.0","description":"","url":"","date_created":1695181856862},"categories": [
  {
    "id": 1,
    "datatorch_id": "efdc34be-7bc8-40e6-a7ac-743c961d5b0e",
    "name": "other",
    "supercategory": null
  },
  {
    "id": 2,
    "datatorch_id": "98245cc4-3f97-4a16-8793-42b1f206b1ae",
    "name": "form",
    "supercategory": null
  },
  {
    "id": 3,
    "datatorch_id": "bac47c6d-1482-4149-b2f4-48ae401b6fce",
    "name": "report_title",
    "supercategory": null
  },
  {
    "id": 4,
    "datatorch_id": "f67b4326-b7f3-4891-a799-9e158f3f29a3",
    "name": "references",
    "supercategory": null
  },
  {
    "id": 5,
    "datatorch_id": "28540ac5-369f-447d-8dc0-6c623bdeded1",
    "name": "appendix_list",
    "supercategory": null
  },
  {
    "id": 6,
    "datatorch_id": "432d43ae-9402-465b-8bfa-08b71e3f6e70",
    "name": "list",
    "supercategory": null
  },
  {
    "id": 7,
    "datatorch_id": "866cde06-4b95-4b78-9e9d-615eb63f3b30",
    "name": "form_body",
    "supercategory": null
  },
  {
    "id": 8,
    "datatorch_id": "5c08d4fb-994f-42f5-8a08-eff81cd89470",
    "name": "form_title",
    "supercategory": null
  },
  {
    "id": 9,
    "datatorch_id": "7b220ed9-4839-4860-913e-e54f2b08ed1e",
    "name": "cross",
    "supercategory": null
  },
  {
    "id": 10,
    "datatorch_id": "bedfd226-54a1-411d-88c2-e513cc41e676",
    "name": "table_caption",
    "supercategory": null
  },
  {
    "id": 11,
    "datatorch_id": "3a69775c-e544-484e-9882-ad16eb2d72de",
    "name": "table",
    "supercategory": null
  },
  {
    "id": 12,
    "datatorch_id": "c5dfcaed-726f-42cd-8d24-72c5d6ed4f33",
    "name": "figure_caption",
    "supercategory": null
  },
  {
    "id": 13,
    "datatorch_id": "3f471323-e8c5-4b39-989f-cf5be1aec0f9",
    "name": "figure",
    "supercategory": null
  },
  {
    "id": 14,
    "datatorch_id": "99fb551f-c3d7-44ee-bfe4-335664818c3a",
    "name": "list_of_tables",
    "supercategory": null
  },
  {
    "id": 15,
    "datatorch_id": "d21d3657-a407-44b4-95f4-2f3d6302b266",
    "name": "list_of_figures",
    "supercategory": null
  },
  {
    "id": 16,
    "datatorch_id": "ee631f60-9883-4932-8f12-c50dd827cff1",
    "name": "table_of_contents",
    "supercategory": null
  },
  {
    "id": 17,
    "datatorch_id": "01396395-4edf-4a64-aee8-3045d83f9f59",
    "name": "subsubsubsubsection",
    "supercategory": null
  },
  {
    "id": 18,
    "datatorch_id": "60279c59-c020-4f1b-8221-132da3381de0",
    "name": "subsubsubsection",
    "supercategory": null
  },
  {
    "id": 19,
    "datatorch_id": "10a9f994-272f-449d-a0df-80b9119bc1d1",
    "name": "subsubsection",
    "supercategory": null
  },
  {
    "id": 20,
    "datatorch_id": "91510100-a731-4362-93ef-527524a170ce",
    "name": "subsubsection",
    "supercategory": null
  },
  {
    "id": 21,
    "datatorch_id": "b70e14c2-0849-4366-92ab-9a9a19a43234",
    "name": "subsection",
    "supercategory": null
  },
  {
    "id": 22,
    "datatorch_id": "553058cd-78a1-4549-bf72-7e47c9a279a7",
    "name": "summary",
    "supercategory": null
  },
  {
    "id": 23,
    "datatorch_id": "7ee54f92-1d68-40d6-9662-ee8721ea0609",
    "name": "abstract",
    "supercategory": null
  },
  {
    "id": 24,
    "datatorch_id": "e5aba03c-0aa5-4e2d-8318-1070c9c8cbbb",
    "name": "section",
    "supercategory": null
  },
  {
    "id": 25,
    "datatorch_id": "39ef7a9d-1162-4ae4-8624-f78005de7a54",
    "name": "paragraph",
    "supercategory": null
  },
  {
    "id": 26,
    "datatorch_id": "303bd345-80a9-4705-bb6e-cbb51b49d623",
    "name": "title",
    "supercategory": null
  }
],"images": [
  {
    "id": 1,
    "datatorch_id": "28cd1668-58f6-48a3-89ba-98a46f3afc4f",
    "storage_id": "379fb094-cabd-4982-968e-525c78f3db91",
    "path": "a072272_av_2006a__11307046-06.jpg",
    "width": 1653,
    "height": 2339,
    "file_name": "a072272_av_2006a__11307046-06.jpg",
    "metadata": {},
    "date_captured": "2023-09-17T09:58:35.765Z"
  },
  {
    "id": 2,
    "datatorch_id": "df0667c6-2d3f-47ab-b291-f915437ba3a5",
    "storage_id": "379fb094-cabd-4982-968e-525c78f3db91",
    "path": "a072272_av_2006a__11307046-16.jpg",
    "width": 1653,
    "height": 2339,
    "file_name": "a072272_av_2006a__11307046-16.jpg",
    "metadata": {},
    "date_captured": "2023-09-17T09:58:35.358Z"
  },
  {
    "id": 3,
    "datatorch_id": "2adc14b1-71bd-43d9-911b-919662414f71",
    "storage_id": "379fb094-cabd-4982-968e-525c78f3db91",
    "path": "a072272_av_2006a__11307046-02.jpg",
    "width": 1653,
    "height": 2339,
    "file_name": "a072272_av_2006a__11307046-02.jpg",
    "metadata": {},
    "date_captured": "2023-09-17T09:58:34.921Z"
  },
  {
    "id": 4,
    "datatorch_id": "fb5480d9-8e67-4b50-ba49-626dc5b1149e",
    "storage_id": "379fb094-cabd-4982-968e-525c78f3db91",
    "path": "a072272_av_2006a__11307046-01.jpg",
    "width": 1653,
    "height": 2339,
    "file_name": "a072272_av_2006a__11307046-01.jpg",
    "metadata": {},
    "date_captured": "2023-09-17T09:58:35.171Z"
  },
  {
    "id": 5,
    "datatorch_id": "844888a3-e08b-472e-82b3-35c6a8f85e92",
    "storage_id": "379fb094-cabd-4982-968e-525c78f3db91",
    "path": "a072272_av_2006a__11307046-05.jpg",
    "width": 1653,
    "height": 2339,
    "file_name": "a072272_av_2006a__11307046-05.jpg",
    "metadata": {},
    "date_captured": "2023-09-17T09:58:35.187Z"
  },
  {
    "id": 6,
    "datatorch_id": "f4005a7f-e435-4ec4-9621-3ced0673307b",
    "storage_id": "379fb094-cabd-4982-968e-525c78f3db91",
    "path": "a072272_av_2006a__11307046-18.jpg",
    "width": 1653,
    "height": 2339,
    "file_name": "a072272_av_2006a__11307046-18.jpg",
    "metadata": {},
    "date_captured": "2023-09-17T09:58:35.312Z"
  },
  {
    "id": 7,
    "datatorch_id": "270df75e-087c-48ea-ab55-d3e86c1660bc",
    "storage_id": "379fb094-cabd-4982-968e-525c78f3db91",
    "path": "a072272_av_2006a__11307046-13.jpg",
    "width": 1653,
    "height": 2339,
    "file_name": "a072272_av_2006a__11307046-13.jpg",
    "metadata": {},
    "date_captured": "2023-09-17T09:58:35.343Z"
  },
  {
    "id": 8,
    "datatorch_id": "95b28cfd-241d-441f-8f4f-74383a683306",
    "storage_id": "379fb094-cabd-4982-968e-525c78f3db91",
    "path": "a072272_av_2006a__11307046-17.jpg",
    "width": 1653,
    "height": 2339,
    "file_name": "a072272_av_2006a__11307046-17.jpg",
    "metadata": {},
    "date_captured": "2023-09-17T09:58:34.968Z"
  },
  {
    "id": 9,
    "datatorch_id": "1abce719-036d-462e-8eeb-6dcefd3c2e59",
    "storage_id": "379fb094-cabd-4982-968e-525c78f3db91",
    "path": "a072272_av_2006a__11307046-03.jpg",
    "width": 1653,
    "height": 2339,
    "file_name": "a072272_av_2006a__11307046-03.jpg",
    "metadata": {},
    "date_captured": "2023-09-17T09:58:35.187Z"
  },
  {
    "id": 10,
    "datatorch_id": "04c10e48-106d-4494-9cb9-4987397ae04f",
    "storage_id": "379fb094-cabd-4982-968e-525c78f3db91",
    "path": "a072272_av_2006a__11307046-09.jpg",
    "width": 1653,
    "height": 2339,
    "file_name": "a072272_av_2006a__11307046-09.jpg",
    "metadata": {},
    "date_captured": "2023-09-17T09:58:35.249Z"
  },
  {
    "id": 11,
    "datatorch_id": "70b32e7b-04a0-4643-8438-c34bb4759910",
    "storage_id": "379fb094-cabd-4982-968e-525c78f3db91",
    "path": "a072272_av_2006a__11307046-04.jpg",
    "width": 1653,
    "height": 2339,
    "file_name": "a072272_av_2006a__11307046-04.jpg",
    "metadata": {},
    "date_captured": "2023-09-17T09:58:35.296Z"
  },
  {
    "id": 12,
    "datatorch_id": "eb23bc60-10e9-4df9-b086-542a18a5eda1",
    "storage_id": "379fb094-cabd-4982-968e-525c78f3db91",
    "path": "a072272_av_2006a__11307046-14.jpg",
    "width": 3309,
    "height": 2339,
    "file_name": "a072272_av_2006a__11307046-14.jpg",
    "metadata": {},
    "date_captured": "2023-09-17T09:58:35.358Z"
  },
  {
    "id": 13,
    "datatorch_id": "2b18b3dd-f223-4c08-8e0a-e922ec798586",
    "storage_id": "379fb094-cabd-4982-968e-525c78f3db91",
    "path": "a072272_av_2006a__11307046-08.jpg",
    "width": 1653,
    "height": 2339,
    "file_name": "a072272_av_2006a__11307046-08.jpg",
    "metadata": {},
    "date_captured": "2023-09-17T09:58:35.749Z"
  },
  {
    "id": 14,
    "datatorch_id": "01f1e1b4-d5dc-497c-9888-e6c004721c9c",
    "storage_id": "379fb094-cabd-4982-968e-525c78f3db91",
    "path": "a072272_av_2006a__11307046-07.jpg",
    "width": 1653,
    "height": 2339,
    "file_name": "a072272_av_2006a__11307046-07.jpg",
    "metadata": {},
    "date_captured": "2023-09-17T09:58:35.765Z"
  },
  {
    "id": 15,
    "datatorch_id": "68975c7f-9ae0-4d89-a9bc-299050d3ccba",
    "storage_id": "379fb094-cabd-4982-968e-525c78f3db91",
    "path": "a072272_av_2006a__11307046-10.jpg",
    "width": 1653,
    "height": 2339,
    "file_name": "a072272_av_2006a__11307046-10.jpg",
    "metadata": {},
    "date_captured": "2023-09-17T09:58:35.780Z"
  },
  {
    "id": 16,
    "datatorch_id": "54cc9f4a-6caa-4abc-b96d-f5031708241d",
    "storage_id": "379fb094-cabd-4982-968e-525c78f3db91",
    "path": "a072272_av_2006a__11307046-12.jpg",
    "width": 1653,
    "height": 2339,
    "file_name": "a072272_av_2006a__11307046-12.jpg",
    "metadata": {},
    "date_captured": "2023-09-17T09:58:35.343Z"
  },
  {
    "id": 17,
    "datatorch_id": "a5b26233-8d48-4b2f-9488-907c7506b1df",
    "storage_id": "379fb094-cabd-4982-968e-525c78f3db91",
    "path": "a072272_av_2006a__11307046-19.jpg",
    "width": 1653,
    "height": 2339,
    "file_name": "a072272_av_2006a__11307046-19.jpg",
    "metadata": {},
    "date_captured": "2023-09-17T09:58:35.390Z"
  },
  {
    "id": 18,
    "datatorch_id": "bb0ad277-b18a-461b-ac0e-473f875cb8a3",
    "storage_id": "379fb094-cabd-4982-968e-525c78f3db91",
    "path": "a072272_av_2006a__11307046-11.jpg",
    "width": 1653,
    "height": 2339,
    "file_name": "a072272_av_2006a__11307046-11.jpg",
    "metadata": {},
    "date_captured": "2023-09-17T09:58:35.780Z"
  },
  {
    "id": 19,
    "datatorch_id": "a78f707e-5e2a-4b22-a433-5284d5b18f6c",
    "storage_id": "379fb094-cabd-4982-968e-525c78f3db91",
    "path": "a072272_av_2006a__11307046-15.jpg",
    "width": 1653,
    "height": 2339,
    "file_name": "a072272_av_2006a__11307046-15.jpg",
    "metadata": {},
    "date_captured": "2023-09-17T09:58:35.780Z"
  }
],"annotations": [
{"id":1,"datatorch_id":"00eaae25-bb75-499b-9ae6-29eeead45d8d","image_id":9,"category_id":1,"segmentation":[[193.079429729577,1292.85344128014,1547.237324466417,1292.85344128014,1547.237324466417,1648.979381129764,193.079429729577,1648.979381129764]],"area":482250.75,"bbox":[193.079429729577,1292.85344128014,1354.15789473684,356.125939849624],"iscrowd":0,"metadata":{}},
{"id":2,"datatorch_id":"04857121-2fe7-432a-84c3-dc0b5a049377","image_id":12,"category_id":13,"segmentation":[[87.7251751285951,39.885421298777,3235.6527347013152,39.885421298777,3235.6527347013152,2304.513904454077,87.7251751285951,2304.513904454077]],"area":7128886.41,"bbox":[87.7251751285951,39.885421298777,3147.92755957272,2264.6284831553],"iscrowd":0,"metadata":{}},
{"id":3,"datatorch_id":"090c01d5-d21e-4cb0-9ccb-b516228ca530","image_id":10,"category_id":21,"segmentation":[[323.535835744614,240.655170603444,604.637910932584,240.655170603444,604.637910932584,274.8432608290079,323.535835744614,274.8432608290079]],"area":9610.34,"bbox":[323.535835744614,240.655170603444,281.10207518797,34.1880902255639],"iscrowd":0,"metadata":{}},
{"id":4,"datatorch_id":"0b1c8b24-b02d-4c52-99fc-06bc55a534aa","image_id":6,"category_id":25,"segmentation":[[227.46097108296,356.110320979384,1465.19645980476,356.110320979384,1465.19645980476,989.2231029342711,227.46097108296,989.2231029342711]],"area":783626.16,"bbox":[227.46097108296,356.110320979384,1237.7354887218,633.112781954887],"iscrowd":0,"metadata":{}},
{"id":5,"datatorch_id":"0fea215a-e53f-424a-b365-45c59ccaee8d","image_id":14,"category_id":25,"segmentation":[[245.947864316042,1670.43486985156,1512.1734282258121,1670.43486985156,1512.1734282258121,2111.081366092162,245.947864316042,2111.081366092162]],"area":557957.86,"bbox":[245.947864316042,1670.43486985156,1266.22556390977,440.646496240602],"iscrowd":0,"metadata":{}},
{"id":6,"datatorch_id":"0ff0a177-cace-41ec-b9ba-20e72a710670","image_id":3,"category_id":16,"segmentation":[[131.614730481456,123.001711956827,1464.317136496496,123.001711956827,1464.317136496496,1680.459155565847,131.614730481456,1680.459155565847]],"area":2075627.28,"bbox":[131.614730481456,123.001711956827,1332.70240601504,1557.45744360902],"iscrowd":0,"metadata":{}},
{"id":7,"datatorch_id":"1ce10005-443f-4774-a235-d1e0af54138d","image_id":19,"category_id":11,"segmentation":[[221.393640255892,1618.81859165607,1417.976798150632,1618.81859165607,1417.976798150632,2024.0107721071981,221.393640255892,2024.0107721071981]],"area":484846.14,"bbox":[221.393640255892,1618.81859165607,1196.58315789474,405.192180451128],"iscrowd":0,"metadata":{}},
{"id":8,"datatorch_id":"221dedb4-de1e-483b-abdc-6b6eac612890","image_id":14,"category_id":24,"segmentation":[[221.762956045366,189.710695415474,490.709265819802,189.710695415474,490.709265819802,239.853227746301,221.762956045366,239.853227746301]],"area":13485.65,"bbox":[221.762956045366,189.710695415474,268.946309774436,50.142532330827],"iscrowd":0,"metadata":{}},
{"id":9,"datatorch_id":"25486129-03de-433e-96dc-fd20efa58048","image_id":19,"category_id":21,"segmentation":[[348.01619664687,938.222351054571,588.599053789727,938.222351054571,588.599053789727,1007.8647570696086,348.01619664687,1007.8647570696086]],"area":16754.77,"bbox":[348.01619664687,938.222351054571,240.582857142857,69.6424060150375],"iscrowd":0,"metadata":{}},
{"id":10,"datatorch_id":"3e73f21f-e04b-40f4-8ce6-3a8eaf79160a","image_id":15,"category_id":24,"segmentation":[[223.943677849877,257.889907445549,613.308038752133,257.889907445549,613.308038752133,308.5389300019399,223.943677849877,308.5389300019399]],"area":19720.92,"bbox":[223.943677849877,257.889907445549,389.364360902256,50.6490225563909],"iscrowd":0,"metadata":{}},
{"id":11,"datatorch_id":"44ea4e32-5f72-40fd-bed9-61ab4086cacb","image_id":14,"category_id":25,"segmentation":[[230.120044767171,366.855651806452,1483.683353037851,366.855651806452,1483.683353037851,566.2861781222409,230.120044767171,566.2861781222409]],"area":249998.79,"bbox":[230.120044767171,366.855651806452,1253.56330827068,199.430526315789],"iscrowd":0,"metadata":{}},
{"id":12,"datatorch_id":"4736348e-48eb-4755-8bda-051454701c98","image_id":19,"category_id":24,"segmentation":[[243.552587624313,270.288366092165,746.8772492784481,270.288366092165,746.8772492784481,308.27513300945833,243.552587624313,308.27513300945833]],"area":19119.68,"bbox":[243.552587624313,270.288366092165,503.324661654135,37.9867669172933],"iscrowd":0,"metadata":{}},
{"id":13,"datatorch_id":"491cc2fc-5916-4eb3-b853-cf7f76213590","image_id":5,"category_id":24,"segmentation":[[215.790592135592,254.077161580887,723.599802661908,254.077161580887,723.599802661908,311.233176618481,215.790592135592,311.233176618481]],"area":29024.35,"bbox":[215.790592135592,254.077161580887,507.809210526316,57.156015037594],"iscrowd":0,"metadata":{}},
{"id":14,"datatorch_id":"4cac1da8-65d7-4535-b8a1-68a232c851ef","image_id":16,"category_id":10,"segmentation":[[476.133602661908,530.568065340286,1220.041121458901,530.568065340286,1220.041121458901,606.5415991748724,476.133602661908,606.5415991748724]],"area":56517.28,"bbox":[476.133602661908,530.568065340286,743.907518796993,75.9735338345864],"iscrowd":0,"metadata":{}},
{"id":15,"datatorch_id":"5028050a-859b-47ae-a32b-705ccb0dcd13","image_id":19,"category_id":25,"segmentation":[[230.890331985216,1007.86475706961,1512.943715443866,1007.86475706961,1512.943715443866,1517.5205465432941,230.890331985216,1517.5205465432941]],"area":653405.93,"bbox":[230.890331985216,1007.86475706961,1282.05338345865,509.655789473684],"iscrowd":0,"metadata":{}},
{"id":16,"datatorch_id":"56919c7e-93d8-422c-8e00-749a990c6c80","image_id":9,"category_id":5,"segmentation":[[234.847286872434,921.339343535775,1395.554053789724,921.339343535775,1395.554053789724,1209.317726994422,234.847286872434,1209.317726994422]],"area":334258.46,"bbox":[234.847286872434,921.339343535775,1160.70676691729,287.978383458647],"iscrowd":0,"metadata":{}},
{"id":17,"datatorch_id":"577d2e10-0988-4a2f-8f96-06c30630f67b","image_id":8,"category_id":24,"segmentation":[[228.903061308524,240.338614212467,654.354850782208,240.338614212467,654.354850782208,320.1108247387828,228.903061308524,320.1108247387828]],"area":33939.23,"bbox":[228.903061308524,240.338614212467,425.451789473684,79.7722105263158],"iscrowd":0,"metadata":{}},
{"id":18,"datatorch_id":"5b5a654e-7fb9-42e0-9252-97c5b9b063e9","image_id":5,"category_id":25,"segmentation":[[215.790592135592,355.199342032015,1413.868599654392,355.199342032015,1413.868599654392,858.611936016977,215.790592135592,858.611936016977]],"area":603127.56,"bbox":[215.790592135592,355.199342032015,1198.0780075188,503.412593984962],"iscrowd":0,"metadata":{}},
{"id":19,"datatorch_id":"67f68ffe-8112-4cbd-9191-f0cebdc6c631","image_id":14,"category_id":11,"segmentation":[[224.295407173186,708.103441280136,1471.527587624316,708.103441280136,1471.527587624316,1670.4348698515641,224.295407173186,1670.4348698515641]],"area":1200250.73,"bbox":[224.295407173186,708.103441280136,1247.23218045113,962.331428571428],"iscrowd":0,"metadata":{}},
{"id":20,"datatorch_id":"728b8d02-fd2f-4cca-bec8-fe955a2f9a36","image_id":16,"category_id":25,"segmentation":[[226.054053789727,360.682802182391,1531.849166571677,360.682802182391,1531.849166571677,518.960997671113,226.054053789727,518.960997671113]],"area":206678.89,"bbox":[226.054053789727,360.682802182391,1305.79511278195,158.278195488722],"iscrowd":0,"metadata":{}},
{"id":21,"datatorch_id":"7e662646-6e04-4bf3-be04-32db76cfcb22","image_id":9,"category_id":14,"segmentation":[[221.657437248374,556.332238272617,1514.262700406264,556.332238272617,1514.262700406264,879.571486392918,221.657437248374,879.571486392918]],"area":417820.75,"bbox":[221.657437248374,556.332238272617,1292.60526315789,323.239248120301],"iscrowd":0,"metadata":{}},
{"id":22,"datatorch_id":"84493c5e-7cb3-4b0e-a34c-0e37910d7fe4","image_id":4,"category_id":1,"segmentation":[[236.342136496494,1822.9095315057,1230.329204165667,1822.9095315057,1230.329204165667,2063.492388648557,236.342136496494,2063.492388648557]],"area":239136.25,"bbox":[236.342136496494,1822.9095315057,993.987067669173,240.582857142857],"iscrowd":0,"metadata":{}},
{"id":23,"datatorch_id":"8c68b032-e4c1-44d9-99d5-0291335c26ef","image_id":17,"category_id":4,"segmentation":[[208.203790631832,255.603666844045,1477.594918451382,255.603666844045,1477.594918451382,1613.630584137275,208.203790631832,1613.630584137275]],"area":1723867.32,"bbox":[208.203790631832,255.603666844045,1269.39112781955,1358.02691729323],"iscrowd":0,"metadata":{}},
{"id":24,"datatorch_id":"9289173f-2245-4bd4-951a-1b2f08150fab","image_id":16,"category_id":11,"segmentation":[[213.391798150629,606.541599174872,1473.2862342408591,606.541599174872,1473.2862342408591,2138.674531505702,213.391798150629,2138.674531505702]],"area":1930325.76,"bbox":[213.391798150629,606.541599174872,1259.89443609023,1532.13293233083],"iscrowd":0,"metadata":{}},
{"id":25,"datatorch_id":"9f875f39-21c7-43e5-b0d0-3eaeeff0bc66","image_id":2,"category_id":25,"segmentation":[[212.424542511532,174.79385481397,1500.8090537897322,174.79385481397,1500.8090537897322,921.866937520737,212.424542511532,921.866937520737]],"area":962517.39,"bbox":[212.424542511532,174.79385481397,1288.3845112782,747.073082706767],"iscrowd":0,"metadata":{}},
{"id":26,"datatorch_id":"a7a58342-2801-4748-afc1-fb524ea7cdfb","image_id":1,"category_id":13,"segmentation":[[86.3928913837121,49.6274578214891,1613.4609214589022,49.6274578214891,1613.4609214589022,2296.924588648559,86.3928913837121,2296.924588648559]],"area":3431775.6,"bbox":[86.3928913837121,49.6274578214891,1527.06803007519,2247.29713082707],"iscrowd":0,"metadata":{}},
{"id":27,"datatorch_id":"aaa25934-194f-4ac2-9020-febb06051328","image_id":19,"category_id":25,"segmentation":[[240.387023714539,615.334832257579,1436.970181609279,615.334832257579,1436.970181609279,893.904456317729,240.387023714539,893.904456317729]],"area":333331.72,"bbox":[240.387023714539,615.334832257579,1196.58315789474,278.56962406015],"iscrowd":0,"metadata":{}},
{"id":28,"datatorch_id":"abdc46b9-c316-45f6-9d87-ea0d58ff0568","image_id":8,"category_id":25,"segmentation":[[236.500414691983,320.110824738783,1490.063722962663,320.110824738783,1490.063722962663,578.420839776377,236.500414691983,578.420839776377]],"area":323807.96,"bbox":[236.500414691983,320.110824738783,1253.56330827068,258.310015037594],"iscrowd":0,"metadata":{}},
{"id":29,"datatorch_id":"b8e3841f-2f9a-4ceb-958b-e3fe08a46cc7","image_id":14,"category_id":10,"segmentation":[[575.673001158148,619.467651806451,1113.8188658198019,619.467651806451,1113.8188658198019,708.1034412801353,575.673001158148,708.1034412801353]],"area":47698.98,"bbox":[575.673001158148,619.467651806451,538.145864661654,88.6357894736842],"iscrowd":0,"metadata":{}},
{"id":30,"datatorch_id":"baf11b13-88d0-4fd6-968c-4820d5c5cd9e","image_id":11,"category_id":22,"segmentation":[[162.303113940103,198.095922483143,1495.005519955143,198.095922483143,1495.005519955143,1382.0168247387828,162.303113940103,1382.0168247387828]],"area":1577814.23,"bbox":[162.303113940103,198.095922483143,1332.70240601504,1183.92090225564],"iscrowd":0,"metadata":{}},
{"id":31,"datatorch_id":"be482007-5ffe-47d7-8fdc-19a80c9d4c4d","image_id":4,"category_id":1,"segmentation":[[176.19642221078,160.98847887412,1110.037775594238,160.98847887412,1110.037775594238,515.531636768857,176.19642221078,515.531636768857]],"area":331087.06,"bbox":[176.19642221078,160.98847887412,933.841353383458,354.543157894737],"iscrowd":0,"metadata":{}},
{"id":32,"datatorch_id":"cbc013fc-f268-4f0f-88ec-16397af4b05c","image_id":15,"category_id":25,"segmentation":[[239.77149739875,346.525696919233,1502.83149739875,346.525696919233,1502.83149739875,1517.7843435357731,239.77149739875,1517.7843435357731]],"area":1479369.95,"bbox":[239.77149739875,346.525696919233,1263.06,1171.25864661654],"iscrowd":0,"metadata":{}},
{"id":33,"datatorch_id":"cbcc8fd6-390e-4ffd-b2d4-32d0d9d684be","image_id":13,"category_id":13,"segmentation":[[46.1585740904791,45.8463675959255,1609.693900406269,45.8463675959255,1609.693900406269,2297.7019104530655,46.1585740904791,2297.7019104530655]],"area":3520855.69,"bbox":[46.1585740904791,45.8463675959255,1563.53532631579,2251.85554285714],"iscrowd":0,"metadata":{}},
{"id":34,"datatorch_id":"ceab54b9-8977-4c21-80af-a3a18ad8d93b","image_id":7,"category_id":11,"segmentation":[[199.340211684464,181.476711956827,1471.896903413784,181.476711956827,1471.896903413784,1689.551358573367,199.340211684464,1689.551358573367]],"area":1919110.48,"bbox":[199.340211684464,181.476711956827,1272.55669172932,1508.07464661654],"iscrowd":0,"metadata":{}},
{"id":35,"datatorch_id":"cedb458c-88e4-4ff5-9191-a79fc3a8cc94","image_id":16,"category_id":24,"segmentation":[[232.385181609276,251.998441280136,757.8687906318321,251.998441280136,757.8687906318321,308.9785916560759,232.385181609276,308.9785916560759]],"area":29942.14,"bbox":[232.385181609276,251.998441280136,525.483609022556,56.9801503759399],"iscrowd":0,"metadata":{}},
{"id":36,"datatorch_id":"d02e3fee-9b36-40a0-8711-1fa76cff49df","image_id":19,"category_id":21,"segmentation":[[329.022813188223,542.526862332767,708.8904823611549,542.526862332767,708.8904823611549,615.3348322575789,329.022813188223,615.3348322575789]],"area":27657.39,"bbox":[329.022813188223,542.526862332767,379.867669172932,72.8079699248119],"iscrowd":0,"metadata":{}},
{"id":37,"datatorch_id":"dbcf1c05-e613-4673-9305-f9a5570408da","image_id":14,"category_id":21,"segmentation":[[287.10019514311,239.853227746301,679.63011995514,239.853227746301,679.63011995514,325.7033209793838,287.10019514311,325.7033209793838]],"area":33698.73,"bbox":[287.10019514311,239.853227746301,392.52992481203,85.8500932330828],"iscrowd":0,"metadata":{}},
{"id":38,"datatorch_id":"e437c692-f332-4e37-877c-15939ee65460","image_id":19,"category_id":25,"segmentation":[[234.05589589499,352.593027746301,1459.1291289777,352.593027746301,1459.1291289777,504.540095415474,234.05589589499,504.540095415474]],"area":186146.29,"bbox":[234.05589589499,352.593027746301,1225.07323308271,151.947067669173],"iscrowd":0,"metadata":{}},
{"id":39,"datatorch_id":"e6b81341-1eb9-4a99-ade8-637da63b5e2d","image_id":18,"category_id":13,"segmentation":[[81.458128977697,37.3556217312634,1616.123512436347,37.3556217312634,1616.123512436347,2308.9642833853936,81.458128977697,2308.9642833853936]],"area":3486159.18,"bbox":[81.458128977697,37.3556217312634,1534.66538345865,2271.60866165413],"iscrowd":0,"metadata":{}},
{"id":40,"datatorch_id":"ea5710f8-6c99-4f29-8f95-a0a3ff5767d4","image_id":10,"category_id":25,"segmentation":[[222.343309428825,311.563802182391,1459.551204165665,311.563802182391,1459.551204165665,923.572824738782,222.343309428825,923.572824738782]],"area":757182.39,"bbox":[222.343309428825,311.563802182391,1237.20789473684,612.009022556391],"iscrowd":0,"metadata":{}},
{"id":41,"datatorch_id":"f2fecbea-1a52-49e9-b8e2-3124667e3847","image_id":19,"category_id":10,"segmentation":[[360.678452285967,1517.52054654329,1300.850933488974,1517.52054654329,1300.850933488974,1618.818591656072,360.678452285967,1618.818591656072]],"area":95237.63,"bbox":[360.678452285967,1517.52054654329,940.172481203007,101.298045112782],"iscrowd":0,"metadata":{}},
{"id":42,"datatorch_id":"f555f312-1197-40cd-b7ee-3b7f3aa48abb","image_id":6,"category_id":24,"segmentation":[[231.505858301005,261.934794663594,1005.3103695792009,261.934794663594,1005.3103695792009,314.6941931598346,231.505858301005,314.6941931598346]],"area":40825.46,"bbox":[231.505858301005,261.934794663594,773.804511278196,52.7593984962406],"iscrowd":0,"metadata":{}},
{"id":43,"datatorch_id":"f5aa900b-487c-4e41-b9c6-4e4807db80e8","image_id":9,"category_id":15,"segmentation":[[123.70082070702,201.78908037788,1513.383377098,201.78908037788,1513.383377098,556.332238272617,123.70082070702,556.332238272617]],"area":492702.44,"bbox":[123.70082070702,201.78908037788,1389.68255639098,354.543157894737],"iscrowd":0,"metadata":{}},
{"id":44,"datatorch_id":"f7642629-3c46-451b-afee-0b25d93c1515","image_id":4,"category_id":3,"segmentation":[[125.547399654389,676.975396167354,1461.415369579199,676.975396167354,1461.415369579199,1781.757200678634,125.547399654389,1781.757200678634]],"area":1475842.63,"bbox":[125.547399654389,676.975396167354,1335.86796992481,1104.78180451128],"iscrowd":0,"metadata":{}}
]}