{"info": {"year":2023,"version":"0.1.0","description":"","url":"","date_created":1695189953761},"categories": [
  {
    "id": 1,
    "datatorch_id": "ea6a231b-d390-4ea6-88e1-6d99d36018a5",
    "name": "references",
    "supercategory": null
  },
  {
    "id": 2,
    "datatorch_id": "1063f0c2-a886-4121-838b-6bbf199ec21e",
    "name": "list",
    "supercategory": null
  },
  {
    "id": 3,
    "datatorch_id": "a53a6729-a94d-4f74-913c-bd222ebbce0d",
    "name": "appendix_list",
    "supercategory": null
  },
  {
    "id": 4,
    "datatorch_id": "8a765348-148e-4280-93e7-911ad854ec0b",
    "name": "cross",
    "supercategory": null
  },
  {
    "id": 5,
    "datatorch_id": "2be5156a-b962-4988-b879-89b159ac0a94",
    "name": "table_caption",
    "supercategory": null
  },
  {
    "id": 6,
    "datatorch_id": "1af8b78f-669f-4554-bebc-3986baee5a1c",
    "name": "table",
    "supercategory": null
  },
  {
    "id": 7,
    "datatorch_id": "3c954454-0bd6-47f9-89cf-52da19baf90d",
    "name": "figure_caption",
    "supercategory": null
  },
  {
    "id": 8,
    "datatorch_id": "3a501698-425e-457a-8ebe-321109d4d594",
    "name": "figure",
    "supercategory": null
  },
  {
    "id": 9,
    "datatorch_id": "0d1cf435-1d24-4ae4-8760-de7d4ca8b4a2",
    "name": "list_of_tables",
    "supercategory": null
  },
  {
    "id": 10,
    "datatorch_id": "1910fde7-e3d7-44cf-a653-984b82088e8f",
    "name": "list_of_figures",
    "supercategory": null
  },
  {
    "id": 11,
    "datatorch_id": "2760da17-b8bf-4824-bda9-1a6c75cfb31a",
    "name": "table_of_contents",
    "supercategory": null
  },
  {
    "id": 12,
    "datatorch_id": "2d7ae022-e4b2-4454-82f9-6a21616cc1a1",
    "name": "subsubsubsection",
    "supercategory": null
  },
  {
    "id": 13,
    "datatorch_id": "78fdef56-aec3-43df-87be-9f219106f30b",
    "name": "subsubsection",
    "supercategory": null
  },
  {
    "id": 14,
    "datatorch_id": "a24ef245-0e7a-492e-b263-09d3fda426d8",
    "name": "subsection",
    "supercategory": null
  },
  {
    "id": 15,
    "datatorch_id": "2cb917fd-36d2-4af5-a88b-e9b7ad28c733",
    "name": "summary",
    "supercategory": null
  },
  {
    "id": 16,
    "datatorch_id": "b66fb620-4716-406d-a020-b97ecc4817c2",
    "name": "abstract",
    "supercategory": null
  },
  {
    "id": 17,
    "datatorch_id": "418130a4-f8a1-4218-99c8-a30542254019",
    "name": "section",
    "supercategory": null
  },
  {
    "id": 18,
    "datatorch_id": "ec6c7fda-bed5-4baf-97b1-95207a7890ba",
    "name": "paragraph",
    "supercategory": null
  },
  {
    "id": 19,
    "datatorch_id": "62a18526-d943-4993-a65e-2e91c2af6485",
    "name": "title",
    "supercategory": null
  },
  {
    "id": 20,
    "datatorch_id": "ab700373-3415-495f-8e5f-0609d9088715",
    "name": "other",
    "supercategory": null
  },
  {
    "id": 21,
    "datatorch_id": "27ef4a36-ce65-4f9e-a6a5-8fc1d422b062",
    "name": "form",
    "supercategory": null
  },
  {
    "id": 22,
    "datatorch_id": "7ce4fbc5-dafd-44a1-9d6b-80d965ba8dd5",
    "name": "report_title",
    "supercategory": null
  }
],"images": [
  {
    "id": 1,
    "datatorch_id": "9215482b-e5ce-4bcf-ba2f-3d5eae8697e7",
    "storage_id": "66fd663e-2150-4306-958e-7014007cac52",
    "path": "a072009_ems833_2006s_17021086-10.jpg",
    "width": 1653,
    "height": 2339,
    "file_name": "a072009_ems833_2006s_17021086-10.jpg",
    "metadata": {},
    "date_captured": "2023-09-20T04:14:59.578Z"
  },
  {
    "id": 2,
    "datatorch_id": "879c4666-1002-413e-b755-1dbf04d921e4",
    "storage_id": "66fd663e-2150-4306-958e-7014007cac52",
    "path": "a072009_ems833_2006s_17021086-03.jpg",
    "width": 1653,
    "height": 2339,
    "file_name": "a072009_ems833_2006s_17021086-03.jpg",
    "metadata": {},
    "date_captured": "2023-09-20T04:14:58.766Z"
  },
  {
    "id": 3,
    "datatorch_id": "222c6380-5dff-43fe-bf41-725c74162963",
    "storage_id": "66fd663e-2150-4306-958e-7014007cac52",
    "path": "a072009_ems833_2006s_17021086-06.jpg",
    "width": 1653,
    "height": 2339,
    "file_name": "a072009_ems833_2006s_17021086-06.jpg",
    "metadata": {},
    "date_captured": "2023-09-20T04:14:58.844Z"
  },
  {
    "id": 4,
    "datatorch_id": "a15d01b8-9771-40d7-866b-61cbb6bd96de",
    "storage_id": "66fd663e-2150-4306-958e-7014007cac52",
    "path": "a072009_ems833_2006s_17021086-08.jpg",
    "width": 1653,
    "height": 2339,
    "file_name": "a072009_ems833_2006s_17021086-08.jpg",
    "metadata": {},
    "date_captured": "2023-09-20T04:14:58.984Z"
  },
  {
    "id": 5,
    "datatorch_id": "46fdd218-d412-4952-860b-4a3d18076c7f",
    "storage_id": "66fd663e-2150-4306-958e-7014007cac52",
    "path": "a072009_ems833_2006s_17021086-07.jpg",
    "width": 1653,
    "height": 2339,
    "file_name": "a072009_ems833_2006s_17021086-07.jpg",
    "metadata": {},
    "date_captured": "2023-09-20T04:14:59.547Z"
  },
  {
    "id": 6,
    "datatorch_id": "657a0602-f4b3-4139-9148-15053841ca2a",
    "storage_id": "66fd663e-2150-4306-958e-7014007cac52",
    "path": "a072009_ems833_2006s_17021086-01.jpg",
    "width": 1653,
    "height": 2339,
    "file_name": "a072009_ems833_2006s_17021086-01.jpg",
    "metadata": {},
    "date_captured": "2023-09-20T04:14:58.734Z"
  },
  {
    "id": 7,
    "datatorch_id": "f649f75b-6b53-4101-a285-3dcf0547a5eb",
    "storage_id": "66fd663e-2150-4306-958e-7014007cac52",
    "path": "a072009_ems833_2006s_17021086-02.jpg",
    "width": 1653,
    "height": 2339,
    "file_name": "a072009_ems833_2006s_17021086-02.jpg",
    "metadata": {},
    "date_captured": "2023-09-20T04:14:58.750Z"
  },
  {
    "id": 8,
    "datatorch_id": "93c80e84-77ea-48f5-996a-1bd6a1a816dd",
    "storage_id": "66fd663e-2150-4306-958e-7014007cac52",
    "path": "a072009_ems833_2006s_17021086-05.jpg",
    "width": 1653,
    "height": 2339,
    "file_name": "a072009_ems833_2006s_17021086-05.jpg",
    "metadata": {},
    "date_captured": "2023-09-20T04:14:58.828Z"
  },
  {
    "id": 9,
    "datatorch_id": "1f4b8482-a536-491e-a37b-449e15a30f2f",
    "storage_id": "66fd663e-2150-4306-958e-7014007cac52",
    "path": "a072009_ems833_2006s_17021086-04.jpg",
    "width": 1653,
    "height": 2339,
    "file_name": "a072009_ems833_2006s_17021086-04.jpg",
    "metadata": {},
    "date_captured": "2023-09-20T04:14:58.875Z"
  },
  {
    "id": 10,
    "datatorch_id": "7025a1be-0a66-47a0-9551-098b9af9ba92",
    "storage_id": "66fd663e-2150-4306-958e-7014007cac52",
    "path": "a072009_ems833_2006s_17021086-09.jpg",
    "width": 1653,
    "height": 2339,
    "file_name": "a072009_ems833_2006s_17021086-09.jpg",
    "metadata": {},
    "date_captured": "2023-09-20T04:14:59.641Z"
  },
  {
    "id": 11,
    "datatorch_id": "ee70087d-4a0f-4d6c-8f9d-4d569511ad2f",
    "storage_id": "66fd663e-2150-4306-958e-7014007cac52",
    "path": "a072009_ems833_2006s_17021086-11.jpg",
    "width": 1653,
    "height": 2339,
    "file_name": "a072009_ems833_2006s_17021086-11.jpg",
    "metadata": {},
    "date_captured": "2023-09-20T04:14:59.672Z"
  }
],"annotations": [
{"id":1,"datatorch_id":"00775d90-1e77-4d5d-be0c-0b5572b06f63","image_id":4,"category_id":17,"segmentation":[[233.528301910028,555.980508949308,755.84634702281,555.980508949308,755.84634702281,593.9672758666013,233.528301910028,593.9672758666013]],"area":19841.17,"bbox":[233.528301910028,555.980508949308,522.318045112782,37.9867669172933],"iscrowd":0,"metadata":{}},
{"id":2,"datatorch_id":"0769760b-b372-4715-96ad-0d169d4f1920","image_id":8,"category_id":8,"segmentation":[[13.3176071731857,53.7180698515642,1645.2291139401057,53.7180698515642,1645.2291139401057,2337.482496919234,13.3176071731857,2337.482496919234]],"area":3726901.45,"bbox":[13.3176071731857,53.7180698515642,1631.91150676692,2283.76442706767],"iscrowd":0,"metadata":{}},
{"id":3,"datatorch_id":"0cd997b9-7352-4caa-a550-dce68ed828e1","image_id":3,"category_id":18,"segmentation":[[248.793354541607,679.472674362842,1585.927550030327,679.472674362842,1585.927550030327,990.964163084646,248.793354541607,990.964163084646]],"area":416505.92,"bbox":[248.793354541607,679.472674362842,1337.13419548872,311.491488721804],"iscrowd":0,"metadata":{}},
{"id":4,"datatorch_id":"1b599300-a6d4-42d8-8d95-ebdbe68af3ef","image_id":4,"category_id":17,"segmentation":[[239.859429729577,400.867877370361,635.554918451382,400.867877370361,635.554918451382,457.8480277463008,239.859429729577,457.8480277463008]],"area":22546.79,"bbox":[239.859429729577,400.867877370361,395.695488721805,56.9801503759398],"iscrowd":0,"metadata":{}},
{"id":5,"datatorch_id":"395b9f44-4a5c-4bff-a092-fff0b02589b5","image_id":1,"category_id":8,"segmentation":[[41.5825755942389,78.7893360169779,1641.585198150629,78.7893360169779,1641.585198150629,2326.0864668440477,41.5825755942389,2326.0864668440477]],"area":3595681.3,"bbox":[41.5825755942389,78.7893360169779,1600.00262255639,2247.29713082707],"iscrowd":0,"metadata":{}},
{"id":6,"datatorch_id":"3cf4808b-9ca8-466e-ac7c-b07c54519790","image_id":4,"category_id":17,"segmentation":[[236.693865819802,179.278403686151,543.753565067922,179.278403686151,543.753565067922,226.76186233276758,236.693865819802,226.76186233276758]],"area":14580.26,"bbox":[236.693865819802,179.278403686151,307.05969924812,47.4834586466166],"iscrowd":0,"metadata":{}},
{"id":7,"datatorch_id":"4512f9c8-9e87-439d-bb30-f3e718805908","image_id":11,"category_id":8,"segmentation":[[41.3787886880998,14.4175239229688,1619.9167606772698,14.4175239229688,1619.9167606772698,2330.236704386129,41.3787886880998,2330.236704386129]],"area":3655608.51,"bbox":[41.3787886880998,14.4175239229688,1578.53797198917,2315.81918046316],"iscrowd":0,"metadata":{}},
{"id":8,"datatorch_id":"5c76fed5-67ff-48a7-ba3e-b5690a6c7e4a","image_id":3,"category_id":18,"segmentation":[[203.209234240855,231.228824738782,1456.772542511535,231.228824738782,1456.772542511535,599.7004638365261,203.209234240855,599.7004638365261]],"area":461902.53,"bbox":[203.209234240855,231.228824738782,1253.56330827068,368.471639097744],"iscrowd":0,"metadata":{}},
{"id":9,"datatorch_id":"5f3a3fb3-e08c-40a4-925c-91aa1a697ecc","image_id":3,"category_id":18,"segmentation":[[237.397324466419,1370.83183225758,1479.564602661909,1370.83183225758,1479.564602661909,1712.712734513219,237.397324466419,1712.712734513219]],"area":424673.27,"bbox":[237.397324466419,1370.83183225758,1242.16727819549,341.880902255639],"iscrowd":0,"metadata":{}},
{"id":10,"datatorch_id":"7149cb85-7c72-44f6-9207-f7e6d139e4be","image_id":2,"category_id":11,"segmentation":[[182.585233639351,162.185765490662,1484.4677094288209,162.185765490662,1484.4677094288209,1518.769185641042,182.585233639351,1518.769185641042]],"area":1766112.18,"bbox":[182.585233639351,162.185765490662,1301.88247578947,1356.58342015038],"iscrowd":0,"metadata":{}},
{"id":11,"datatorch_id":"71e63e90-f9e9-4101-a16f-5583998811cd","image_id":3,"category_id":18,"segmentation":[[237.397324466419,1800.08229842299,1418.7857755942389,1800.08229842299,1418.7857755942389,1902.6465690996822,237.397324466419,1902.6465690996822]],"area":121168.24,"bbox":[237.397324466419,1800.08229842299,1181.38845112782,102.564270676692],"iscrowd":0,"metadata":{}},
{"id":12,"datatorch_id":"85e90d23-dc6d-4bf1-9e7f-18cd8ef2de21","image_id":6,"category_id":22,"segmentation":[[255.511384616795,278.993666844046,1531.8667530378448,278.993666844046,1531.8667530378448,1832.652433761336,255.511384616795,1832.652433761336]],"area":1983020.71,"bbox":[255.511384616795,278.993666844046,1276.35536842105,1553.65876691729],"iscrowd":0,"metadata":{}},
{"id":13,"datatorch_id":"8d4240bf-487e-49a4-bcc7-5c1df8119237","image_id":3,"category_id":18,"segmentation":[[233.59864777469,1036.5482833854,1441.5778357446102,1036.5482833854,1441.5778357446102,1310.0530051899111,233.59864777469,1310.0530051899111]],"area":330388.01,"bbox":[233.59864777469,1036.5482833854,1207.97918796992,273.504721804511],"iscrowd":0,"metadata":{}},
{"id":14,"datatorch_id":"8ebb701f-092c-4daf-b798-72368be9d761","image_id":9,"category_id":17,"segmentation":[[206.867219203261,1482.47071947562,738.6819560453661,1482.47071947562,738.6819560453661,1548.947561580883,206.867219203261,1548.947561580883]],"area":35353.36,"bbox":[206.867219203261,1482.47071947562,531.814736842105,66.4768421052631],"iscrowd":0,"metadata":{}},
{"id":15,"datatorch_id":"93fefd7f-34da-4874-8142-7fb06d7a44db","image_id":9,"category_id":17,"segmentation":[[197.370527473937,1131.09312549066,732.350828225816,1131.09312549066,732.350828225816,1197.5699675959231,197.370527473937,1197.5699675959231]],"area":35563.8,"bbox":[197.370527473937,1131.09312549066,534.980300751879,66.4768421052631],"iscrowd":0,"metadata":{}},
{"id":16,"datatorch_id":"95d7d0be-957e-4f0d-8553-c9929f19484e","image_id":4,"category_id":18,"segmentation":[[239.859429729577,593.967275866602,1442.7737154438669,593.967275866602,1442.7737154438669,704.762012708707,239.859429729577,704.762012708707]],"area":133276.57,"bbox":[239.859429729577,593.967275866602,1202.91428571429,110.794736842105],"iscrowd":0,"metadata":{}},
{"id":17,"datatorch_id":"97215c07-9b03-4750-8f58-4607d033888b","image_id":4,"category_id":18,"segmentation":[[249.3561214589,226.761862332767,1474.4293545416099,226.761862332767,1474.4293545416099,362.881110453068,249.3561214589,362.881110453068]],"area":166756.05,"bbox":[249.3561214589,226.761862332767,1225.07323308271,136.119248120301],"iscrowd":0,"metadata":{}},
{"id":18,"datatorch_id":"a6902932-d984-4c76-ba24-17558a52810b","image_id":3,"category_id":17,"segmentation":[[237.397324466419,1340.44241872374,575.479550030329,1340.44241872374,575.479550030329,1370.8318322575744,237.397324466419,1370.8318322575744]],"area":10274.12,"bbox":[237.397324466419,1340.44241872374,338.08222556391,30.3894135338344],"iscrowd":0,"metadata":{}},
{"id":19,"datatorch_id":"a986787b-ace3-4282-bb91-9d228b432be3","image_id":9,"category_id":18,"segmentation":[[225.860602661907,298.549817219985,1454.099399654387,298.549817219985,1454.099399654387,643.596283385399,225.860602661907,643.596283385399]],"area":423799.46,"bbox":[225.860602661907,298.549817219985,1228.23879699248,345.046466165414],"iscrowd":0,"metadata":{}},
{"id":20,"datatorch_id":"adc41da9-34eb-4633-8130-5ad0a0a1858d","image_id":3,"category_id":17,"segmentation":[[237.397324466419,1750.69950143051,609.667640255893,1750.69950143051,609.667640255893,1800.082298422991,237.397324466419,1800.082298422991]],"area":18383.75,"bbox":[237.397324466419,1750.69950143051,372.270315789474,49.382796992481],"iscrowd":0,"metadata":{}},
{"id":21,"datatorch_id":"addf3e9a-ebf9-46f7-aaae-5bcf5153c12a","image_id":5,"category_id":8,"segmentation":[[26.7642192032614,27.8026533102108,1622.2084297295812,27.8026533102108,1622.2084297295812,2334.3591405282505,26.7642192032614,2334.3591405282505]],"area":3679982.19,"bbox":[26.7642192032614,27.8026533102108,1595.44421052632,2306.55648721804],"iscrowd":0,"metadata":{}},
{"id":22,"datatorch_id":"af9aef3f-5dc4-4f3f-bd18-ceb9e4b40113","image_id":4,"category_id":18,"segmentation":[[239.859429729577,454.682463836526,1335.1445425115269,454.682463836526,1335.1445425115269,546.4838172199846,239.859429729577,546.4838172199846]],"area":100548.66,"bbox":[239.859429729577,454.682463836526,1095.28511278195,91.8013533834587],"iscrowd":0,"metadata":{}},
{"id":23,"datatorch_id":"b8e7758b-3cc3-49aa-bb3e-7f07cb48f886","image_id":9,"category_id":17,"segmentation":[[225.860602661907,241.569666844045,688.032933488974,241.569666844045,688.032933488974,298.5498172199848,225.860602661907,298.5498172199848]],"area":26334.65,"bbox":[225.860602661907,241.569666844045,462.172330827067,56.9801503759398],"iscrowd":0,"metadata":{}},
{"id":24,"datatorch_id":"bd59f781-50e1-4329-8ce4-f85dbe77d234","image_id":10,"category_id":8,"segmentation":[[55.1241545416069,40.0428337613385,1609.542656797247,40.0428337613385,1609.542656797247,2296.4567886485584,55.1241545416069,2296.4567886485584]],"area":3507411.6,"bbox":[55.1241545416069,40.0428337613385,1554.41850225564,2256.41395488722],"iscrowd":0,"metadata":{}},
{"id":25,"datatorch_id":"c9174850-61d7-4638-9c96-3960ee11c8a8","image_id":3,"category_id":17,"segmentation":[[203.209234240855,178.047351054572,560.2848432634111,178.047351054572,560.2848432634111,231.22882473878252,203.209234240855,231.22882473878252]],"area":18989.81,"bbox":[203.209234240855,178.047351054572,357.075609022556,53.1814736842105],"iscrowd":0,"metadata":{}},
{"id":26,"datatorch_id":"d141b06f-5eac-4d68-bbb1-29ffbea12c52","image_id":3,"category_id":17,"segmentation":[[233.59864777469,1002.36019315983,579.278226722058,1002.36019315983,579.278226722058,1036.548283385394,233.59864777469,1036.548283385394]],"area":11818.12,"bbox":[233.59864777469,1002.36019315983,345.679578947368,34.1880902255639],"iscrowd":0,"metadata":{}},
{"id":27,"datatorch_id":"d3113ee0-849e-4db2-baf8-c3a74310396c","image_id":9,"category_id":18,"segmentation":[[165.714888376193,1548.94756158089,1558.563008676943,1548.94756158089,1558.563008676943,2061.768914964349,165.714888376193,2061.768914964349]],"area":714282.26,"bbox":[165.714888376193,1548.94756158089,1392.84812030075,512.821353383459],"iscrowd":0,"metadata":{}},
{"id":28,"datatorch_id":"dfe6a206-67e6-4f05-9b48-6c1c1bb620b6","image_id":9,"category_id":18,"segmentation":[[206.867219203261,1197.56996759592,1555.397444767171,1197.56996759592,1555.397444767171,1491.967411204943,206.867219203261,1491.967411204943]],"area":397003.85,"bbox":[206.867219203261,1197.56996759592,1348.53022556391,294.397443609023],"iscrowd":0,"metadata":{}},
{"id":29,"datatorch_id":"e19189f0-8aee-45e7-b511-38b06da882e5","image_id":9,"category_id":18,"segmentation":[[197.370527473937,706.907561580887,1659.861053789727,706.907561580887,1659.861053789727,1131.093125490661,197.370527473937,1131.093125490661]],"area":620367.37,"bbox":[197.370527473937,706.907561580887,1462.49052631579,424.185563909774],"iscrowd":0,"metadata":{}},
{"id":30,"datatorch_id":"e287212d-0d42-430f-a663-c908186fef45","image_id":7,"category_id":16,"segmentation":[[199.269865819802,163.696794663594,1498.417294391232,163.696794663594,1498.417294391232,881.646689400436,199.269865819802,881.646689400436]],"area":932722.76,"bbox":[199.269865819802,163.696794663594,1299.14742857143,717.949894736842],"iscrowd":0,"metadata":{}},
{"id":31,"datatorch_id":"f0020ab7-6201-403c-9806-8cb0443b21c8","image_id":3,"category_id":17,"segmentation":[[241.196001158148,641.485907445549,719.829264316043,641.485907445549,719.829264316043,679.4726743628422,241.196001158148,679.4726743628422]],"area":18181.73,"bbox":[241.196001158148,641.485907445549,478.633263157895,37.9867669172933],"iscrowd":0,"metadata":{}},
{"id":32,"datatorch_id":"f262c2b3-f7f2-47ee-873b-5fc91fc9b9c3","image_id":9,"category_id":17,"segmentation":[[175.211580105516,656.258539024496,586.734888376193,656.258539024496,586.734888376193,706.9075615808869,175.211580105516,706.9075615808869]],"area":20843.25,"bbox":[175.211580105516,656.258539024496,411.523308270677,50.6490225563908],"iscrowd":0,"metadata":{}}
]}