{"info": {"year":2023,"version":"0.1.0","description":"","url":"","date_created":1695181708334},"categories": [
  {
    "id": 1,
    "datatorch_id": "efdc34be-7bc8-40e6-a7ac-743c961d5b0e",
    "name": "other",
    "supercategory": null
  },
  {
    "id": 2,
    "datatorch_id": "98245cc4-3f97-4a16-8793-42b1f206b1ae",
    "name": "form",
    "supercategory": null
  },
  {
    "id": 3,
    "datatorch_id": "bac47c6d-1482-4149-b2f4-48ae401b6fce",
    "name": "report_title",
    "supercategory": null
  },
  {
    "id": 4,
    "datatorch_id": "f67b4326-b7f3-4891-a799-9e158f3f29a3",
    "name": "references",
    "supercategory": null
  },
  {
    "id": 5,
    "datatorch_id": "28540ac5-369f-447d-8dc0-6c623bdeded1",
    "name": "appendix_list",
    "supercategory": null
  },
  {
    "id": 6,
    "datatorch_id": "432d43ae-9402-465b-8bfa-08b71e3f6e70",
    "name": "list",
    "supercategory": null
  },
  {
    "id": 7,
    "datatorch_id": "866cde06-4b95-4b78-9e9d-615eb63f3b30",
    "name": "form_body",
    "supercategory": null
  },
  {
    "id": 8,
    "datatorch_id": "5c08d4fb-994f-42f5-8a08-eff81cd89470",
    "name": "form_title",
    "supercategory": null
  },
  {
    "id": 9,
    "datatorch_id": "7b220ed9-4839-4860-913e-e54f2b08ed1e",
    "name": "cross",
    "supercategory": null
  },
  {
    "id": 10,
    "datatorch_id": "bedfd226-54a1-411d-88c2-e513cc41e676",
    "name": "table_caption",
    "supercategory": null
  },
  {
    "id": 11,
    "datatorch_id": "3a69775c-e544-484e-9882-ad16eb2d72de",
    "name": "table",
    "supercategory": null
  },
  {
    "id": 12,
    "datatorch_id": "c5dfcaed-726f-42cd-8d24-72c5d6ed4f33",
    "name": "figure_caption",
    "supercategory": null
  },
  {
    "id": 13,
    "datatorch_id": "3f471323-e8c5-4b39-989f-cf5be1aec0f9",
    "name": "figure",
    "supercategory": null
  },
  {
    "id": 14,
    "datatorch_id": "99fb551f-c3d7-44ee-bfe4-335664818c3a",
    "name": "list_of_tables",
    "supercategory": null
  },
  {
    "id": 15,
    "datatorch_id": "d21d3657-a407-44b4-95f4-2f3d6302b266",
    "name": "list_of_figures",
    "supercategory": null
  },
  {
    "id": 16,
    "datatorch_id": "ee631f60-9883-4932-8f12-c50dd827cff1",
    "name": "table_of_contents",
    "supercategory": null
  },
  {
    "id": 17,
    "datatorch_id": "01396395-4edf-4a64-aee8-3045d83f9f59",
    "name": "subsubsubsubsection",
    "supercategory": null
  },
  {
    "id": 18,
    "datatorch_id": "60279c59-c020-4f1b-8221-132da3381de0",
    "name": "subsubsubsection",
    "supercategory": null
  },
  {
    "id": 19,
    "datatorch_id": "10a9f994-272f-449d-a0df-80b9119bc1d1",
    "name": "subsubsection",
    "supercategory": null
  },
  {
    "id": 20,
    "datatorch_id": "91510100-a731-4362-93ef-527524a170ce",
    "name": "subsubsection",
    "supercategory": null
  },
  {
    "id": 21,
    "datatorch_id": "b70e14c2-0849-4366-92ab-9a9a19a43234",
    "name": "subsection",
    "supercategory": null
  },
  {
    "id": 22,
    "datatorch_id": "553058cd-78a1-4549-bf72-7e47c9a279a7",
    "name": "summary",
    "supercategory": null
  },
  {
    "id": 23,
    "datatorch_id": "7ee54f92-1d68-40d6-9662-ee8721ea0609",
    "name": "abstract",
    "supercategory": null
  },
  {
    "id": 24,
    "datatorch_id": "e5aba03c-0aa5-4e2d-8318-1070c9c8cbbb",
    "name": "section",
    "supercategory": null
  },
  {
    "id": 25,
    "datatorch_id": "39ef7a9d-1162-4ae4-8624-f78005de7a54",
    "name": "paragraph",
    "supercategory": null
  },
  {
    "id": 26,
    "datatorch_id": "303bd345-80a9-4705-bb6e-cbb51b49d623",
    "name": "title",
    "supercategory": null
  }
],"images": [
  {
    "id": 1,
    "datatorch_id": "bd927ce9-8cec-4161-9110-343adfb04e7b",
    "storage_id": "379fb094-cabd-4982-968e-525c78f3db91",
    "path": "a072249_e36-387_doir_ar_2006_11935277-16.jpg",
    "width": 1700,
    "height": 2200,
    "file_name": "a072249_e36-387_doir_ar_2006_11935277-16.jpg",
    "metadata": {},
    "date_captured": "2023-09-17T09:39:43.705Z"
  },
  {
    "id": 2,
    "datatorch_id": "b9f45397-e6ae-4f89-91e2-c6c8ccfb3baa",
    "storage_id": "379fb094-cabd-4982-968e-525c78f3db91",
    "path": "a072249_e36-387_doir_ar_2006_11935277-01.jpg",
    "width": 1700,
    "height": 2200,
    "file_name": "a072249_e36-387_doir_ar_2006_11935277-01.jpg",
    "metadata": {},
    "date_captured": "2023-09-17T09:39:42.752Z"
  },
  {
    "id": 3,
    "datatorch_id": "3aca81c7-c1bd-4dc0-b364-a72416d41f19",
    "storage_id": "379fb094-cabd-4982-968e-525c78f3db91",
    "path": "a072249_e36-387_doir_ar_2006_11935277-13.jpg",
    "width": 1700,
    "height": 2200,
    "file_name": "a072249_e36-387_doir_ar_2006_11935277-13.jpg",
    "metadata": {},
    "date_captured": "2023-09-17T09:39:43.533Z"
  },
  {
    "id": 4,
    "datatorch_id": "4ac85a4c-b73a-46eb-bc9d-ff797f277be2",
    "storage_id": "379fb094-cabd-4982-968e-525c78f3db91",
    "path": "a072249_e36-387_doir_ar_2006_11935277-19.jpg",
    "width": 1700,
    "height": 2200,
    "file_name": "a072249_e36-387_doir_ar_2006_11935277-19.jpg",
    "metadata": {},
    "date_captured": "2023-09-17T09:39:43.549Z"
  },
  {
    "id": 5,
    "datatorch_id": "0af650a5-4d1a-4b62-9ffd-64c8a9869652",
    "storage_id": "379fb094-cabd-4982-968e-525c78f3db91",
    "path": "a072249_e36-387_doir_ar_2006_11935277-09.jpg",
    "width": 1700,
    "height": 2200,
    "file_name": "a072249_e36-387_doir_ar_2006_11935277-09.jpg",
    "metadata": {},
    "date_captured": "2023-09-17T09:39:43.268Z"
  },
  {
    "id": 6,
    "datatorch_id": "ecec3acc-8735-47cc-b93e-76c09b706faa",
    "storage_id": "379fb094-cabd-4982-968e-525c78f3db91",
    "path": "a072249_e36-387_doir_ar_2006_11935277-15.jpg",
    "width": 1700,
    "height": 2200,
    "file_name": "a072249_e36-387_doir_ar_2006_11935277-15.jpg",
    "metadata": {},
    "date_captured": "2023-09-17T09:39:43.283Z"
  },
  {
    "id": 7,
    "datatorch_id": "6e3b93be-d617-4af0-b97e-f3b28e2fdd49",
    "storage_id": "379fb094-cabd-4982-968e-525c78f3db91",
    "path": "a072249_e36-387_doir_ar_2006_11935277-03.jpg",
    "width": 1700,
    "height": 2200,
    "file_name": "a072249_e36-387_doir_ar_2006_11935277-03.jpg",
    "metadata": {},
    "date_captured": "2023-09-17T09:39:43.471Z"
  },
  {
    "id": 8,
    "datatorch_id": "9fb9876e-4696-4402-93be-4a3982368d01",
    "storage_id": "379fb094-cabd-4982-968e-525c78f3db91",
    "path": "a072249_e36-387_doir_ar_2006_11935277-08.jpg",
    "width": 1700,
    "height": 2200,
    "file_name": "a072249_e36-387_doir_ar_2006_11935277-08.jpg",
    "metadata": {},
    "date_captured": "2023-09-17T09:39:43.705Z"
  },
  {
    "id": 9,
    "datatorch_id": "60857e52-d1be-48db-be5e-83f8923fa647",
    "storage_id": "379fb094-cabd-4982-968e-525c78f3db91",
    "path": "a072249_e36-387_doir_ar_2006_11935277-18.jpg",
    "width": 1700,
    "height": 2200,
    "file_name": "a072249_e36-387_doir_ar_2006_11935277-18.jpg",
    "metadata": {},
    "date_captured": "2023-09-17T09:39:43.705Z"
  },
  {
    "id": 10,
    "datatorch_id": "3ca22604-1ef9-4189-96ca-9e57edb4ff7c",
    "storage_id": "379fb094-cabd-4982-968e-525c78f3db91",
    "path": "a072249_e36-387_doir_ar_2006_11935277-17.jpg",
    "width": 1700,
    "height": 2200,
    "file_name": "a072249_e36-387_doir_ar_2006_11935277-17.jpg",
    "metadata": {},
    "date_captured": "2023-09-17T09:39:43.643Z"
  },
  {
    "id": 11,
    "datatorch_id": "ce8b0c56-326c-4bab-9193-5279e5b8ac00",
    "storage_id": "379fb094-cabd-4982-968e-525c78f3db91",
    "path": "a072249_e36-387_doir_ar_2006_11935277-14.jpg",
    "width": 1700,
    "height": 2200,
    "file_name": "a072249_e36-387_doir_ar_2006_11935277-14.jpg",
    "metadata": {},
    "date_captured": "2023-09-17T09:39:43.455Z"
  },
  {
    "id": 12,
    "datatorch_id": "4c01de67-ae7f-4965-998a-39089a1ebbe4",
    "storage_id": "379fb094-cabd-4982-968e-525c78f3db91",
    "path": "a072249_e36-387_doir_ar_2006_11935277-02.jpg",
    "width": 1700,
    "height": 2200,
    "file_name": "a072249_e36-387_doir_ar_2006_11935277-02.jpg",
    "metadata": {},
    "date_captured": "2023-09-17T09:39:43.221Z"
  },
  {
    "id": 13,
    "datatorch_id": "494bde9b-48d6-46da-a344-50bd4b361fed",
    "storage_id": "379fb094-cabd-4982-968e-525c78f3db91",
    "path": "a072249_e36-387_doir_ar_2006_11935277-04.jpg",
    "width": 1700,
    "height": 2200,
    "file_name": "a072249_e36-387_doir_ar_2006_11935277-04.jpg",
    "metadata": {},
    "date_captured": "2023-09-17T09:39:43.268Z"
  },
  {
    "id": 14,
    "datatorch_id": "bf8e5ce9-a4ce-412e-aaf1-c6ff05de427b",
    "storage_id": "379fb094-cabd-4982-968e-525c78f3db91",
    "path": "a072249_e36-387_doir_ar_2006_11935277-10.jpg",
    "width": 1700,
    "height": 2200,
    "file_name": "a072249_e36-387_doir_ar_2006_11935277-10.jpg",
    "metadata": {},
    "date_captured": "2023-09-17T09:39:43.283Z"
  },
  {
    "id": 15,
    "datatorch_id": "fed97cdd-a443-42a2-82d7-f5cbee947748",
    "storage_id": "379fb094-cabd-4982-968e-525c78f3db91",
    "path": "a072249_e36-387_doir_ar_2006_11935277-11.jpg",
    "width": 1700,
    "height": 2200,
    "file_name": "a072249_e36-387_doir_ar_2006_11935277-11.jpg",
    "metadata": {},
    "date_captured": "2023-09-17T09:39:43.565Z"
  },
  {
    "id": 16,
    "datatorch_id": "bcb1f16d-fc1a-46ed-acc4-c77085a0008a",
    "storage_id": "379fb094-cabd-4982-968e-525c78f3db91",
    "path": "a072249_e36-387_doir_ar_2006_11935277-12.jpg",
    "width": 1700,
    "height": 2200,
    "file_name": "a072249_e36-387_doir_ar_2006_11935277-12.jpg",
    "metadata": {},
    "date_captured": "2023-09-17T09:39:43.580Z"
  },
  {
    "id": 17,
    "datatorch_id": "b18c3105-9c81-4376-bfe5-0d33392d0f0f",
    "storage_id": "379fb094-cabd-4982-968e-525c78f3db91",
    "path": "a072249_e36-387_doir_ar_2006_11935277-07.jpg",
    "width": 1700,
    "height": 2200,
    "file_name": "a072249_e36-387_doir_ar_2006_11935277-07.jpg",
    "metadata": {},
    "date_captured": "2023-09-17T09:39:43.611Z"
  },
  {
    "id": 18,
    "datatorch_id": "bb71e21f-7637-4bf1-a3d1-850e4a339c5b",
    "storage_id": "379fb094-cabd-4982-968e-525c78f3db91",
    "path": "a072249_e36-387_doir_ar_2006_11935277-06.jpg",
    "width": 1700,
    "height": 2200,
    "file_name": "a072249_e36-387_doir_ar_2006_11935277-06.jpg",
    "metadata": {},
    "date_captured": "2023-09-17T09:39:42.877Z"
  },
  {
    "id": 19,
    "datatorch_id": "5410a1d0-557a-41f9-896a-17e544dca54f",
    "storage_id": "379fb094-cabd-4982-968e-525c78f3db91",
    "path": "a072249_e36-387_doir_ar_2006_11935277-05.jpg",
    "width": 1700,
    "height": 2200,
    "file_name": "a072249_e36-387_doir_ar_2006_11935277-05.jpg",
    "metadata": {},
    "date_captured": "2023-09-17T09:39:43.236Z"
  }
],"annotations": [
{"id":1,"datatorch_id":"027e17ab-dc1c-481e-ac61-9b184f5712a9","image_id":18,"category_id":11,"segmentation":[[218.24433723966,441.556737885439,1570.0037357359001,441.556737885439,1570.0037357359001,682.729670216266,218.24433723966,682.729670216266]],"area":326007.78,"bbox":[218.24433723966,441.556737885439,1351.75939849624,241.172932330827],"iscrowd":0,"metadata":{}},
{"id":2,"datatorch_id":"0353168e-8692-4392-a2a6-803250936f0b","image_id":14,"category_id":21,"segmentation":[[586.802231976502,1125.95523412604,1155.49396129981,1125.95523412604,1155.49396129981,1212.3010987876942,586.802231976502,1212.3010987876942]],"area":49104.18,"bbox":[586.802231976502,1125.95523412604,568.691729323308,86.3458646616541],"iscrowd":0,"metadata":{}},
{"id":3,"datatorch_id":"0887daa3-2106-4230-b821-49091bf61cec","image_id":13,"category_id":25,"segmentation":[[221.618773329885,483.88606119371,1514.325540247175,483.88606119371,1514.325540247175,746.8935799907031,221.618773329885,746.8935799907031]],"area":339991.6,"bbox":[221.618773329885,483.88606119371,1292.70676691729,263.007518796993],"iscrowd":0,"metadata":{}},
{"id":4,"datatorch_id":"0bee2cfd-1a8e-4f6c-ae35-c7e8ca41df4e","image_id":19,"category_id":21,"segmentation":[[633.515013931389,780.489068712507,1077.6503522772541,780.489068712507,1077.6503522772541,832.5943318704018,633.515013931389,832.5943318704018]],"area":23141.79,"bbox":[633.515013931389,780.489068712507,444.135338345865,52.1052631578948],"iscrowd":0,"metadata":{}},
{"id":5,"datatorch_id":"157998dc-8aab-4750-9e3a-c8172d307472","image_id":4,"category_id":13,"segmentation":[[116.035314683269,80.558241644838,1605.948096638159,80.558241644838,1605.948096638159,2149.2860611937076,116.035314683269,2149.2860611937076]],"area":3082224.02,"bbox":[116.035314683269,80.558241644838,1489.91278195489,2068.72781954887],"iscrowd":0,"metadata":{}},
{"id":6,"datatorch_id":"1b8fa18e-795c-4517-8211-7c9aab8c1e70","image_id":12,"category_id":25,"segmentation":[[211.710502653194,541.052978486943,1479.605239495304,541.052978486943,1479.605239495304,1141.5041063064918,211.710502653194,1141.5041063064918]],"area":761308.82,"bbox":[211.710502653194,541.052978486943,1267.89473684211,600.451127819549],"iscrowd":0,"metadata":{}},
{"id":7,"datatorch_id":"1d560620-7eb6-433e-9828-27baeaaf96f1","image_id":14,"category_id":25,"segmentation":[[211.64433723966,959.218392020778,1566.38117934492,959.218392020778,1566.38117934492,1125.955234126041,211.64433723966,1125.955234126041]],"area":225884.54,"bbox":[211.64433723966,959.218392020778,1354.73684210526,166.736842105263],"iscrowd":0,"metadata":{}},
{"id":8,"datatorch_id":"2c816ae5-88d5-443b-b847-668544f9e282","image_id":6,"category_id":13,"segmentation":[[136.215765811089,78.143204050853,1576.107495134399,78.143204050853,1576.107495134399,2157.589820592203,136.215765811089,2157.589820592203]],"area":2994177.98,"bbox":[136.215765811089,78.143204050853,1439.89172932331,2079.44661654135],"iscrowd":0,"metadata":{}},
{"id":9,"datatorch_id":"34872913-88fd-4418-b646-c38f169a3631","image_id":18,"category_id":24,"segmentation":[[510.033810923871,200.383805554612,1174.003735735901,200.383805554612,1174.003735735901,280.774782998221,510.033810923871,280.774782998221]],"area":53377.19,"bbox":[510.033810923871,200.383805554612,663.96992481203,80.390977443609],"iscrowd":0,"metadata":{}},
{"id":10,"datatorch_id":"41a1724b-f7a2-47b5-bbd0-564998fe328e","image_id":13,"category_id":25,"segmentation":[[206.731555284772,310.201850667395,1509.3631342321419,310.201850667395,1509.3631342321419,399.5251589380718,206.731555284772,399.5251589380718]],"area":116355.36,"bbox":[206.731555284772,310.201850667395,1302.63157894737,89.3233082706768],"iscrowd":0,"metadata":{}},
{"id":11,"datatorch_id":"427bfb21-0630-49da-bb3a-a889be6d125b","image_id":1,"category_id":13,"segmentation":[[142.402231976502,105.089068712508,1583.008547765972,105.089068712508,1583.008547765972,2124.510422095968,142.402231976502,2124.510422095968]],"area":2909191.16,"bbox":[142.402231976502,105.089068712508,1440.60631578947,2019.42135338346],"iscrowd":0,"metadata":{}},
{"id":12,"datatorch_id":"448425e6-4053-408e-bd0d-6cca9a3cfff6","image_id":14,"category_id":21,"segmentation":[[616.576668066727,878.827414577169,1098.9225327283812,878.827414577169,1098.9225327283812,926.4665123215298,616.576668066727,926.4665123215298]],"area":22978.52,"bbox":[616.576668066727,878.827414577169,482.345864661654,47.6390977443608],"iscrowd":0,"metadata":{}},
{"id":13,"datatorch_id":"4bd9cc97-cb5b-488a-8c74-ea2888bc9338","image_id":14,"category_id":21,"segmentation":[[595.73456280357,604.902602547094,1119.764637991539,604.902602547094,1119.764637991539,688.2710235997256,595.73456280357,688.2710235997256]],"area":43687.56,"bbox":[595.73456280357,604.902602547094,524.030075187969,83.3684210526316],"iscrowd":0,"metadata":{}},
{"id":14,"datatorch_id":"4cf7317e-4caa-4f43-b70e-ac1ef19ccd08","image_id":18,"category_id":25,"segmentation":[[230.15411167575,295.662001043334,1480.68042746522,295.662001043334,1480.68042746522,441.556737885439,230.15411167575,441.556737885439]],"area":182445.21,"bbox":[230.15411167575,295.662001043334,1250.52631578947,145.894736842105],"iscrowd":0,"metadata":{}},
{"id":15,"datatorch_id":"4cf86102-1814-4c1e-b24a-3c88d148f330","image_id":7,"category_id":15,"segmentation":[[222.214262051689,923.737189013259,1544.199224457709,923.737189013259,1544.199224457709,1462.654482246342,222.214262051689,1462.654482246342]],"area":712440.56,"bbox":[222.214262051689,923.737189013259,1321.98496240602,538.917293233083],"iscrowd":0,"metadata":{}},
{"id":16,"datatorch_id":"525aa46d-1a29-4407-9363-da93e646546f","image_id":7,"category_id":16,"segmentation":[[216.259374833645,224.037940892958,1547.1766680667251,224.037940892958,1547.1766680667251,923.737189013259,216.259374833645,923.737189013259]],"area":931241.83,"bbox":[216.259374833645,224.037940892958,1330.91729323308,699.699248120301],"iscrowd":0,"metadata":{}},
{"id":17,"datatorch_id":"5d4b81a8-2abf-4102-8898-ed5590df524e","image_id":13,"category_id":25,"segmentation":[[234.024788367479,1223.28455743431,1147.107495134396,1223.28455743431,1147.107495134396,1287.795835629799,234.024788367479,1287.795835629799]],"area":58904.13,"bbox":[234.024788367479,1223.28455743431,913.082706766917,64.511278195489],"iscrowd":0,"metadata":{}},
{"id":18,"datatorch_id":"604eb742-501a-45dd-bf1e-93528e801d5e","image_id":13,"category_id":10,"segmentation":[[189.363134232141,838.698091268898,1102.445840999058,838.698091268898,1102.445840999058,977.64545968995,189.363134232141,977.64545968995]],"area":126870.44,"bbox":[189.363134232141,838.698091268898,913.082706766917,138.947368421052],"iscrowd":0,"metadata":{}},
{"id":19,"datatorch_id":"6912f8c1-938d-4ec0-afe2-421794cb3f6b","image_id":9,"category_id":13,"segmentation":[[115.472908668231,90.2845574343118,1641.1150139313909,90.2845574343118,1641.1150139313909,2126.8559860057417,115.472908668231,2126.8559860057417]],"area":3107079.12,"bbox":[115.472908668231,90.2845574343118,1525.64210526316,2036.57142857143],"iscrowd":0,"metadata":{}},
{"id":20,"datatorch_id":"6af14b3a-cd32-48f5-809f-c734f784e00f","image_id":19,"category_id":24,"segmentation":[[693.06388611184,232.143204050853,1037.951104156953,232.143204050853,1037.951104156953,276.8048581861914,693.06388611184,276.8048581861914]],"area":15403.23,"bbox":[693.06388611184,232.143204050853,344.887218045113,44.6616541353384],"iscrowd":0,"metadata":{}},
{"id":21,"datatorch_id":"6c256f02-2aec-47f8-b109-d549581db66e","image_id":14,"category_id":25,"segmentation":[[208.666893630637,1212.30109878769,1429.4187733298868,1212.30109878769,1429.4187733298868,1340.33117397566,208.666893630637,1340.33117397566]],"area":156292.95,"bbox":[208.666893630637,1212.30109878769,1220.75187969925,128.03007518797],"iscrowd":0,"metadata":{}},
{"id":22,"datatorch_id":"7255feef-a0f1-43e1-9436-a90ce6c9f0f6","image_id":14,"category_id":25,"segmentation":[[226.531555284773,307.158241644838,1622.9526079163531,307.158241644838,1622.9526079163531,604.9026025470939,226.531555284773,604.9026025470939]],"area":415776.49,"bbox":[226.531555284773,307.158241644838,1396.42105263158,297.744360902256],"iscrowd":0,"metadata":{}},
{"id":23,"datatorch_id":"730abf7f-3543-4426-a086-ee54cfd8ee56","image_id":11,"category_id":13,"segmentation":[[132.358322202066,77.7131288628831,1620.1273447584558,77.7131288628831,1620.1273447584558,2140.0096702162627,132.358322202066,2140.0096702162627]],"area":3068220.91,"bbox":[132.358322202066,77.7131288628831,1487.76902255639,2062.29654135338],"iscrowd":0,"metadata":{}},
{"id":24,"datatorch_id":"747dd5b4-d896-45ed-8d9a-d7e43834fe99","image_id":2,"category_id":3,"segmentation":[[178.776668066728,430.804858186191,1597.945389871238,430.804858186191,1597.945389871238,1837.111023599721,178.776668066728,1837.111023599721]],"area":1995785.72,"bbox":[178.776668066728,430.804858186191,1419.16872180451,1406.30616541353],"iscrowd":0,"metadata":{}},
{"id":25,"datatorch_id":"7723df56-b160-4061-98ec-b283c05dc2ba","image_id":14,"category_id":25,"segmentation":[[232.486442502818,688.271023599725,1533.629299645678,688.271023599725,1533.629299645678,878.8274145771691,232.486442502818,878.8274145771691]],"area":247941.09,"bbox":[232.486442502818,688.271023599725,1301.14285714286,190.556390977444],"iscrowd":0,"metadata":{}},
{"id":26,"datatorch_id":"81fc8142-c6f2-47ad-bfbf-25d309d2fd77","image_id":17,"category_id":25,"segmentation":[[240.128547765975,303.039444652357,1571.0458409990551,303.039444652357,1571.0458409990551,1997.2048581861868,240.128547765975,1997.2048581861868]],"area":2254794.05,"bbox":[240.128547765975,303.039444652357,1330.91729323308,1694.16541353383],"iscrowd":0,"metadata":{}},
{"id":27,"datatorch_id":"82675428-8bd8-4a34-ac89-669bce5ab222","image_id":19,"category_id":25,"segmentation":[[234.041329720863,378.534181494462,1549.078923705823,378.534181494462,1549.078923705823,760.639444652357,234.041329720863,760.639444652357]],"area":502482.79,"bbox":[234.041329720863,378.534181494462,1315.03759398496,382.105263157895],"iscrowd":0,"metadata":{}},
{"id":28,"datatorch_id":"849cd6ca-b16c-454a-96d6-5b72eb56fcd3","image_id":5,"category_id":25,"segmentation":[[167.21426205169,95.6770386373192,1667.8458409990599,95.6770386373192,1667.8458409990599,878.7447078102513,167.21426205169,878.7447078102513]],"area":1175096.07,"bbox":[167.21426205169,95.6770386373192,1500.63157894737,783.067669172932],"iscrowd":0,"metadata":{}},
{"id":29,"datatorch_id":"88be7525-b33e-4a59-a8d7-57f8968c78d1","image_id":15,"category_id":4,"segmentation":[[198.229299645675,230.819895780176,1597.627795886275,230.819895780176,1597.627795886275,1796.955234126036,198.229299645675,1796.955234126036]],"area":2191647.44,"bbox":[198.229299645675,230.819895780176,1399.3984962406,1566.13533834586],"iscrowd":0,"metadata":{}},
{"id":30,"datatorch_id":"90ac1406-8fa9-40d0-92ad-588c344de791","image_id":3,"category_id":13,"segmentation":[[147.36463799154,112.46651232153,1636.0864425028199,112.46651232153,1636.0864425028199,2137.12816645687,147.36463799154,2137.12816645687]],"area":3014157.95,"bbox":[147.36463799154,112.46651232153,1488.72180451128,2024.66165413534],"iscrowd":0,"metadata":{}},
{"id":31,"datatorch_id":"939ee183-d5dc-41f6-b49f-401ac30a4e25","image_id":19,"category_id":25,"segmentation":[[239.0037357359,852.443955930552,1511.8608785930398,852.443955930552,1511.8608785930398,1023.646963449349,239.0037357359,1023.646963449349]],"area":217916.97,"bbox":[239.0037357359,852.443955930552,1272.85714285714,171.203007518797],"iscrowd":0,"metadata":{}},
{"id":32,"datatorch_id":"99534fc3-816d-4414-81b2-8ae4d9fda56e","image_id":14,"category_id":24,"segmentation":[[545.118021450186,223.789820592206,1122.742081600562,223.789820592206,1122.742081600562,307.15824164483763,545.118021450186,307.15824164483763]],"area":48155.61,"bbox":[545.118021450186,223.789820592206,577.624060150376,83.3684210526316],"iscrowd":0,"metadata":{}},
{"id":33,"datatorch_id":"9ad8ab8f-4324-457a-962d-5df5b28af89e","image_id":8,"category_id":25,"segmentation":[[194.14358535996,160.734181494462,1526.8473447584602,160.734181494462,1526.8473447584602,2075.8259108177717,194.14358535996,2075.8259108177717]],"area":2552249.95,"bbox":[194.14358535996,160.734181494462,1332.7037593985,1915.09172932331],"iscrowd":0,"metadata":{}},
{"id":34,"datatorch_id":"a1e004d2-d385-4c25-b614-2fe26eb83271","image_id":13,"category_id":24,"segmentation":[[638.460878593043,240.728166456868,1092.521028968983,240.728166456868,1092.521028968983,280.4274145771687,638.460878593043,280.4274145771687]],"area":18025.85,"bbox":[638.460878593043,240.728166456868,454.06015037594,39.6992481203007],"iscrowd":0,"metadata":{}},
{"id":35,"datatorch_id":"a4b27ef3-e203-4ffd-afb7-04224798e9f2","image_id":17,"category_id":24,"segmentation":[[434.357119194547,223.343204050853,1277.569149269735,223.343204050853,1277.569149269735,291.2289183365673,434.357119194547,291.2289183365673]],"area":57242.05,"bbox":[434.357119194547,223.343204050853,843.212030075188,67.8857142857143],"iscrowd":0,"metadata":{}},
{"id":36,"datatorch_id":"aa5eed7c-2986-42d3-b9d8-2c8d915c9460","image_id":16,"category_id":13,"segmentation":[[119.745871074247,49.0171890132592,1622.092457540417,49.0171890132592,1622.092457540417,2137.896346907999,119.745871074247,2137.896346907999]],"area":3138220.47,"bbox":[119.745871074247,49.0171890132592,1502.34658646617,2088.87915789474],"iscrowd":0,"metadata":{}},
{"id":37,"datatorch_id":"abc134cc-2ec9-4e5c-a1a5-a650e4904c75","image_id":12,"category_id":26,"segmentation":[[519.379675585525,305.338692772657,1199.229299645675,305.338692772657,1199.229299645675,511.278542396717,519.379675585525,511.278542396717]],"area":140008.13,"bbox":[519.379675585525,305.338692772657,679.84962406015,205.93984962406],"iscrowd":0,"metadata":{}},
{"id":38,"datatorch_id":"aeede383-8408-4d16-913a-6775d3717de3","image_id":19,"category_id":21,"segmentation":[[623.590201901314,309.060497283936,1090.056367314848,309.060497283936,1090.056367314848,371.0905724719059,623.590201901314,371.0905724719059]],"area":28934.93,"bbox":[623.590201901314,309.060497283936,466.466165413534,62.0300751879699],"iscrowd":0,"metadata":{}},
{"id":39,"datatorch_id":"b5131444-2185-4382-b7df-1f05bac1dc62","image_id":13,"category_id":21,"segmentation":[[670.716517690787,784.111625103485,1072.6714049088318,784.111625103485,1072.6714049088318,823.810873223786,670.716517690787,823.810873223786]],"area":15957.31,"bbox":[670.716517690787,784.111625103485,401.954887218045,39.6992481203009],"iscrowd":0,"metadata":{}},
{"id":40,"datatorch_id":"d7bb83dc-78a4-482e-b851-a52518e7ca9e","image_id":13,"category_id":21,"segmentation":[[618.611254532893,399.525158938071,1122.295465059208,399.525158938071,1122.295465059208,483.88606119371013,618.611254532893,483.88606119371013]],"area":42491.25,"bbox":[618.611254532893,399.525158938071,503.684210526315,84.3609022556391],"iscrowd":0,"metadata":{}},
{"id":41,"datatorch_id":"d96c1e4b-0b4b-43a3-9120-6db8582e9606","image_id":7,"category_id":14,"segmentation":[[204.349600397554,1495.40636194559,1544.199224457704,1495.40636194559,1544.199224457704,1742.534181494462,204.349600397554,1742.534181494462]],"area":331114.12,"bbox":[204.349600397554,1495.40636194559,1339.84962406015,247.127819548872],"iscrowd":0,"metadata":{}},
{"id":42,"datatorch_id":"daa7c3fd-a3e0-40ce-94e4-c1a4ab31ef2e","image_id":13,"category_id":11,"segmentation":[[162.069901149434,977.645459689951,1531.693961299814,977.645459689951,1531.693961299814,1223.284557434312,162.069901149434,1223.284557434312]],"area":336433.22,"bbox":[162.069901149434,977.645459689951,1369.62406015038,245.639097744361],"iscrowd":0,"metadata":{}},
{"id":43,"datatorch_id":"ec64ea35-d435-4e4e-aafe-7d03ee9c542b","image_id":10,"category_id":13,"segmentation":[[146.322532728382,134.218392020778,1625.516517690792,134.218392020778,1625.516517690792,2142.206361945588,146.322532728382,2142.206361945588]],"area":2970203.73,"bbox":[146.322532728382,134.218392020778,1479.19398496241,2007.98796992481],"iscrowd":0,"metadata":{}},
{"id":44,"datatorch_id":"fb97be52-f9b1-4a71-8559-eec6072a4d99","image_id":18,"category_id":25,"segmentation":[[230.15411167575,730.368767960627,1480.68042746522,730.368767960627,1480.68042746522,813.7371890132587,230.15411167575,813.7371890132587]],"area":104254.4,"bbox":[230.15411167575,730.368767960627,1250.52631578947,83.3684210526317],"iscrowd":0,"metadata":{}}
]}