{"info": {"year":2023,"version":"0.1.0","description":"","url":"","date_created":1695181315090},"categories": [
  {
    "id": 1,
    "datatorch_id": "efdc34be-7bc8-40e6-a7ac-743c961d5b0e",
    "name": "other",
    "supercategory": null
  },
  {
    "id": 2,
    "datatorch_id": "98245cc4-3f97-4a16-8793-42b1f206b1ae",
    "name": "form",
    "supercategory": null
  },
  {
    "id": 3,
    "datatorch_id": "bac47c6d-1482-4149-b2f4-48ae401b6fce",
    "name": "report_title",
    "supercategory": null
  },
  {
    "id": 4,
    "datatorch_id": "f67b4326-b7f3-4891-a799-9e158f3f29a3",
    "name": "references",
    "supercategory": null
  },
  {
    "id": 5,
    "datatorch_id": "28540ac5-369f-447d-8dc0-6c623bdeded1",
    "name": "appendix_list",
    "supercategory": null
  },
  {
    "id": 6,
    "datatorch_id": "432d43ae-9402-465b-8bfa-08b71e3f6e70",
    "name": "list",
    "supercategory": null
  },
  {
    "id": 7,
    "datatorch_id": "866cde06-4b95-4b78-9e9d-615eb63f3b30",
    "name": "form_body",
    "supercategory": null
  },
  {
    "id": 8,
    "datatorch_id": "5c08d4fb-994f-42f5-8a08-eff81cd89470",
    "name": "form_title",
    "supercategory": null
  },
  {
    "id": 9,
    "datatorch_id": "7b220ed9-4839-4860-913e-e54f2b08ed1e",
    "name": "cross",
    "supercategory": null
  },
  {
    "id": 10,
    "datatorch_id": "bedfd226-54a1-411d-88c2-e513cc41e676",
    "name": "table_caption",
    "supercategory": null
  },
  {
    "id": 11,
    "datatorch_id": "3a69775c-e544-484e-9882-ad16eb2d72de",
    "name": "table",
    "supercategory": null
  },
  {
    "id": 12,
    "datatorch_id": "c5dfcaed-726f-42cd-8d24-72c5d6ed4f33",
    "name": "figure_caption",
    "supercategory": null
  },
  {
    "id": 13,
    "datatorch_id": "3f471323-e8c5-4b39-989f-cf5be1aec0f9",
    "name": "figure",
    "supercategory": null
  },
  {
    "id": 14,
    "datatorch_id": "99fb551f-c3d7-44ee-bfe4-335664818c3a",
    "name": "list_of_tables",
    "supercategory": null
  },
  {
    "id": 15,
    "datatorch_id": "d21d3657-a407-44b4-95f4-2f3d6302b266",
    "name": "list_of_figures",
    "supercategory": null
  },
  {
    "id": 16,
    "datatorch_id": "ee631f60-9883-4932-8f12-c50dd827cff1",
    "name": "table_of_contents",
    "supercategory": null
  },
  {
    "id": 17,
    "datatorch_id": "01396395-4edf-4a64-aee8-3045d83f9f59",
    "name": "subsubsubsubsection",
    "supercategory": null
  },
  {
    "id": 18,
    "datatorch_id": "60279c59-c020-4f1b-8221-132da3381de0",
    "name": "subsubsubsection",
    "supercategory": null
  },
  {
    "id": 19,
    "datatorch_id": "10a9f994-272f-449d-a0df-80b9119bc1d1",
    "name": "subsubsection",
    "supercategory": null
  },
  {
    "id": 20,
    "datatorch_id": "91510100-a731-4362-93ef-527524a170ce",
    "name": "subsubsection",
    "supercategory": null
  },
  {
    "id": 21,
    "datatorch_id": "b70e14c2-0849-4366-92ab-9a9a19a43234",
    "name": "subsection",
    "supercategory": null
  },
  {
    "id": 22,
    "datatorch_id": "553058cd-78a1-4549-bf72-7e47c9a279a7",
    "name": "summary",
    "supercategory": null
  },
  {
    "id": 23,
    "datatorch_id": "7ee54f92-1d68-40d6-9662-ee8721ea0609",
    "name": "abstract",
    "supercategory": null
  },
  {
    "id": 24,
    "datatorch_id": "e5aba03c-0aa5-4e2d-8318-1070c9c8cbbb",
    "name": "section",
    "supercategory": null
  },
  {
    "id": 25,
    "datatorch_id": "39ef7a9d-1162-4ae4-8624-f78005de7a54",
    "name": "paragraph",
    "supercategory": null
  },
  {
    "id": 26,
    "datatorch_id": "303bd345-80a9-4705-bb6e-cbb51b49d623",
    "name": "title",
    "supercategory": null
  }
],"images": [
  {
    "id": 1,
    "datatorch_id": "3e155dcb-caa5-4a6a-952e-17ba95671e81",
    "storage_id": "379fb094-cabd-4982-968e-525c78f3db91",
    "path": "a072181_p31_1420_2005a_9977565-10.jpg",
    "width": 1653,
    "height": 2339,
    "file_name": "a072181_p31_1420_2005a_9977565-10.jpg",
    "metadata": {},
    "date_captured": "2023-09-17T08:36:32.673Z"
  },
  {
    "id": 2,
    "datatorch_id": "a11dfbd2-b5a9-4307-ba42-d9e57fc23c26",
    "storage_id": "379fb094-cabd-4982-968e-525c78f3db91",
    "path": "a072181_p31_1420_2005a_9977565-17.jpg",
    "width": 1653,
    "height": 2339,
    "file_name": "a072181_p31_1420_2005a_9977565-17.jpg",
    "metadata": {},
    "date_captured": "2023-09-17T08:36:31.986Z"
  },
  {
    "id": 3,
    "datatorch_id": "25285040-fc1f-4ec9-9023-ffa575a43383",
    "storage_id": "379fb094-cabd-4982-968e-525c78f3db91",
    "path": "a072181_p31_1420_2005a_9977565-04.jpg",
    "width": 1653,
    "height": 2339,
    "file_name": "a072181_p31_1420_2005a_9977565-04.jpg",
    "metadata": {},
    "date_captured": "2023-09-17T08:36:32.267Z"
  },
  {
    "id": 4,
    "datatorch_id": "38d946db-88b4-4217-976c-b18a287ed99e",
    "storage_id": "379fb094-cabd-4982-968e-525c78f3db91",
    "path": "a072181_p31_1420_2005a_9977565-03.jpg",
    "width": 1653,
    "height": 2339,
    "file_name": "a072181_p31_1420_2005a_9977565-03.jpg",
    "metadata": {},
    "date_captured": "2023-09-17T08:36:32.470Z"
  },
  {
    "id": 5,
    "datatorch_id": "f68064ce-c445-4f7e-8563-6cde5e28e1fc",
    "storage_id": "379fb094-cabd-4982-968e-525c78f3db91",
    "path": "a072181_p31_1420_2005a_9977565-14.jpg",
    "width": 1653,
    "height": 2339,
    "file_name": "a072181_p31_1420_2005a_9977565-14.jpg",
    "metadata": {},
    "date_captured": "2023-09-17T08:36:32.595Z"
  },
  {
    "id": 6,
    "datatorch_id": "5bb1a049-aad7-4239-abaf-dbd68c14fdf8",
    "storage_id": "379fb094-cabd-4982-968e-525c78f3db91",
    "path": "a072181_p31_1420_2005a_9977565-08.jpg",
    "width": 1653,
    "height": 2339,
    "file_name": "a072181_p31_1420_2005a_9977565-08.jpg",
    "metadata": {},
    "date_captured": "2023-09-17T08:36:32.611Z"
  },
  {
    "id": 7,
    "datatorch_id": "cb938d5c-fabe-41a7-8897-c90e279556ef",
    "storage_id": "379fb094-cabd-4982-968e-525c78f3db91",
    "path": "a072181_p31_1420_2005a_9977565-05.jpg",
    "width": 1653,
    "height": 2339,
    "file_name": "a072181_p31_1420_2005a_9977565-05.jpg",
    "metadata": {},
    "date_captured": "2023-09-17T08:36:32.673Z"
  },
  {
    "id": 8,
    "datatorch_id": "dcb62f44-e4f7-4822-97df-10a5b7cfadef",
    "storage_id": "379fb094-cabd-4982-968e-525c78f3db91",
    "path": "a072181_p31_1420_2005a_9977565-12.jpg",
    "width": 1653,
    "height": 2339,
    "file_name": "a072181_p31_1420_2005a_9977565-12.jpg",
    "metadata": {},
    "date_captured": "2023-09-17T08:36:32.689Z"
  },
  {
    "id": 9,
    "datatorch_id": "90523662-670e-40da-8d76-7af664c6fbe9",
    "storage_id": "379fb094-cabd-4982-968e-525c78f3db91",
    "path": "a072181_p31_1420_2005a_9977565-13.jpg",
    "width": 1653,
    "height": 2339,
    "file_name": "a072181_p31_1420_2005a_9977565-13.jpg",
    "metadata": {},
    "date_captured": "2023-09-17T08:36:32.704Z"
  },
  {
    "id": 10,
    "datatorch_id": "53b9a583-e771-48ff-972a-dc3ef91fe002",
    "storage_id": "379fb094-cabd-4982-968e-525c78f3db91",
    "path": "a072181_p31_1420_2005a_9977565-01.jpg",
    "width": 1653,
    "height": 2339,
    "file_name": "a072181_p31_1420_2005a_9977565-01.jpg",
    "metadata": {},
    "date_captured": "2023-09-17T08:36:32.204Z"
  },
  {
    "id": 11,
    "datatorch_id": "2a613cdd-df4f-48e6-bb7e-ead4ad816198",
    "storage_id": "379fb094-cabd-4982-968e-525c78f3db91",
    "path": "a072181_p31_1420_2005a_9977565-02.jpg",
    "width": 1653,
    "height": 2339,
    "file_name": "a072181_p31_1420_2005a_9977565-02.jpg",
    "metadata": {},
    "date_captured": "2023-09-17T08:36:32.392Z"
  },
  {
    "id": 12,
    "datatorch_id": "1805025f-5dad-48a6-a8cd-723ed4934e43",
    "storage_id": "379fb094-cabd-4982-968e-525c78f3db91",
    "path": "a072181_p31_1420_2005a_9977565-11.jpg",
    "width": 1653,
    "height": 2339,
    "file_name": "a072181_p31_1420_2005a_9977565-11.jpg",
    "metadata": {},
    "date_captured": "2023-09-17T08:36:32.736Z"
  },
  {
    "id": 13,
    "datatorch_id": "aa489250-6efa-4185-9cb5-b56f2052a6b7",
    "storage_id": "379fb094-cabd-4982-968e-525c78f3db91",
    "path": "a072181_p31_1420_2005a_9977565-06.jpg",
    "width": 1653,
    "height": 2339,
    "file_name": "a072181_p31_1420_2005a_9977565-06.jpg",
    "metadata": {},
    "date_captured": "2023-09-17T08:36:32.798Z"
  },
  {
    "id": 14,
    "datatorch_id": "e57dc7ba-0142-4244-9013-feb9bc134156",
    "storage_id": "379fb094-cabd-4982-968e-525c78f3db91",
    "path": "a072181_p31_1420_2005a_9977565-09.jpg",
    "width": 1653,
    "height": 2339,
    "file_name": "a072181_p31_1420_2005a_9977565-09.jpg",
    "metadata": {},
    "date_captured": "2023-09-17T08:36:32.439Z"
  },
  {
    "id": 15,
    "datatorch_id": "bf23fd65-0ca7-4128-9d84-2e9215b57a55",
    "storage_id": "379fb094-cabd-4982-968e-525c78f3db91",
    "path": "a072181_p31_1420_2005a_9977565-16.jpg",
    "width": 1653,
    "height": 2339,
    "file_name": "a072181_p31_1420_2005a_9977565-16.jpg",
    "metadata": {},
    "date_captured": "2023-09-17T08:36:32.501Z"
  },
  {
    "id": 16,
    "datatorch_id": "9ac1fb8b-1912-4922-bb18-bbad2785a091",
    "storage_id": "379fb094-cabd-4982-968e-525c78f3db91",
    "path": "a072181_p31_1420_2005a_9977565-15.jpg",
    "width": 1653,
    "height": 2339,
    "file_name": "a072181_p31_1420_2005a_9977565-15.jpg",
    "metadata": {},
    "date_captured": "2023-09-17T08:36:32.580Z"
  },
  {
    "id": 17,
    "datatorch_id": "f136cc69-81ea-4fa7-98db-8481b2c0bbbe",
    "storage_id": "379fb094-cabd-4982-968e-525c78f3db91",
    "path": "a072181_p31_1420_2005a_9977565-07.jpg",
    "width": 1653,
    "height": 2339,
    "file_name": "a072181_p31_1420_2005a_9977565-07.jpg",
    "metadata": {},
    "date_captured": "2023-09-17T08:36:32.736Z"
  }
],"annotations": [
{"id":1,"datatorch_id":"071b0c86-147a-4287-8730-68e9f115efea","image_id":17,"category_id":25,"segmentation":[[219.459128977697,1104.41445631773,1561.658226722057,1104.41445631773,1561.658226722057,2142.71941872375,219.459128977697,2142.71941872375]],"area":1393611.98,"bbox":[219.459128977697,1104.41445631773,1342.19909774436,1038.30496240602],"iscrowd":0,"metadata":{}},
{"id":2,"datatorch_id":"0c7f644f-b2f2-4622-872d-c38cbc5aee13","image_id":17,"category_id":21,"segmentation":[[219.828444767171,1007.29319691923,599.696113940103,1007.29319691923,599.696113940103,1104.4144563177267,219.828444767171,1104.4144563177267]],"area":36893.23,"bbox":[219.828444767171,1007.29319691923,379.867669172932,97.1212593984968],"iscrowd":0,"metadata":{}},
{"id":3,"datatorch_id":"1139430a-6bee-4232-bb38-08e8e3f2f582","image_id":17,"category_id":25,"segmentation":[[202.883884616795,191.093577871614,1573.162706671935,191.093577871614,1573.162706671935,616.099843535774,202.883884616795,616.099843535774]],"area":582377.09,"bbox":[202.883884616795,191.093577871614,1370.27882205514,425.00626566416],"iscrowd":0,"metadata":{}},
{"id":4,"datatorch_id":"13572a5a-50da-471b-bed3-8436b28ffd90","image_id":11,"category_id":15,"segmentation":[[187.029685368675,1227.59006534029,1589.374497398745,1227.59006534029,1589.374497398745,1566.305403686155,187.029685368675,1566.305403686155]],"area":474995.7,"bbox":[187.029685368675,1227.59006534029,1402.34481203007,338.715338345865],"iscrowd":0,"metadata":{}},
{"id":5,"datatorch_id":"140aea76-e19e-4c9d-a415-d9b2949f5c9b","image_id":15,"category_id":13,"segmentation":[[38.7258300303287,47.033805791414,1608.6429331882189,47.033805791414,1608.6429331882189,2284.302430152314,38.7258300303287,2284.302430152314]],"area":3512326.28,"bbox":[38.7258300303287,47.033805791414,1569.91710315789,2237.2686243609],"iscrowd":0,"metadata":{}},
{"id":6,"datatorch_id":"163bf037-73ee-40a8-abf2-9a3dfbe6ea3a","image_id":12,"category_id":25,"segmentation":[[227.193656797245,199.879190152315,1575.196288376195,199.879190152315,1575.196288376195,484.779942032014,227.193656797245,484.779942032014]],"area":384046.96,"bbox":[227.193656797245,199.879190152315,1348.00263157895,284.900751879699],"iscrowd":0,"metadata":{}},
{"id":7,"datatorch_id":"203c3f01-59ba-43b1-afef-ccd6a0af367f","image_id":5,"category_id":21,"segmentation":[[221.815715443863,251.400501430512,597.884707925066,251.400501430512,597.884707925066,319.7766818816398,221.815715443863,319.7766818816398]],"area":25714.16,"bbox":[221.815715443863,251.400501430512,376.068992481203,68.3761804511278],"iscrowd":0,"metadata":{}},
{"id":8,"datatorch_id":"256f3816-b0a3-48c3-b764-02ca3181263d","image_id":3,"category_id":25,"segmentation":[[198.144331985216,199.784223235023,1558.070587624316,199.784223235023,1558.070587624316,1012.701035265098,198.144331985216,1012.701035265098]],"area":1105506.92,"bbox":[198.144331985216,199.784223235023,1359.9262556391,812.916812030075],"iscrowd":0,"metadata":{}},
{"id":9,"datatorch_id":"2ac1fe59-9df1-4977-86c6-9d211320dbdd","image_id":6,"category_id":21,"segmentation":[[210.947279353637,168.480313460587,530.0361214589,168.480313460587,530.0361214589,244.45384729517343,210.947279353637,244.45384729517343]],"area":24242.31,"bbox":[210.947279353637,168.480313460587,319.088842105263,75.9735338345864],"iscrowd":0,"metadata":{}},
{"id":10,"datatorch_id":"3ca26b49-724c-4862-ba8e-b054abb02dcb","image_id":1,"category_id":13,"segmentation":[[60.8010658198025,68.860017219985,1624.3363921355924,68.860017219985,1624.3363921355924,2256.897791656075,60.8010658198025,2256.897791656075]],"area":3421074.36,"bbox":[60.8010658198025,68.860017219985,1563.53532631579,2188.03777443609],"iscrowd":0,"metadata":{}},
{"id":11,"datatorch_id":"3f180426-eaba-4d54-ad23-06a2330ca0e5","image_id":12,"category_id":24,"segmentation":[[219.279747022809,526.987460829007,622.889145519049,526.987460829007,622.889145519049,577.1088894004356,219.279747022809,577.1088894004356]],"area":20229.48,"bbox":[219.279747022809,526.987460829007,403.60939849624,50.1214285714286],"iscrowd":0,"metadata":{}},
{"id":12,"datatorch_id":"43674350-4271-4be0-ae57-f022542e4396","image_id":10,"category_id":3,"segmentation":[[94.5952192032607,410.892163084647,1560.2513094288208,410.892163084647,1560.2513094288208,2050.654268347807,94.5952192032607,2050.654268347807]],"area":2403327.32,"bbox":[94.5952192032607,410.892163084647,1465.65609022556,1639.76210526316],"iscrowd":0,"metadata":{}},
{"id":13,"datatorch_id":"443cde7c-b10a-4d0f-bd21-cc00d1a0a686","image_id":14,"category_id":13,"segmentation":[[42.3528628122837,69.5423721072041,1605.8881891280737,69.5423721072041,1605.8881891280737,2248.463322483144,42.3528628122837,2248.463322483144]],"area":3406819.88,"bbox":[42.3528628122837,69.5423721072041,1563.53532631579,2178.92095037594],"iscrowd":0,"metadata":{}},
{"id":14,"datatorch_id":"48dcdf44-8083-476a-86d5-ca6e26fa0379","image_id":7,"category_id":13,"segmentation":[[42.2895515340883,70.2444238365267,1628.6169380002484,70.2444238365267,1628.6169380002484,2252.8121038365266,42.2895515340883,2252.8121038365266]],"area":3462266.88,"bbox":[42.2895515340883,70.2444238365267,1586.32738646616,2182.56768],"iscrowd":0,"metadata":{}},
{"id":15,"datatorch_id":"530ee158-6f14-4c2c-b180-527fc9eeedf2","image_id":5,"category_id":21,"segmentation":[[199.023655293487,638.865523986903,700.448978601758,638.865523986903,700.448978601758,714.8390578214894,199.023655293487,714.8390578214894]],"area":38095.05,"bbox":[199.023655293487,638.865523986903,501.425323308271,75.9735338345864],"iscrowd":0,"metadata":{}},
{"id":16,"datatorch_id":"53946904-96d8-47fa-9fbb-bda2bca4a3c3","image_id":11,"category_id":14,"segmentation":[[209.188632737096,1613.78886233277,1560.884422210776,1613.78886233277,1560.884422210776,1810.053824738785,209.188632737096,1810.053824738785]],"area":265290.52,"bbox":[209.188632737096,1613.78886233277,1351.69578947368,196.264962406015],"iscrowd":0,"metadata":{}},
{"id":17,"datatorch_id":"56a4d6df-3056-4297-b605-b6076cce7104","image_id":16,"category_id":21,"segmentation":[[218.667738000253,161.340208197429,535.224128977697,161.340208197429,535.224128977697,256.5568533102112,218.667738000253,256.5568533102112]],"area":30141.44,"bbox":[218.667738000253,161.340208197429,316.556390977444,95.2166451127822],"iscrowd":0,"metadata":{}},
{"id":18,"datatorch_id":"58cae5e2-b457-4e3f-90d0-cdab74271165","image_id":16,"category_id":24,"segmentation":[[216.821159052885,481.501824738782,761.298151534088,481.501824738782,761.298151534088,551.1442307538196,216.821159052885,551.1442307538196]],"area":37918.69,"bbox":[216.821159052885,481.501824738782,544.476992481203,69.6424060150376],"iscrowd":0,"metadata":{}},
{"id":19,"datatorch_id":"5e1bf010-e2e5-48f8-a1cd-18eaa447c3d5","image_id":8,"category_id":25,"segmentation":[[217.665309428825,1399.63846383653,1573.792888376195,1399.63846383653,1573.792888376195,1847.88231346059,217.665309428825,1847.88231346059]],"area":607875.85,"bbox":[217.665309428825,1399.63846383653,1356.12757894737,448.24384962406],"iscrowd":0,"metadata":{}},
{"id":20,"datatorch_id":"68fa199a-abc0-4d55-ad18-1daf492157cb","image_id":16,"category_id":21,"segmentation":[[228.608976513202,828.922463836527,790.398867908357,828.922463836527,790.398867908357,929.23918413728,228.608976513202,929.23918413728]],"area":56356.92,"bbox":[228.608976513202,828.922463836527,561.789891395155,100.316720300753],"iscrowd":0,"metadata":{}},
{"id":21,"datatorch_id":"6ce424d8-12ec-453c-8103-d1e3ecc3f80a","image_id":17,"category_id":24,"segmentation":[[213.128001158148,895.487238272617,456.87642221078,895.487238272617,456.87642221078,958.7985164681057,213.128001158148,958.7985164681057]],"area":15432.02,"bbox":[213.128001158148,895.487238272617,243.748421052632,63.3112781954887],"iscrowd":0,"metadata":{}},
{"id":22,"datatorch_id":"76c8eba9-db51-411b-92bf-689f94a285e4","image_id":6,"category_id":25,"segmentation":[[218.544632737096,1494.21847887412,1574.672211684466,1494.21847887412,1574.672211684466,1684.152313460586,218.544632737096,1684.152313460586]],"area":257574.51,"bbox":[218.544632737096,1494.21847887412,1356.12757894737,189.933834586466],"iscrowd":0,"metadata":{}},
{"id":23,"datatorch_id":"90d922a0-7f8b-4614-aef4-736be00043dd","image_id":4,"category_id":22,"segmentation":[[171.47269739875,53.7954503026923,1580.78175003033,53.7954503026923,1580.78175003033,1242.7812548139723,171.47269739875,1242.7812548139723]],"area":1675648.46,"bbox":[171.47269739875,53.7954503026923,1409.30905263158,1188.98580451128],"iscrowd":0,"metadata":{}},
{"id":24,"datatorch_id":"93630a1f-5880-4a99-a9d9-ff80b13cc01e","image_id":16,"category_id":25,"segmentation":[[210.208647774689,256.556853310211,1521.279700406269,256.556853310211,1521.279700406269,409.559108949309,210.208647774689,409.559108949309]],"area":200596.83,"bbox":[210.208647774689,256.556853310211,1311.07105263158,153.002255639098],"iscrowd":0,"metadata":{}},
{"id":25,"datatorch_id":"96c7d961-50a1-4f0d-a607-5a371333acba","image_id":17,"category_id":11,"segmentation":[[225.631978601757,616.099843535775,907.1075425115321,616.099843535775,907.1075425115321,676.2631442876545,225.631978601757,676.2631442876545]],"area":40999.82,"bbox":[225.631978601757,616.099843535775,681.475563909775,60.1633007518795],"iscrowd":0,"metadata":{}},
{"id":26,"datatorch_id":"976c8774-cc0b-43d9-94b7-ae9fede68105","image_id":16,"category_id":25,"segmentation":[[223.064354541607,692.627351054572,1537.6527004062668,692.627351054572,1537.6527004062668,828.9224638365271,223.064354541607,828.9224638365271]],"area":179171.97,"bbox":[223.064354541607,692.627351054572,1314.58834586466,136.295112781955],"iscrowd":0,"metadata":{}},
{"id":27,"datatorch_id":"9a5a7b0a-8f54-406b-b1e5-702e99171816","image_id":6,"category_id":25,"segmentation":[[218.544632737096,244.453847295173,1532.886768075446,244.453847295173,1532.886768075446,1361.2647946635932,218.544632737096,1361.2647946635932]],"area":1467871.69,"bbox":[218.544632737096,244.453847295173,1314.34213533835,1116.81094736842],"iscrowd":0,"metadata":{}},
{"id":28,"datatorch_id":"9d271929-c94a-4058-8db6-57ec6eb9b2bf","image_id":5,"category_id":25,"segmentation":[[216.750813188223,361.667644287654,1527.821865819803,361.667644287654,1527.821865819803,596.446967595925,216.750813188223,596.446967595925]],"area":307812.37,"bbox":[216.750813188223,361.667644287654,1311.07105263158,234.779323308271],"iscrowd":0,"metadata":{}},
{"id":29,"datatorch_id":"a2ffba60-959f-49af-b326-64fbcddabcff","image_id":6,"category_id":21,"segmentation":[[199.551249278449,1414.4462683478,438.867880857396,1414.4462683478,438.867880857396,1494.2184788741158,199.551249278449,1494.2184788741158]],"area":19090.82,"bbox":[199.551249278449,1414.4462683478,239.316631578947,79.7722105263158],"iscrowd":0,"metadata":{}},
{"id":30,"datatorch_id":"ae5453c5-74fa-43cf-896e-828ff718e93a","image_id":17,"category_id":11,"segmentation":[[205.847204165667,676.263144287654,1381.942128977697,676.263144287654,1381.942128977697,852.127805941789,205.847204165667,852.127805941789]],"area":206833.54,"bbox":[205.847204165667,676.263144287654,1176.09492481203,175.864661654135],"iscrowd":0,"metadata":{}},
{"id":31,"datatorch_id":"ae7381c2-7487-4ad6-b1bc-007a55ee577e","image_id":12,"category_id":25,"segmentation":[[197.036384616795,736.822140528256,1518.975873338595,736.822140528256,1518.975873338595,2089.151042783896,197.036384616795,2089.151042783896]],"area":1787696.98,"bbox":[197.036384616795,736.822140528256,1321.9394887218,1352.32890225564],"iscrowd":0,"metadata":{}},
{"id":32,"datatorch_id":"af3f0f33-cc24-4a7b-84cd-92ca3cdf14e7","image_id":2,"category_id":4,"segmentation":[[152.718489879952,81.4976518064509,1533.256083864912,81.4976518064509,1533.256083864912,738.7918247387819,152.718489879952,738.7918247387819]],"area":907419.32,"bbox":[152.718489879952,81.4976518064509,1380.53759398496,657.294172932331],"iscrowd":0,"metadata":{}},
{"id":33,"datatorch_id":"af9db6b2-8f90-49d0-ad0c-3d04ec3c28fe","image_id":17,"category_id":24,"segmentation":[[209.962437248374,100.930696919233,564.505595143111,100.930696919233,564.505595143111,167.4075390244962,209.962437248374,167.4075390244962]],"area":23568.91,"bbox":[209.962437248374,100.930696919233,354.543157894737,66.4768421052632],"iscrowd":0,"metadata":{}},
{"id":34,"datatorch_id":"bae77684-dcad-42bd-8e9d-c33cddd7919f","image_id":3,"category_id":24,"segmentation":[[210.947279353637,96.3230427838953,496.727354541607,96.3230427838953,496.727354541607,151.2807495508126,210.947279353637,151.2807495508126]],"area":15705.82,"bbox":[210.947279353637,96.3230427838953,285.78007518797,54.9577067669173],"iscrowd":0,"metadata":{}},
{"id":35,"datatorch_id":"becc63fc-daac-44c6-a360-041225a0b97f","image_id":8,"category_id":25,"segmentation":[[236.658692887471,130.880448798933,1520.611414691981,130.880448798933,1520.611414691981,1167.919185641043,236.658692887471,1167.919185641043]],"area":1331508.71,"bbox":[236.658692887471,130.880448798933,1283.95272180451,1037.03873684211],"iscrowd":0,"metadata":{}},
{"id":36,"datatorch_id":"c59d856a-4c78-48b4-9faa-c09b23ed3a43","image_id":5,"category_id":24,"segmentation":[[199.023655293487,95.6547570696095,814.409279353637,95.6547570696095,814.409279353637,167.8296142124666,199.023655293487,167.8296142124666]],"area":44415.37,"bbox":[199.023655293487,95.6547570696095,615.38562406015,72.1748571428571],"iscrowd":0,"metadata":{}},
{"id":37,"datatorch_id":"c6a37404-c071-4771-8fb5-d7a27f1e0a6c","image_id":13,"category_id":13,"segmentation":[[52.8336931882235,62.3044860921664,1606.3405130378435,62.3044860921664,1606.3405130378435,2261.2824494004362,52.8336931882235,2261.2824494004362]],"area":3416127.26,"bbox":[52.8336931882235,62.3044860921664,1553.50681984962,2198.97796330827],"iscrowd":0,"metadata":{}},
{"id":38,"datatorch_id":"c9abde4e-7efb-4d08-a7de-b77503a06ef7","image_id":16,"category_id":25,"segmentation":[[207.570677849877,1557.07602624254,1584.5909786017571,1557.07602624254,1584.5909786017571,1844.6147480470509,207.570677849877,1844.6147480470509]],"area":395946.66,"bbox":[207.570677849877,1557.07602624254,1377.02030075188,287.538721804511],"iscrowd":0,"metadata":{}},
{"id":39,"datatorch_id":"d57fa520-15c0-45e6-8bb5-ab47d32dc4ba","image_id":16,"category_id":21,"segmentation":[[218.667738000253,1844.61474804705,616.561534992734,1844.61474804705,616.561534992734,1923.679982633518,218.667738000253,1923.679982633518]],"area":31459.57,"bbox":[218.667738000253,1844.61474804705,397.893796992481,79.065234586468],"iscrowd":0,"metadata":{}},
{"id":40,"datatorch_id":"dc9018aa-1754-4c6e-b20d-fab712bcb544","image_id":16,"category_id":24,"segmentation":[[210.490031233336,1434.33656158089,501.721910932584,1434.33656158089,501.721910932584,1497.647839776379,210.490031233336,1497.647839776379]],"area":18438.26,"bbox":[210.490031233336,1434.33656158089,291.231879699248,63.311278195489],"iscrowd":0,"metadata":{}},
{"id":41,"datatorch_id":"e6e5579d-a86b-4f27-84b0-7bb3c2613304","image_id":16,"category_id":25,"segmentation":[[220.760527473938,1955.40948488916,1534.469550030328,1955.40948488916,1534.469550030328,2074.118131505701,220.760527473938,2074.118131505701]],"area":155948.62,"bbox":[220.760527473938,1955.40948488916,1313.70902255639,118.708646616541],"iscrowd":0,"metadata":{}},
{"id":42,"datatorch_id":"e76fd590-8135-43b4-8340-9f65f981793d","image_id":12,"category_id":21,"segmentation":[[211.365837248373,637.782197671112,617.613205669426,637.782197671112,617.613205669426,703.7314457914129,211.365837248373,703.7314457914129]],"area":26791.71,"bbox":[211.365837248373,637.782197671112,406.247368421053,65.9492481203008],"iscrowd":0,"metadata":{}},
{"id":43,"datatorch_id":"ea4db5c1-fe58-4ef3-b8bf-de127fea348c","image_id":5,"category_id":25,"segmentation":[[222.026753037847,747.866441280135,1588.495174090477,747.866441280135,1588.495174090477,1863.727719475625,222.026753037847,1863.727719475625]],"area":1524789.2,"bbox":[222.026753037847,747.866441280135,1366.46842105263,1115.86127819549],"iscrowd":0,"metadata":{}},
{"id":44,"datatorch_id":"eafb263a-fff6-41a3-945a-52d7127bbbb8","image_id":9,"category_id":13,"segmentation":[[53.555441759652,83.1507796260006,1607.973944015292,83.1507796260006,1607.973944015292,2252.954905941791,53.555441759652,2252.954905941791]],"area":3372783.68,"bbox":[53.555441759652,83.1507796260006,1554.41850225564,2169.80412631579],"iscrowd":0,"metadata":{}},
{"id":45,"datatorch_id":"f49d2e77-2aa8-48d5-b649-cb39b891e494","image_id":16,"category_id":25,"segmentation":[[220.760527473938,929.239184137279,1542.383459804768,929.239184137279,1542.383459804768,1327.572642783895,220.760527473938,1327.572642783895]],"area":526446.63,"bbox":[220.760527473938,929.239184137279,1321.62293233083,398.333458646616],"iscrowd":0,"metadata":{}},
{"id":46,"datatorch_id":"f54e654c-610e-48fe-ab20-5153e20e049b","image_id":16,"category_id":21,"segmentation":[[216.469429729577,604.695020227504,664.924316947622,604.695020227504,664.924316947622,692.627351054572,216.469429729577,692.627351054572]],"area":39433.68,"bbox":[216.469429729577,604.695020227504,448.454887218045,87.9323308270681],"iscrowd":0,"metadata":{}},
{"id":47,"datatorch_id":"f5abb37e-bd97-403a-8c73-6c8a7dfb3490","image_id":11,"category_id":16,"segmentation":[[136.380662812284,103.814877370361,1589.374497398754,103.814877370361,1589.374497398754,1189.603298422991,136.380662812284,1189.603298422991]],"area":1577643.88,"bbox":[136.380662812284,103.814877370361,1452.99383458647,1085.78842105263],"iscrowd":0,"metadata":{}},
{"id":48,"datatorch_id":"f5c05406-5b79-4d5d-a59d-145df74d22d9","image_id":12,"category_id":21,"segmentation":[[208.727867323561,99.6363330094581,509.456438752132,99.6363330094581,509.456438752132,152.3957315056987,208.727867323561,152.3957315056987]],"area":15866.26,"bbox":[208.727867323561,99.6363330094581,300.728571428571,52.7593984962406],"iscrowd":0,"metadata":{}}
]}