{"info": {"year":2023,"version":"0.1.0","description":"","url":"","date_created":1695180734772},"categories": [
  {
    "id": 1,
    "datatorch_id": "efdc34be-7bc8-40e6-a7ac-743c961d5b0e",
    "name": "other",
    "supercategory": null
  },
  {
    "id": 2,
    "datatorch_id": "98245cc4-3f97-4a16-8793-42b1f206b1ae",
    "name": "form",
    "supercategory": null
  },
  {
    "id": 3,
    "datatorch_id": "bac47c6d-1482-4149-b2f4-48ae401b6fce",
    "name": "report_title",
    "supercategory": null
  },
  {
    "id": 4,
    "datatorch_id": "f67b4326-b7f3-4891-a799-9e158f3f29a3",
    "name": "references",
    "supercategory": null
  },
  {
    "id": 5,
    "datatorch_id": "28540ac5-369f-447d-8dc0-6c623bdeded1",
    "name": "appendix_list",
    "supercategory": null
  },
  {
    "id": 6,
    "datatorch_id": "432d43ae-9402-465b-8bfa-08b71e3f6e70",
    "name": "list",
    "supercategory": null
  },
  {
    "id": 7,
    "datatorch_id": "866cde06-4b95-4b78-9e9d-615eb63f3b30",
    "name": "form_body",
    "supercategory": null
  },
  {
    "id": 8,
    "datatorch_id": "5c08d4fb-994f-42f5-8a08-eff81cd89470",
    "name": "form_title",
    "supercategory": null
  },
  {
    "id": 9,
    "datatorch_id": "7b220ed9-4839-4860-913e-e54f2b08ed1e",
    "name": "cross",
    "supercategory": null
  },
  {
    "id": 10,
    "datatorch_id": "bedfd226-54a1-411d-88c2-e513cc41e676",
    "name": "table_caption",
    "supercategory": null
  },
  {
    "id": 11,
    "datatorch_id": "3a69775c-e544-484e-9882-ad16eb2d72de",
    "name": "table",
    "supercategory": null
  },
  {
    "id": 12,
    "datatorch_id": "c5dfcaed-726f-42cd-8d24-72c5d6ed4f33",
    "name": "figure_caption",
    "supercategory": null
  },
  {
    "id": 13,
    "datatorch_id": "3f471323-e8c5-4b39-989f-cf5be1aec0f9",
    "name": "figure",
    "supercategory": null
  },
  {
    "id": 14,
    "datatorch_id": "99fb551f-c3d7-44ee-bfe4-335664818c3a",
    "name": "list_of_tables",
    "supercategory": null
  },
  {
    "id": 15,
    "datatorch_id": "d21d3657-a407-44b4-95f4-2f3d6302b266",
    "name": "list_of_figures",
    "supercategory": null
  },
  {
    "id": 16,
    "datatorch_id": "ee631f60-9883-4932-8f12-c50dd827cff1",
    "name": "table_of_contents",
    "supercategory": null
  },
  {
    "id": 17,
    "datatorch_id": "01396395-4edf-4a64-aee8-3045d83f9f59",
    "name": "subsubsubsubsection",
    "supercategory": null
  },
  {
    "id": 18,
    "datatorch_id": "60279c59-c020-4f1b-8221-132da3381de0",
    "name": "subsubsubsection",
    "supercategory": null
  },
  {
    "id": 19,
    "datatorch_id": "10a9f994-272f-449d-a0df-80b9119bc1d1",
    "name": "subsubsection",
    "supercategory": null
  },
  {
    "id": 20,
    "datatorch_id": "91510100-a731-4362-93ef-527524a170ce",
    "name": "subsubsection",
    "supercategory": null
  },
  {
    "id": 21,
    "datatorch_id": "b70e14c2-0849-4366-92ab-9a9a19a43234",
    "name": "subsection",
    "supercategory": null
  },
  {
    "id": 22,
    "datatorch_id": "553058cd-78a1-4549-bf72-7e47c9a279a7",
    "name": "summary",
    "supercategory": null
  },
  {
    "id": 23,
    "datatorch_id": "7ee54f92-1d68-40d6-9662-ee8721ea0609",
    "name": "abstract",
    "supercategory": null
  },
  {
    "id": 24,
    "datatorch_id": "e5aba03c-0aa5-4e2d-8318-1070c9c8cbbb",
    "name": "section",
    "supercategory": null
  },
  {
    "id": 25,
    "datatorch_id": "39ef7a9d-1162-4ae4-8624-f78005de7a54",
    "name": "paragraph",
    "supercategory": null
  },
  {
    "id": 26,
    "datatorch_id": "303bd345-80a9-4705-bb6e-cbb51b49d623",
    "name": "title",
    "supercategory": null
  }
],"images": [
  {
    "id": 1,
    "datatorch_id": "005bf96d-69de-42ed-8cd7-2b32b807a93a",
    "storage_id": "379fb094-cabd-4982-968e-525c78f3db91",
    "path": "a072118_e31_566_2005a_16472941-01.jpg",
    "width": 1653,
    "height": 2339,
    "file_name": "a072118_e31_566_2005a_16472941-01.jpg",
    "metadata": {},
    "date_captured": "2023-09-15T08:38:32.584Z"
  },
  {
    "id": 2,
    "datatorch_id": "947e0dbd-b7c6-4f40-895a-eba7ba7fa97d",
    "storage_id": "379fb094-cabd-4982-968e-525c78f3db91",
    "path": "a072118_e31_566_2005a_16472941-15.jpg",
    "width": 1653,
    "height": 2339,
    "file_name": "a072118_e31_566_2005a_16472941-15.jpg",
    "metadata": {},
    "date_captured": "2023-09-15T08:38:32.709Z"
  },
  {
    "id": 3,
    "datatorch_id": "dd032f9c-1835-4ab1-8e60-9c45c389e015",
    "storage_id": "379fb094-cabd-4982-968e-525c78f3db91",
    "path": "a072118_e31_566_2005a_16472941-18.jpg",
    "width": 1653,
    "height": 2339,
    "file_name": "a072118_e31_566_2005a_16472941-18.jpg",
    "metadata": {},
    "date_captured": "2023-09-15T08:38:32.740Z"
  },
  {
    "id": 4,
    "datatorch_id": "0d696a42-e01b-417c-a9bb-aaf21ac68587",
    "storage_id": "379fb094-cabd-4982-968e-525c78f3db91",
    "path": "a072118_e31_566_2005a_16472941-16.jpg",
    "width": 1653,
    "height": 2339,
    "file_name": "a072118_e31_566_2005a_16472941-16.jpg",
    "metadata": {},
    "date_captured": "2023-09-15T08:38:32.756Z"
  },
  {
    "id": 5,
    "datatorch_id": "a307eea0-ae69-4cb4-970f-61dfb2558973",
    "storage_id": "379fb094-cabd-4982-968e-525c78f3db91",
    "path": "a072118_e31_566_2005a_16472941-17.jpg",
    "width": 1653,
    "height": 2339,
    "file_name": "a072118_e31_566_2005a_16472941-17.jpg",
    "metadata": {},
    "date_captured": "2023-09-15T08:38:32.819Z"
  },
  {
    "id": 6,
    "datatorch_id": "587af0db-cb9e-4a52-941b-92f063eb4879",
    "storage_id": "379fb094-cabd-4982-968e-525c78f3db91",
    "path": "a072118_e31_566_2005a_16472941-03.jpg",
    "width": 1653,
    "height": 2339,
    "file_name": "a072118_e31_566_2005a_16472941-03.jpg",
    "metadata": {},
    "date_captured": "2023-09-15T08:38:32.834Z"
  },
  {
    "id": 7,
    "datatorch_id": "0c8c808d-ddbf-4d73-b8df-cef2334e9220",
    "storage_id": "379fb094-cabd-4982-968e-525c78f3db91",
    "path": "a072118_e31_566_2005a_16472941-14.jpg",
    "width": 1653,
    "height": 2339,
    "file_name": "a072118_e31_566_2005a_16472941-14.jpg",
    "metadata": {},
    "date_captured": "2023-09-15T08:38:32.881Z"
  },
  {
    "id": 8,
    "datatorch_id": "9df26f8f-79c9-4722-8194-5a1be2dd0983",
    "storage_id": "379fb094-cabd-4982-968e-525c78f3db91",
    "path": "a072118_e31_566_2005a_16472941-10.jpg",
    "width": 1653,
    "height": 2339,
    "file_name": "a072118_e31_566_2005a_16472941-10.jpg",
    "metadata": {},
    "date_captured": "2023-09-15T08:38:33.428Z"
  },
  {
    "id": 9,
    "datatorch_id": "f222b1a9-409c-479e-8ca5-c7e676e23c6a",
    "storage_id": "379fb094-cabd-4982-968e-525c78f3db91",
    "path": "a072118_e31_566_2005a_16472941-04.jpg",
    "width": 1653,
    "height": 2339,
    "file_name": "a072118_e31_566_2005a_16472941-04.jpg",
    "metadata": {},
    "date_captured": "2023-09-15T08:38:32.819Z"
  },
  {
    "id": 10,
    "datatorch_id": "e5af3821-aac1-44ac-a1fc-7f78441363ac",
    "storage_id": "379fb094-cabd-4982-968e-525c78f3db91",
    "path": "a072118_e31_566_2005a_16472941-02.jpg",
    "width": 1653,
    "height": 2339,
    "file_name": "a072118_e31_566_2005a_16472941-02.jpg",
    "metadata": {},
    "date_captured": "2023-09-15T08:38:32.850Z"
  },
  {
    "id": 11,
    "datatorch_id": "aaed8a55-1de7-4f31-967d-f1cc99cdcb54",
    "storage_id": "379fb094-cabd-4982-968e-525c78f3db91",
    "path": "a072118_e31_566_2005a_16472941-06.jpg",
    "width": 1653,
    "height": 2339,
    "file_name": "a072118_e31_566_2005a_16472941-06.jpg",
    "metadata": {},
    "date_captured": "2023-09-15T08:38:32.881Z"
  },
  {
    "id": 12,
    "datatorch_id": "6d93c0d9-914d-4c5c-9346-dfd594066b4d",
    "storage_id": "379fb094-cabd-4982-968e-525c78f3db91",
    "path": "a072118_e31_566_2005a_16472941-12.jpg",
    "width": 1653,
    "height": 2339,
    "file_name": "a072118_e31_566_2005a_16472941-12.jpg",
    "metadata": {},
    "date_captured": "2023-09-15T08:38:32.944Z"
  },
  {
    "id": 13,
    "datatorch_id": "933fefa2-20f1-4b82-883a-bc7bfb6f0d6b",
    "storage_id": "379fb094-cabd-4982-968e-525c78f3db91",
    "path": "a072118_e31_566_2005a_16472941-13.jpg",
    "width": 1653,
    "height": 2339,
    "file_name": "a072118_e31_566_2005a_16472941-13.jpg",
    "metadata": {},
    "date_captured": "2023-09-15T08:38:33.194Z"
  },
  {
    "id": 14,
    "datatorch_id": "874dfa20-3f45-4f77-a826-feb0c2c7724b",
    "storage_id": "379fb094-cabd-4982-968e-525c78f3db91",
    "path": "a072118_e31_566_2005a_16472941-05.jpg",
    "width": 1653,
    "height": 2339,
    "file_name": "a072118_e31_566_2005a_16472941-05.jpg",
    "metadata": {},
    "date_captured": "2023-09-15T08:38:33.319Z"
  },
  {
    "id": 15,
    "datatorch_id": "a3f21e48-95c2-4a68-ac44-2400ae478994",
    "storage_id": "379fb094-cabd-4982-968e-525c78f3db91",
    "path": "a072118_e31_566_2005a_16472941-11.jpg",
    "width": 1653,
    "height": 2339,
    "file_name": "a072118_e31_566_2005a_16472941-11.jpg",
    "metadata": {},
    "date_captured": "2023-09-15T08:38:33.225Z"
  },
  {
    "id": 16,
    "datatorch_id": "f98160ac-345b-4404-95f5-770684471806",
    "storage_id": "379fb094-cabd-4982-968e-525c78f3db91",
    "path": "a072118_e31_566_2005a_16472941-09.jpg",
    "width": 1653,
    "height": 2339,
    "file_name": "a072118_e31_566_2005a_16472941-09.jpg",
    "metadata": {},
    "date_captured": "2023-09-15T08:38:33.287Z"
  },
  {
    "id": 17,
    "datatorch_id": "bfe76445-3f7e-427d-a3bb-eb78fed461cb",
    "storage_id": "379fb094-cabd-4982-968e-525c78f3db91",
    "path": "a072118_e31_566_2005a_16472941-08.jpg",
    "width": 1653,
    "height": 2339,
    "file_name": "a072118_e31_566_2005a_16472941-08.jpg",
    "metadata": {},
    "date_captured": "2023-09-15T08:38:33.381Z"
  },
  {
    "id": 18,
    "datatorch_id": "2a7ee70e-2c80-4ccc-91bb-70307cf5a43f",
    "storage_id": "379fb094-cabd-4982-968e-525c78f3db91",
    "path": "a072118_e31_566_2005a_16472941-19.jpg",
    "width": 1653,
    "height": 2339,
    "file_name": "a072118_e31_566_2005a_16472941-19.jpg",
    "metadata": {},
    "date_captured": "2023-09-15T08:38:32.037Z"
  },
  {
    "id": 19,
    "datatorch_id": "2de09a03-de82-452c-9bd3-54d228deb1e1",
    "storage_id": "379fb094-cabd-4982-968e-525c78f3db91",
    "path": "a072118_e31_566_2005a_16472941-07.jpg",
    "width": 1653,
    "height": 2339,
    "file_name": "a072118_e31_566_2005a_16472941-07.jpg",
    "metadata": {},
    "date_captured": "2023-09-15T08:38:33.334Z"
  }
],"annotations": [
{"id":1,"datatorch_id":"03847a05-8f91-4834-9fcc-275028c1d5ac","image_id":10,"category_id":5,"segmentation":[[199.885392135592,1836.97870443803,963.4194071731861,1836.97870443803,963.4194071731861,2030.711215716225,199.885392135592,2030.711215716225]],"area":147921.36,"bbox":[199.885392135592,1836.97870443803,763.534015037594,193.732511278195],"iscrowd":0,"metadata":{}},
{"id":2,"datatorch_id":"08095764-5e10-4471-a60a-4ddcabb56416","image_id":7,"category_id":24,"segmentation":[[208.238963564163,141.361982633519,660.281489879952,141.361982633519,660.281489879952,194.54345631772952,208.238963564163,194.54345631772952]],"area":24040.29,"bbox":[208.238963564163,141.361982633519,452.042526315789,53.1814736842105],"iscrowd":0,"metadata":{}},
{"id":3,"datatorch_id":"14272dfb-abd4-4031-9b0d-c56b71f65093","image_id":17,"category_id":21,"segmentation":[[210.138301910028,541.735471355324,533.02582070702,541.735471355324,533.02582070702,614.543441280136,210.138301910028,614.543441280136]],"area":23508.78,"bbox":[210.138301910028,541.735471355324,322.887518796992,72.807969924812],"iscrowd":0,"metadata":{}},
{"id":4,"datatorch_id":"1c59e76c-b35f-4fa5-9ebe-329ee513f8ff","image_id":2,"category_id":13,"segmentation":[[54.153381609276,66.1305976711138,1613.1302958949861,66.1305976711138,1613.1302958949861,2249.6099600771236,54.153381609276,2249.6099600771236]],"area":3403993.92,"bbox":[54.153381609276,66.1305976711138,1558.97691428571,2183.47936240601],"iscrowd":0,"metadata":{}},
{"id":5,"datatorch_id":"1def59e6-3c0b-4096-bcb8-3ff4838199dc","image_id":16,"category_id":13,"segmentation":[[34.2525364964943,58.1779976711132,1638.8135710829642,58.1779976711132,1638.8135710829642,2278.1246563177333,34.2525364964943,2278.1246563177333]],"area":3562039.91,"bbox":[34.2525364964943,58.1779976711132,1604.56103458647,2219.94665864662],"iscrowd":0,"metadata":{}},
{"id":6,"datatorch_id":"1e6c3086-4d25-4304-8ca4-18fcb02d07f2","image_id":10,"category_id":14,"segmentation":[[199.885392135592,1548.2792758666,1556.012971082962,1548.2792758666,1556.012971082962,1844.5760578214872,199.885392135592,1844.5760578214872]],"area":401816.24,"bbox":[199.885392135592,1548.2792758666,1356.12757894737,296.296781954887],"iscrowd":0,"metadata":{}},
{"id":7,"datatorch_id":"25b1872c-1758-4576-aa30-f56ac1bd18b5","image_id":10,"category_id":15,"segmentation":[[180.892008676945,1103.83410293427,1593.999738000255,1103.83410293427,1593.999738000255,1548.279275866601,180.892008676945,1548.279275866601]],"area":628048.91,"bbox":[180.892008676945,1103.83410293427,1413.10772932331,444.445172932331],"iscrowd":0,"metadata":{}},
{"id":8,"datatorch_id":"262e6df2-3a86-47c5-963b-ce2b887c15bd","image_id":18,"category_id":5,"segmentation":[[558.52619664687,765.611185641038,1194.276948526569,765.611185641038,1194.276948526569,1008.304418723745,558.52619664687,1008.304418723745]],"area":154292.41,"bbox":[558.52619664687,765.611185641038,635.750751879699,242.693233082707],"iscrowd":0,"metadata":{}},
{"id":9,"datatorch_id":"2ca3fa68-5c2d-444c-8523-81f9d52b7b30","image_id":9,"category_id":10,"segmentation":[[195.717399654389,1172.03441872374,1126.393189128073,1172.03441872374,1126.393189128073,1257.5046442876496,195.717399654389,1257.5046442876496]],"area":79545.07,"bbox":[195.717399654389,1172.03441872374,930.675789473684,85.4702255639097],"iscrowd":0,"metadata":{}},
{"id":10,"datatorch_id":"2d0444a8-f5f7-49b1-9019-336e005810d3","image_id":17,"category_id":25,"segmentation":[[165.820407173186,174.530057821489,1602.9864222107758,174.530057821489,1602.9864222107758,513.245396167354,165.820407173186,513.245396167354]],"area":486790.17,"bbox":[165.820407173186,174.530057821489,1437.16601503759,338.715338345865],"iscrowd":0,"metadata":{}},
{"id":11,"datatorch_id":"3664f390-ce49-4d5d-9003-095690e0b792","image_id":17,"category_id":25,"segmentation":[[216.469429729577,1836.45111045307,1539.675144015287,1836.45111045307,1539.675144015287,2099.192914964348,216.469429729577,2099.192914964348]],"area":347661.46,"bbox":[216.469429729577,1836.45111045307,1323.20571428571,262.741804511278],"iscrowd":0,"metadata":{}},
{"id":12,"datatorch_id":"3ee711e8-557b-4b09-8948-8a509c12e6dc","image_id":19,"category_id":10,"segmentation":[[205.513061308524,526.435245791414,969.047076346118,526.435245791414,969.047076346118,655.590253310211,205.513061308524,655.590253310211]],"area":98614.24,"bbox":[205.513061308524,526.435245791414,763.534015037594,129.155007518797],"iscrowd":0,"metadata":{}},
{"id":13,"datatorch_id":"4c33f4d0-2d5b-4245-9f8c-231059e049aa","image_id":13,"category_id":25,"segmentation":[[183.125489879953,1485.81214804705,1577.239835744613,1485.81214804705,1577.239835744613,2063.211005189907,183.125489879953,2063.211005189907]],"area":804960.03,"bbox":[183.125489879953,1485.81214804705,1394.11434586466,577.398857142857],"iscrowd":0,"metadata":{}},
{"id":14,"datatorch_id":"4e7ac8aa-6355-44c4-9bec-2ea92b3a3801","image_id":6,"category_id":22,"segmentation":[[156.97089739875,89.2990081974289,1524.49450642131,89.2990081974289,1524.49450642131,1256.252487896679,156.97089739875,1256.252487896679]],"area":1595836.43,"bbox":[156.97089739875,89.2990081974289,1367.52360902256,1166.95347969925],"iscrowd":0,"metadata":{}},
{"id":15,"datatorch_id":"50157dcb-b696-4df5-8be0-a36aa347c9e0","image_id":4,"category_id":13,"segmentation":[[16.842638451381,46.0475567688576,1619.580308225821,46.0475567688576,1619.580308225821,2283.3161811297578,16.842638451381,2283.3161811297578]],"area":3585754.7,"bbox":[16.842638451381,46.0475567688576,1602.73766977444,2237.2686243609],"iscrowd":0,"metadata":{}},
{"id":16,"datatorch_id":"6b6a69ea-a7cc-4e30-b799-0ea84f80a811","image_id":19,"category_id":11,"segmentation":[[224.506444767171,655.590253310211,1508.459166571681,655.590253310211,1508.459166571681,913.900268347805,224.506444767171,913.900268347805]],"area":331657.85,"bbox":[224.506444767171,655.590253310211,1283.95272180451,258.310015037594],"iscrowd":0,"metadata":{}},
{"id":17,"datatorch_id":"6db80612-90bf-47d9-89ed-19010c6a4706","image_id":19,"category_id":24,"segmentation":[[201.714384616795,967.081742032015,429.634986120554,967.081742032015,429.634986120554,1024.061892407955,201.714384616795,1024.061892407955]],"area":12986.95,"bbox":[201.714384616795,967.081742032015,227.920601503759,56.98015037594],"iscrowd":0,"metadata":{}},
{"id":18,"datatorch_id":"735c2222-6fd7-435e-8a1a-9813e9485b43","image_id":12,"category_id":13,"segmentation":[[45.6344973987497,66.7250202275042,1614.4879710829598,66.7250202275042,1614.4879710829598,2258.561471355324,45.6344973987497,2258.561471355324]],"area":3438670.23,"bbox":[45.6344973987497,66.7250202275042,1568.85347368421,2191.83645112782],"iscrowd":0,"metadata":{}},
{"id":19,"datatorch_id":"7756a18f-3f2c-486e-921e-0d00619610c2","image_id":19,"category_id":24,"segmentation":[[224.506444767171,100.98345631773,695.542354541607,100.98345631773,695.542354541607,154.1649300019405,224.506444767171,154.1649300019405]],"area":25050.38,"bbox":[224.506444767171,100.98345631773,471.035909774436,53.1814736842105],"iscrowd":0,"metadata":{}},
{"id":20,"datatorch_id":"7d3c7071-5113-48c3-a587-14110008b132","image_id":19,"category_id":21,"segmentation":[[201.714384616795,1081.0420427839,604.374113940103,1081.0420427839,604.374113940103,1134.2235164681103,201.714384616795,1134.2235164681103]],"area":21414.04,"bbox":[201.714384616795,1081.0420427839,402.659729323308,53.1814736842105],"iscrowd":0,"metadata":{}},
{"id":21,"datatorch_id":"84239f85-071e-4eec-85fd-a8fcf685cbae","image_id":1,"category_id":3,"segmentation":[[128.273301910028,521.511035265098,1571.770444767168,521.511035265098,1571.770444767168,2094.796298422988,128.273301910028,2094.796298422988]],"area":2271032.78,"bbox":[128.273301910028,521.511035265098,1443.49714285714,1573.28526315789],"iscrowd":0,"metadata":{}},
{"id":22,"datatorch_id":"8efd1ac9-1a6f-4bda-b949-af377f9a66d9","image_id":9,"category_id":11,"segmentation":[[198.882963564163,1301.8225390245,863.651384616794,1301.8225390245,863.651384616794,1498.087501430515,198.882963564163,1498.087501430515]],"area":130470.75,"bbox":[198.882963564163,1301.8225390245,664.768421052631,196.264962406015],"iscrowd":0,"metadata":{}},
{"id":23,"datatorch_id":"8f3704d1-9c78-4e4e-b06a-ed32b839d7ed","image_id":7,"category_id":21,"segmentation":[[204.440286872434,859.311877370361,588.106632737096,859.311877370361,588.106632737096,954.2787946635941,204.440286872434,954.2787946635941]],"area":36435.61,"bbox":[204.440286872434,859.311877370361,383.666345864662,94.9669172932331],"iscrowd":0,"metadata":{}},
{"id":24,"datatorch_id":"8f65785a-2b27-4e10-97ed-0c01e0f05d62","image_id":7,"category_id":21,"segmentation":[[227.23234702281,1223.98483977638,793.2351740904791,1223.98483977638,793.2351740904791,1299.9583736109666,227.23234702281,1299.9583736109666]],"area":43001.23,"bbox":[227.23234702281,1223.98483977638,566.002827067669,75.9735338345865],"iscrowd":0,"metadata":{}},
{"id":25,"datatorch_id":"91024669-c7bc-45c4-ae8e-f46e8246d8e3","image_id":19,"category_id":25,"segmentation":[[190.318354541607,214.943757069609,1565.439316947617,214.943757069609,1565.439316947617,526.435245791413,190.318354541607,526.435245791413]],"area":428338.48,"bbox":[190.318354541607,214.943757069609,1375.12096240601,311.491488721804],"iscrowd":0,"metadata":{}},
{"id":26,"datatorch_id":"9a96df4a-e512-46af-8003-4f8b13a58e3a","image_id":7,"category_id":21,"segmentation":[[223.43367033108,243.926253310211,534.925159052884,243.926253310211,534.925159052884,312.30243376133876,223.43367033108,312.30243376133876]],"area":21298.6,"bbox":[223.43367033108,243.926253310211,311.491488721804,68.3761804511278],"iscrowd":0,"metadata":{}},
{"id":27,"datatorch_id":"9acdabb3-90e3-4a11-82db-422583ba6258","image_id":17,"category_id":21,"segmentation":[[222.800557549126,1712.99411797186,444.390031233337,1712.99411797186,444.390031233337,1788.9676518064468,222.800557549126,1788.9676518064468]],"area":16834.94,"bbox":[222.800557549126,1712.99411797186,221.589473684211,75.9735338345868],"iscrowd":0,"metadata":{}},
{"id":28,"datatorch_id":"9ed652ae-e297-41a5-81f0-4144e826028d","image_id":13,"category_id":21,"segmentation":[[198.32019664687,688.090042783895,1087.210542511531,688.090042783895,1087.210542511531,756.4662232350229,198.32019664687,756.4662232350229]],"area":60778.93,"bbox":[198.32019664687,688.090042783895,888.890345864661,68.3761804511279],"iscrowd":0,"metadata":{}},
{"id":29,"datatorch_id":"a2a281cc-cd9b-48f0-a180-eb4b3a70aae4","image_id":7,"category_id":25,"segmentation":[[227.23234702281,1299.95837361096,1530.17845228597,1299.95837361096,1530.17845228597,1714.0141330094561,227.23234702281,1714.0141330094561]],"area":539492.34,"bbox":[227.23234702281,1299.95837361096,1302.94610526316,414.055759398496],"iscrowd":0,"metadata":{}},
{"id":30,"datatorch_id":"a67a4330-6fbb-488b-8e20-3a71e453875d","image_id":13,"category_id":25,"segmentation":[[209.716226722058,802.050343535775,1569.642482361158,802.050343535775,1569.642482361158,1341.462433761339,209.716226722058,1341.462433761339]],"area":733560.66,"bbox":[209.716226722058,802.050343535775,1359.9262556391,539.412090225564],"iscrowd":0,"metadata":{}},
{"id":31,"datatorch_id":"a7a01524-01fd-4903-a0c7-57fed6c3ff5d","image_id":15,"category_id":25,"segmentation":[[200.114016195742,192.309975114722,1567.6376252183022,192.309975114722,1567.6376252183022,572.177644287654,200.114016195742,572.177644287654]],"area":519478.01,"bbox":[200.114016195742,192.309975114722,1367.52360902256,379.867669172932],"iscrowd":0,"metadata":{}},
{"id":32,"datatorch_id":"ac26e885-ac98-4550-8af6-9c131a6c280f","image_id":8,"category_id":13,"segmentation":[[44.4034447671708,78.9300277463012,1624.652948526571,78.9300277463012,1624.652948526571,2236.578388648561,44.4034447671708,2236.578388648561]],"area":3409622.75,"bbox":[44.4034447671708,78.9300277463012,1580.2495037594,2157.64836090226],"iscrowd":0,"metadata":{}},
{"id":33,"datatorch_id":"ad787a42-6a4c-4855-87b6-d4109eaa5074","image_id":11,"category_id":13,"segmentation":[[30.4081349927348,62.8771014305119,1621.293933488975,62.8771014305119,1621.293933488975,2287.382172107202,30.4081349927348,2287.382172107202]],"area":3538933.53,"bbox":[30.4081349927348,62.8771014305119,1590.88579849624,2224.50507067669],"iscrowd":0,"metadata":{}},
{"id":34,"datatorch_id":"b3bff034-1818-4955-a685-45db1f8e363b","image_id":5,"category_id":13,"segmentation":[[29.3494297295769,81.7086894004366,1617.196286872437,81.7086894004366,1617.196286872437,2231.7596969192364,29.3494297295769,2231.7596969192364]],"area":3413951.73,"bbox":[29.3494297295769,81.7086894004366,1587.84685714286,2150.0510075188],"iscrowd":0,"metadata":{}},
{"id":35,"datatorch_id":"ba2118a1-8994-416c-924b-dc568db39d11","image_id":14,"category_id":13,"segmentation":[[80.9720390528853,119.139723986903,1623.5386700303252,119.139723986903,1623.5386700303252,2230.596176317733,80.9720390528853,2230.596176317733]],"area":3257062.27,"bbox":[80.9720390528853,119.139723986903,1542.56663097744,2111.45645233083],"iscrowd":0,"metadata":{}},
{"id":36,"datatorch_id":"c296c61e-be0b-4f51-acbe-a1a23c3204f1","image_id":15,"category_id":21,"segmentation":[[219.107399654389,716.527358573369,659.75389589499,716.527358573369,659.75389589499,811.4942758666022,219.107399654389,811.4942758666022]],"area":41846.84,"bbox":[219.107399654389,716.527358573369,440.646496240601,94.9669172932331],"iscrowd":0,"metadata":{}},
{"id":37,"datatorch_id":"c8af7b65-7716-4798-8b1a-1027df8b6500","image_id":9,"category_id":25,"segmentation":[[186.220707925065,244.524193159835,1613.8900312333349,244.524193159835,1613.8900312333349,1130.882087896677,186.220707925065,1130.882087896677]],"area":1265425.98,"bbox":[186.220707925065,244.524193159835,1427.66932330827,886.357894736842],"iscrowd":0,"metadata":{}},
{"id":38,"datatorch_id":"cc74878c-b5c3-4b7d-a599-efefc0f15d6d","image_id":15,"category_id":25,"segmentation":[[188.717986120554,811.494275866602,1548.644241759654,811.494275866602,1548.644241759654,2156.2258247387817,188.717986120554,2156.2258247387817]],"area":1828735.74,"bbox":[188.717986120554,811.494275866602,1359.9262556391,1344.73154887218],"iscrowd":0,"metadata":{}},
{"id":39,"datatorch_id":"d26ca53d-7475-4a60-8d65-40c4181d88a5","image_id":7,"category_id":25,"segmentation":[[234.829700406268,312.302433761338,1568.165219203258,312.302433761338,1568.165219203258,844.1171706034431,234.829700406268,844.1171706034431]],"area":709087.48,"bbox":[234.829700406268,312.302433761338,1333.33551879699,531.814736842105],"iscrowd":0,"metadata":{}},
{"id":40,"datatorch_id":"dca1c8b4-d9b6-4163-8603-4d6a0ff17efd","image_id":7,"category_id":25,"segmentation":[[204.440286872434,954.278794663594,1568.1652192032639,954.278794663594,1568.1652192032639,1208.790133009459,204.440286872434,1208.790133009459]],"area":347083.46,"bbox":[204.440286872434,954.278794663594,1363.72493233083,254.511338345865],"iscrowd":0,"metadata":{}},
{"id":41,"datatorch_id":"dcbdf71f-bd12-4454-8fe3-bf83ec785bd9","image_id":19,"category_id":25,"segmentation":[[232.103798150629,1183.60631346059,1557.841963564159,1183.60631346059,1557.841963564159,2156.067546543296,232.103798150629,2156.067546543296]],"area":1289228.97,"bbox":[232.103798150629,1183.60631346059,1325.73816541353,972.461233082706],"iscrowd":0,"metadata":{}},
{"id":42,"datatorch_id":"dee75590-3fe9-4c4a-bf05-e24c356cdf4e","image_id":3,"category_id":4,"segmentation":[[182.703414691983,573.566975114722,1553.392587624313,573.566975114722,1553.392587624313,1130.7062232350231,182.703414691983,1130.7062232350231]],"area":763664.74,"bbox":[182.703414691983,573.566975114722,1370.68917293233,557.139248120301],"iscrowd":0,"metadata":{}},
{"id":43,"datatorch_id":"e157240e-d0e4-4496-b89b-b5b57650bf36","image_id":17,"category_id":25,"segmentation":[[178.482662812283,649.364644287654,1546.0062718348431,649.364644287654,1546.0062718348431,1675.007351054574,178.482662812283,1675.007351054574]],"area":1402590.62,"bbox":[178.482662812283,649.364644287654,1367.52360902256,1025.64270676692],"iscrowd":0,"metadata":{}},
{"id":44,"datatorch_id":"e1641b17-f995-41df-8da1-ebd9b1401e7b","image_id":17,"category_id":21,"segmentation":[[219.634993639351,82.7287044380304,539.356948526569,82.7287044380304,539.356948526569,155.5366743628424,219.634993639351,155.5366743628424]],"area":23278.31,"bbox":[219.634993639351,82.7287044380304,319.721954887218,72.807969924812],"iscrowd":0,"metadata":{}},
{"id":45,"datatorch_id":"e58bee28-9880-4225-986e-57585568faf1","image_id":3,"category_id":24,"segmentation":[[220.690181609276,139.884719475625,524.584316947622,139.884719475625,524.584316947622,196.86486985156478,220.690181609276,196.86486985156478]],"area":17315.93,"bbox":[220.690181609276,139.884719475625,303.894135338346,56.9801503759398],"iscrowd":0,"metadata":{}},
{"id":46,"datatorch_id":"e6cbe2e3-d8e4-41c3-9920-7591c47a2e07","image_id":3,"category_id":25,"segmentation":[[208.027925970178,260.176148047053,1559.723715443858,260.176148047053,1559.723715443858,507.090133009459,208.027925970178,507.090133009459]],"area":333752.59,"bbox":[208.027925970178,260.176148047053,1351.69578947368,246.913984962406],"iscrowd":0,"metadata":{}},
{"id":47,"datatorch_id":"e94def23-2749-4f07-b1c7-f7edc38d3b24","image_id":13,"category_id":21,"segmentation":[[205.917550030329,1375.6505239869,593.38257258672,1375.6505239869,593.38257258672,1417.4359675959226,205.917550030329,1417.4359675959226]],"area":16190.4,"bbox":[205.917550030329,1375.6505239869,387.465022556391,41.7854436090227],"iscrowd":0,"metadata":{}},
{"id":48,"datatorch_id":"ee722693-59d5-4f56-a67e-6f56c9efa92a","image_id":15,"category_id":21,"segmentation":[[234.302106421306,63.1549675959252,534.397565067923,63.1549675959252,534.397565067923,146.7258548139703,234.302106421306,146.7258548139703]],"area":25079.24,"bbox":[234.302106421306,63.1549675959252,300.095458646617,83.5708872180451],"iscrowd":0,"metadata":{}},
{"id":49,"datatorch_id":"f4ac3c5a-7b38-45f8-9e32-4b8f64dceb19","image_id":13,"category_id":25,"segmentation":[[110.950632737095,129.684569099685,1562.045128977695,129.684569099685,1562.045128977695,650.103275866602,110.950632737095,650.103275866602]],"area":755176.72,"bbox":[110.950632737095,129.684569099685,1451.0944962406,520.418706766917],"iscrowd":0,"metadata":{}},
{"id":50,"datatorch_id":"f5c2b12b-05f3-4af9-830c-0562b2d1b9d8","image_id":15,"category_id":24,"segmentation":[[219.107399654389,636.755148047053,617.968452285968,636.755148047053,617.968452285968,716.5273585733688,219.107399654389,716.5273585733688]],"area":31818.03,"bbox":[219.107399654389,636.755148047053,398.861052631579,79.7722105263158],"iscrowd":0,"metadata":{}},
{"id":51,"datatorch_id":"f5f50c72-4cc4-4c8f-8a94-5d28aaea4088","image_id":10,"category_id":16,"segmentation":[[135.307888376193,131.372869851565,1525.623557549123,131.372869851565,1525.623557549123,1103.834102934272,135.307888376193,1103.834102934272]],"area":1352028.09,"bbox":[135.307888376193,131.372869851565,1390.31566917293,972.461233082707],"iscrowd":0,"metadata":{}}
]}