{"info": {"year":2023,"version":"0.1.0","description":"","url":"","date_created":1695182175825},"categories": [
  {
    "id": 1,
    "datatorch_id": "efdc34be-7bc8-40e6-a7ac-743c961d5b0e",
    "name": "other",
    "supercategory": null
  },
  {
    "id": 2,
    "datatorch_id": "98245cc4-3f97-4a16-8793-42b1f206b1ae",
    "name": "form",
    "supercategory": null
  },
  {
    "id": 3,
    "datatorch_id": "bac47c6d-1482-4149-b2f4-48ae401b6fce",
    "name": "report_title",
    "supercategory": null
  },
  {
    "id": 4,
    "datatorch_id": "f67b4326-b7f3-4891-a799-9e158f3f29a3",
    "name": "references",
    "supercategory": null
  },
  {
    "id": 5,
    "datatorch_id": "28540ac5-369f-447d-8dc0-6c623bdeded1",
    "name": "appendix_list",
    "supercategory": null
  },
  {
    "id": 6,
    "datatorch_id": "432d43ae-9402-465b-8bfa-08b71e3f6e70",
    "name": "list",
    "supercategory": null
  },
  {
    "id": 7,
    "datatorch_id": "866cde06-4b95-4b78-9e9d-615eb63f3b30",
    "name": "form_body",
    "supercategory": null
  },
  {
    "id": 8,
    "datatorch_id": "5c08d4fb-994f-42f5-8a08-eff81cd89470",
    "name": "form_title",
    "supercategory": null
  },
  {
    "id": 9,
    "datatorch_id": "7b220ed9-4839-4860-913e-e54f2b08ed1e",
    "name": "cross",
    "supercategory": null
  },
  {
    "id": 10,
    "datatorch_id": "bedfd226-54a1-411d-88c2-e513cc41e676",
    "name": "table_caption",
    "supercategory": null
  },
  {
    "id": 11,
    "datatorch_id": "3a69775c-e544-484e-9882-ad16eb2d72de",
    "name": "table",
    "supercategory": null
  },
  {
    "id": 12,
    "datatorch_id": "c5dfcaed-726f-42cd-8d24-72c5d6ed4f33",
    "name": "figure_caption",
    "supercategory": null
  },
  {
    "id": 13,
    "datatorch_id": "3f471323-e8c5-4b39-989f-cf5be1aec0f9",
    "name": "figure",
    "supercategory": null
  },
  {
    "id": 14,
    "datatorch_id": "99fb551f-c3d7-44ee-bfe4-335664818c3a",
    "name": "list_of_tables",
    "supercategory": null
  },
  {
    "id": 15,
    "datatorch_id": "d21d3657-a407-44b4-95f4-2f3d6302b266",
    "name": "list_of_figures",
    "supercategory": null
  },
  {
    "id": 16,
    "datatorch_id": "ee631f60-9883-4932-8f12-c50dd827cff1",
    "name": "table_of_contents",
    "supercategory": null
  },
  {
    "id": 17,
    "datatorch_id": "01396395-4edf-4a64-aee8-3045d83f9f59",
    "name": "subsubsubsubsection",
    "supercategory": null
  },
  {
    "id": 18,
    "datatorch_id": "60279c59-c020-4f1b-8221-132da3381de0",
    "name": "subsubsubsection",
    "supercategory": null
  },
  {
    "id": 19,
    "datatorch_id": "10a9f994-272f-449d-a0df-80b9119bc1d1",
    "name": "subsubsection",
    "supercategory": null
  },
  {
    "id": 20,
    "datatorch_id": "91510100-a731-4362-93ef-527524a170ce",
    "name": "subsubsection",
    "supercategory": null
  },
  {
    "id": 21,
    "datatorch_id": "b70e14c2-0849-4366-92ab-9a9a19a43234",
    "name": "subsection",
    "supercategory": null
  },
  {
    "id": 22,
    "datatorch_id": "553058cd-78a1-4549-bf72-7e47c9a279a7",
    "name": "summary",
    "supercategory": null
  },
  {
    "id": 23,
    "datatorch_id": "7ee54f92-1d68-40d6-9662-ee8721ea0609",
    "name": "abstract",
    "supercategory": null
  },
  {
    "id": 24,
    "datatorch_id": "e5aba03c-0aa5-4e2d-8318-1070c9c8cbbb",
    "name": "section",
    "supercategory": null
  },
  {
    "id": 25,
    "datatorch_id": "39ef7a9d-1162-4ae4-8624-f78005de7a54",
    "name": "paragraph",
    "supercategory": null
  },
  {
    "id": 26,
    "datatorch_id": "303bd345-80a9-4705-bb6e-cbb51b49d623",
    "name": "title",
    "supercategory": null
  }
],"images": [
  {
    "id": 1,
    "datatorch_id": "47d87fc2-3622-4e4a-bd4a-4ec6a8ba4a6f",
    "storage_id": "379fb094-cabd-4982-968e-525c78f3db91",
    "path": "a072289_a72289_16098537-14.jpg",
    "width": 1634,
    "height": 2331,
    "file_name": "a072289_a72289_16098537-14.jpg",
    "metadata": {},
    "date_captured": "2023-09-17T15:30:26.858Z"
  },
  {
    "id": 2,
    "datatorch_id": "71af5471-e43d-468d-9a2a-1eba3dcf32ea",
    "storage_id": "379fb094-cabd-4982-968e-525c78f3db91",
    "path": "a072289_a72289_16098537-17.jpg",
    "width": 1634,
    "height": 2334,
    "file_name": "a072289_a72289_16098537-17.jpg",
    "metadata": {},
    "date_captured": "2023-09-17T15:30:26.811Z"
  },
  {
    "id": 3,
    "datatorch_id": "a4f1d104-a9b5-4446-afca-0a595c24c26f",
    "storage_id": "379fb094-cabd-4982-968e-525c78f3db91",
    "path": "a072289_a72289_16098537-05.jpg",
    "width": 2328,
    "height": 1650,
    "file_name": "a072289_a72289_16098537-05.jpg",
    "metadata": {},
    "date_captured": "2023-09-17T15:30:26.858Z"
  },
  {
    "id": 4,
    "datatorch_id": "86a44785-d43e-4771-a4bf-cc508b8e90f3",
    "storage_id": "379fb094-cabd-4982-968e-525c78f3db91",
    "path": "a072289_a72289_16098537-12.jpg",
    "width": 1634,
    "height": 2337,
    "file_name": "a072289_a72289_16098537-12.jpg",
    "metadata": {},
    "date_captured": "2023-09-17T15:30:26.983Z"
  },
  {
    "id": 5,
    "datatorch_id": "2cae1bfb-9010-46b8-a5e4-2bf7145f0c66",
    "storage_id": "379fb094-cabd-4982-968e-525c78f3db91",
    "path": "a072289_a72289_16098537-02.jpg",
    "width": 1631,
    "height": 2331,
    "file_name": "a072289_a72289_16098537-02.jpg",
    "metadata": {},
    "date_captured": "2023-09-17T15:30:26.843Z"
  },
  {
    "id": 6,
    "datatorch_id": "5a6eeffa-f506-4318-b827-7e1d35af76b2",
    "storage_id": "379fb094-cabd-4982-968e-525c78f3db91",
    "path": "a072289_a72289_16098537-06.jpg",
    "width": 1634,
    "height": 2334,
    "file_name": "a072289_a72289_16098537-06.jpg",
    "metadata": {},
    "date_captured": "2023-09-17T15:30:26.874Z"
  },
  {
    "id": 7,
    "datatorch_id": "24513881-4ccb-4871-a931-f416d0ab54d1",
    "storage_id": "379fb094-cabd-4982-968e-525c78f3db91",
    "path": "a072289_a72289_16098537-09.jpg",
    "width": 1634,
    "height": 2334,
    "file_name": "a072289_a72289_16098537-09.jpg",
    "metadata": {},
    "date_captured": "2023-09-17T15:30:27.046Z"
  },
  {
    "id": 8,
    "datatorch_id": "335a42c5-f84c-4143-8093-58416c3a0dea",
    "storage_id": "379fb094-cabd-4982-968e-525c78f3db91",
    "path": "a072289_a72289_16098537-15.jpg",
    "width": 1634,
    "height": 2331,
    "file_name": "a072289_a72289_16098537-15.jpg",
    "metadata": {},
    "date_captured": "2023-09-17T15:30:26.421Z"
  },
  {
    "id": 9,
    "datatorch_id": "c2bec820-f8e1-41b0-881f-e2242172c6e0",
    "storage_id": "379fb094-cabd-4982-968e-525c78f3db91",
    "path": "a072289_a72289_16098537-18.jpg",
    "width": 1634,
    "height": 2334,
    "file_name": "a072289_a72289_16098537-18.jpg",
    "metadata": {},
    "date_captured": "2023-09-17T15:30:26.780Z"
  },
  {
    "id": 10,
    "datatorch_id": "267e1469-36e5-4e00-8700-0935fa922758",
    "storage_id": "379fb094-cabd-4982-968e-525c78f3db91",
    "path": "a072289_a72289_16098537-16.jpg",
    "width": 1634,
    "height": 2328,
    "file_name": "a072289_a72289_16098537-16.jpg",
    "metadata": {},
    "date_captured": "2023-09-17T15:30:26.811Z"
  },
  {
    "id": 11,
    "datatorch_id": "d0b2ffd8-ae28-4e10-b649-73965a9f187d",
    "storage_id": "379fb094-cabd-4982-968e-525c78f3db91",
    "path": "a072289_a72289_16098537-19.jpg",
    "width": 1634,
    "height": 2328,
    "file_name": "a072289_a72289_16098537-19.jpg",
    "metadata": {},
    "date_captured": "2023-09-17T15:30:26.811Z"
  },
  {
    "id": 12,
    "datatorch_id": "74181cec-b496-4933-ad3e-d7792838e4be",
    "storage_id": "379fb094-cabd-4982-968e-525c78f3db91",
    "path": "a072289_a72289_16098537-01.jpg",
    "width": 1631,
    "height": 2331,
    "file_name": "a072289_a72289_16098537-01.jpg",
    "metadata": {},
    "date_captured": "2023-09-17T15:30:26.858Z"
  },
  {
    "id": 13,
    "datatorch_id": "364e61f2-2352-4bb4-9581-5312aba05153",
    "storage_id": "379fb094-cabd-4982-968e-525c78f3db91",
    "path": "a072289_a72289_16098537-11.jpg",
    "width": 1634,
    "height": 2331,
    "file_name": "a072289_a72289_16098537-11.jpg",
    "metadata": {},
    "date_captured": "2023-09-17T15:30:27.171Z"
  },
  {
    "id": 14,
    "datatorch_id": "ffc8cd24-710e-444a-ae83-7940f425c004",
    "storage_id": "379fb094-cabd-4982-968e-525c78f3db91",
    "path": "a072289_a72289_16098537-03.jpg",
    "width": 1631,
    "height": 2334,
    "file_name": "a072289_a72289_16098537-03.jpg",
    "metadata": {},
    "date_captured": "2023-09-17T15:30:26.874Z"
  },
  {
    "id": 15,
    "datatorch_id": "017efb96-3d9a-4bb5-9d8d-6ffba3b52637",
    "storage_id": "379fb094-cabd-4982-968e-525c78f3db91",
    "path": "a072289_a72289_16098537-07.jpg",
    "width": 1637,
    "height": 2334,
    "file_name": "a072289_a72289_16098537-07.jpg",
    "metadata": {},
    "date_captured": "2023-09-17T15:30:27.030Z"
  },
  {
    "id": 16,
    "datatorch_id": "ed7097bc-4ff5-4953-a665-d8775d17e29e",
    "storage_id": "379fb094-cabd-4982-968e-525c78f3db91",
    "path": "a072289_a72289_16098537-08.jpg",
    "width": 1634,
    "height": 2334,
    "file_name": "a072289_a72289_16098537-08.jpg",
    "metadata": {},
    "date_captured": "2023-09-17T15:30:27.046Z"
  },
  {
    "id": 17,
    "datatorch_id": "3aa5ee70-38c2-42b0-8063-34309d5ee5b2",
    "storage_id": "379fb094-cabd-4982-968e-525c78f3db91",
    "path": "a072289_a72289_16098537-10.jpg",
    "width": 1634,
    "height": 2334,
    "file_name": "a072289_a72289_16098537-10.jpg",
    "metadata": {},
    "date_captured": "2023-09-17T15:30:27.061Z"
  },
  {
    "id": 18,
    "datatorch_id": "be8e8423-5480-46a3-a513-6a4f979a5e12",
    "storage_id": "379fb094-cabd-4982-968e-525c78f3db91",
    "path": "a072289_a72289_16098537-04.jpg",
    "width": 1623,
    "height": 2323,
    "file_name": "a072289_a72289_16098537-04.jpg",
    "metadata": {},
    "date_captured": "2023-09-17T15:30:27.171Z"
  },
  {
    "id": 19,
    "datatorch_id": "fb0b9f62-a92c-4f2f-ae55-a7e8927c1af6",
    "storage_id": "379fb094-cabd-4982-968e-525c78f3db91",
    "path": "a072289_a72289_16098537-13.jpg",
    "width": 1637,
    "height": 2328,
    "file_name": "a072289_a72289_16098537-13.jpg",
    "metadata": {},
    "date_captured": "2023-09-17T15:30:27.171Z"
  }
],"annotations": [
{"id":1,"datatorch_id":"0586fea6-1442-4f14-9f4e-eccf1c4ae446","image_id":1,"category_id":24,"segmentation":[[152.358264402089,839.494960866226,1110.136369665247,839.494960866226,1110.136369665247,945.494118760963,152.358264402089,945.494118760963]],"area":101523.67,"bbox":[152.358264402089,839.494960866226,957.778105263158,105.999157894737],"iscrowd":0,"metadata":{}},
{"id":2,"datatorch_id":"0a57720f-7b8c-4065-80a2-86c45c8bd389","image_id":7,"category_id":25,"segmentation":[[182.301140309671,402.380053615427,1527.948659106661,402.380053615427,1527.948659106661,1438.465467149257,182.301140309671,1438.465467149257]],"area":1394205.77,"bbox":[182.301140309671,402.380053615427,1345.64751879699,1036.08541353383],"iscrowd":0,"metadata":{}},
{"id":3,"datatorch_id":"0f92861a-40ab-4d68-8482-edafd7e18bc5","image_id":14,"category_id":15,"segmentation":[[190.10204256531,1626.94035436731,1258.82835835478,1626.94035436731,1258.82835835478,1808.571181434979,190.10204256531,1808.571181434979]],"area":194113.64,"bbox":[190.10204256531,1626.94035436731,1068.72631578947,181.630827067669],"iscrowd":0,"metadata":{}},
{"id":4,"datatorch_id":"13fd9896-dee9-4048-8051-dda98cc5c99b","image_id":19,"category_id":25,"segmentation":[[178.08117796819,634.93332676364,1510.8174185696898,634.93332676364,1510.8174185696898,994.1104696207831,178.08117796819,994.1104696207831]],"area":478688.4,"bbox":[178.08117796819,634.93332676364,1332.7362406015,359.177142857143],"iscrowd":0,"metadata":{}},
{"id":5,"datatorch_id":"1749e21e-67cc-4502-977d-dc5ea448a6b2","image_id":4,"category_id":25,"segmentation":[[164.441046292441,579.5779659135,1540.283903435301,579.5779659135,1540.283903435301,1517.892251627786,164.441046292441,1517.892251627786]],"area":1290973.01,"bbox":[164.441046292441,579.5779659135,1375.84285714286,938.314285714286],"iscrowd":0,"metadata":{}},
{"id":6,"datatorch_id":"1d3a601a-0754-4e30-a73e-89226764fd8c","image_id":14,"category_id":16,"segmentation":[[145.35241850516,384.480203991366,1501.0027944450098,384.480203991366,1501.0027944450098,1626.940354367306,145.35241850516,1626.940354367306]],"area":1684341.57,"bbox":[145.35241850516,384.480203991366,1355.65037593985,1242.46015037594],"iscrowd":0,"metadata":{}},
{"id":7,"datatorch_id":"1e63c147-51b7-4b88-8d1d-b2a23e7e0693","image_id":13,"category_id":25,"segmentation":[[171.30421177051,294.619329287278,1553.07894861262,294.619329287278,1553.07894861262,2024.6770134978078,171.30421177051,2024.6770134978078]],"area":2390550,"bbox":[171.30421177051,294.619329287278,1381.77473684211,1730.05768421053],"iscrowd":0,"metadata":{}},
{"id":8,"datatorch_id":"2c37286c-31e6-46c5-b4f2-277b0befcbf7","image_id":15,"category_id":21,"segmentation":[[181.695275648017,1020.0126100064,513.368959858543,1020.0126100064,513.368959858543,1105.3001288033922,181.695275648017,1105.3001288033922]],"area":28287.63,"bbox":[181.695275648017,1020.0126100064,331.673684210526,85.2875187969923],"iscrowd":0,"metadata":{}},
{"id":9,"datatorch_id":"2de69791-401d-4af6-9717-47df734cc59f","image_id":10,"category_id":13,"segmentation":[[99.9322155621751,236.565266613264,1551.7640351110451,236.565266613264,1551.7640351110451,1971.957988417774,99.9322155621751,1971.957988417774]],"area":2519498.37,"bbox":[99.9322155621751,236.565266613264,1451.83181954887,1735.39272180451],"iscrowd":0,"metadata":{}},
{"id":10,"datatorch_id":"3320cef6-4ce9-4318-b34c-5c9507c85ac1","image_id":19,"category_id":21,"segmentation":[[181.23185465992,1025.61723653808,883.832756915559,1025.61723653808,883.832756915559,1101.2334771395838,181.23185465992,1101.2334771395838]],"area":53128.04,"bbox":[181.23185465992,1025.61723653808,702.600902255639,75.6162406015037],"iscrowd":0,"metadata":{}},
{"id":11,"datatorch_id":"3fd3485a-f1bb-4cb9-b251-9a5698f9a177","image_id":5,"category_id":3,"segmentation":[[110.810632823141,389.243908234646,1511.513790717881,389.243908234646,1511.513790717881,2133.813381918856,110.810632823141,2133.813381918856]],"area":2443623.97,"bbox":[110.810632823141,389.243908234646,1400.70315789474,1744.56947368421],"iscrowd":0,"metadata":{}},
{"id":12,"datatorch_id":"41735168-5e14-4c28-963f-f84dec61b486","image_id":15,"category_id":25,"segmentation":[[181.695275648017,1105.3001288034,1538.714463617937,1105.3001288034,1538.714463617937,2073.15552729964,181.695275648017,2073.15552729964]],"area":1313398.35,"bbox":[181.695275648017,1105.3001288034,1357.01918796992,967.85539849624],"iscrowd":0,"metadata":{}},
{"id":13,"datatorch_id":"4ba8039a-7c03-4d52-bd18-dd6cff169f5f","image_id":7,"category_id":21,"segmentation":[[163.348358354784,1526.91178293873,930.9360275277161,1526.91178293873,930.9360275277161,1593.2465197808353,163.348358354784,1593.2465197808353]],"area":50917.73,"bbox":[163.348358354784,1526.91178293873,767.587669172932,66.3347368421053],"iscrowd":0,"metadata":{}},
{"id":14,"datatorch_id":"4d22d53f-850b-43e4-b930-4cc80e83619c","image_id":19,"category_id":25,"segmentation":[[165.478471201273,1139.04159744033,1523.4201253366132,1139.04159744033,1523.4201253366132,1599.040394432811,165.478471201273,1599.040394432811]],"area":624651.53,"bbox":[165.478471201273,1139.04159744033,1357.94165413534,459.998796992481],"iscrowd":0,"metadata":{}},
{"id":15,"datatorch_id":"4f029e3d-9b2d-4e84-933f-5798cea7946a","image_id":19,"category_id":21,"segmentation":[[168.629147893002,477.399492177174,1328.078170449392,477.399492177174,1328.078170449392,600.275883154618,168.629147893002,600.275883154618]],"area":142468.91,"bbox":[168.629147893002,477.399492177174,1159.44902255639,122.876390977444],"iscrowd":0,"metadata":{}},
{"id":16,"datatorch_id":"5e3bee78-c888-4569-890b-9cbe74b45c36","image_id":19,"category_id":25,"segmentation":[[156.026441126085,1756.57422901928,1542.324185486985,1756.57422901928,1542.324185486985,2071.641898192212,156.026441126085,2071.641898192212]],"area":436777.6,"bbox":[156.026441126085,1756.57422901928,1386.2977443609,315.067669172932],"iscrowd":0,"metadata":{}},
{"id":17,"datatorch_id":"67890e12-f6e9-4cd7-9cba-5c236ae11fdf","image_id":2,"category_id":13,"segmentation":[[69.5496365502727,247.862234066555,1427.8323433171927,247.862234066555,1427.8323433171927,1997.835767901145,69.5496365502727,1997.835767901145]],"area":2376958.79,"bbox":[69.5496365502727,247.862234066555,1358.28270676692,1749.97353383459],"iscrowd":0,"metadata":{}},
{"id":18,"datatorch_id":"6ad636f3-305c-4428-b061-516dd69f9857","image_id":7,"category_id":25,"segmentation":[[182.301140309671,1640.62847466806,1540.583847076591,1640.62847466806,1540.583847076591,2000.731331810917,182.301140309671,2000.731331810917]],"area":489121.48,"bbox":[182.301140309671,1640.62847466806,1358.28270676692,360.102857142857],"iscrowd":0,"metadata":{}},
{"id":19,"datatorch_id":"6b16c7f0-6ad3-4930-9e66-c0d37be4917a","image_id":1,"category_id":25,"segmentation":[[141.00121177051,339.784645076752,1534.1330012441902,339.784645076752,1534.1330012441902,733.495802971489,141.00121177051,733.495802971489]],"area":548491.53,"bbox":[141.00121177051,339.784645076752,1393.13178947368,393.711157894737],"iscrowd":0,"metadata":{}},
{"id":20,"datatorch_id":"6c60ff88-3fef-40c1-b38f-f7da13152774","image_id":16,"category_id":25,"segmentation":[[194.760839557791,526.538324292119,1546.725952339751,526.538324292119,1546.725952339751,1003.516670156781,194.760839557791,1003.516670156781]],"area":644858.08,"bbox":[194.760839557791,526.538324292119,1351.96511278196,476.978345864662],"iscrowd":0,"metadata":{}},
{"id":21,"datatorch_id":"6dbf997c-43ad-4f61-88ba-2418cd046a8f","image_id":11,"category_id":13,"segmentation":[[60.6187719531527,246.297356838829,1240.2321253366126,246.297356838829,1240.2321253366126,2027.059823004239,60.6187719531527,2027.059823004239]],"area":2100611.18,"bbox":[60.6187719531527,246.297356838829,1179.61335338346,1780.76246616541],"iscrowd":0,"metadata":{}},
{"id":22,"datatorch_id":"6f7929b0-4ac6-4890-a3e8-07f71c2b2737","image_id":19,"category_id":21,"segmentation":[[165.478471201273,1636.84851473356,1104.380125336611,1636.84851473356,1104.380125336611,1693.560695184688,165.478471201273,1693.560695184688]],"area":53247.16,"bbox":[165.478471201273,1636.84851473356,938.901654135338,56.712180451128],"iscrowd":0,"metadata":{}},
{"id":23,"datatorch_id":"700f0d3c-c49d-46db-8137-891a10f0f69f","image_id":16,"category_id":21,"segmentation":[[134.36464106155,372.262679179337,734.7887733923769,372.262679179337,734.7887733923769,467.7847002319685,134.36464106155,467.7847002319685]],"area":57353.73,"bbox":[134.36464106155,372.262679179337,600.424132330827,95.5220210526315],"iscrowd":0,"metadata":{}},
{"id":24,"datatorch_id":"7478d10a-4e7d-442c-85e3-015e7cbf424c","image_id":4,"category_id":21,"segmentation":[[172.348189149584,479.420823056357,1308.341046292444,479.420823056357,1308.341046292444,542.6779659134999,172.348189149584,542.6779659134999]],"area":71859.66,"bbox":[172.348189149584,479.420823056357,1135.99285714286,63.2571428571429],"iscrowd":0,"metadata":{}},
{"id":25,"datatorch_id":"7b77cb4e-4173-47d1-91a4-079f065eb971","image_id":17,"category_id":24,"segmentation":[[165.135675888618,345.951585807889,703.3946834074151,345.951585807889,703.3946834074151,429.3438264093927,165.135675888618,429.3438264093927]],"area":44886.62,"bbox":[165.135675888618,345.951585807889,538.259007518797,83.3922406015037],"iscrowd":0,"metadata":{}},
{"id":26,"datatorch_id":"7c568d29-9e5c-457e-95b8-9557ab78cc29","image_id":15,"category_id":26,"segmentation":[[330.158734294633,91.3262942169305,1277.797832038994,91.3262942169305,1277.797832038994,287.1717077507655,330.158734294633,287.1717077507655]],"area":185590.77,"bbox":[330.158734294633,91.3262942169305,947.639097744361,195.845413533835],"iscrowd":0,"metadata":{}},
{"id":27,"datatorch_id":"7d4b1559-c2ab-4e21-a930-6328ccf884c3","image_id":16,"category_id":26,"segmentation":[[316.311347828468,81.1479483522692,1298.823564369821,81.1479483522692,1298.823564369821,276.74065812670517,316.311347828468,276.74065812670517]],"area":192172.23,"bbox":[316.311347828468,81.1479483522692,982.512216541353,195.592709774436],"iscrowd":0,"metadata":{}},
{"id":28,"datatorch_id":"7e808653-e96f-416c-805f-471063211c8c","image_id":6,"category_id":22,"segmentation":[[61.9053478284675,697.130910758284,1535.6736726404974,697.130910758284,1535.6736726404974,2202.739909254524,61.9053478284675,2202.739909254524]],"area":2218918.85,"bbox":[61.9053478284675,697.130910758284,1473.76832481203,1505.60899849624],"iscrowd":0,"metadata":{}},
{"id":29,"datatorch_id":"87e45070-a59e-4cd5-bfd6-27f80466f3eb","image_id":19,"category_id":24,"segmentation":[[162.327794509544,332.468364357625,1400.543734359164,332.468364357625,1400.543734359164,433.290018492963,162.327794509544,433.290018492963]],"area":124838.98,"bbox":[162.327794509544,332.468364357625,1238.21593984962,100.821654135338],"iscrowd":0,"metadata":{}},
{"id":30,"datatorch_id":"88dfe44b-b9ff-42f1-ab68-4b9ce0fbc259","image_id":18,"category_id":12,"segmentation":[[1162.15944493926,2130.26281879818,1497.929008849034,2130.26281879818,1497.929008849034,2247.216262407202,1162.15944493926,2247.216262407202]],"area":39269.41,"bbox":[1162.15944493926,2130.26281879818,335.769563909774,116.953443609022],"iscrowd":0,"metadata":{}},
{"id":31,"datatorch_id":"89d76b87-d9c7-4428-9ac7-7447c3dc97e3","image_id":15,"category_id":21,"segmentation":[[178.536478655535,527.240279179336,646.038433542753,527.240279179336,646.038433542753,596.7338130139225,178.536478655535,596.7338130139225]],"area":32488.36,"bbox":[178.536478655535,527.240279179336,467.501954887218,69.4935338345865],"iscrowd":0,"metadata":{}},
{"id":32,"datatorch_id":"8b486cdb-84cd-48b3-8887-29e8fe6ed7dc","image_id":1,"category_id":24,"segmentation":[[142.894053875773,1287.46759244517,436.284580191562,1287.46759244517,436.284580191562,1366.3360134978016,142.894053875773,1366.3360134978016]],"area":23139.25,"bbox":[142.894053875773,1287.46759244517,293.390526315789,78.8684210526314],"iscrowd":0,"metadata":{}},
{"id":33,"datatorch_id":"8e6532f6-5908-4b65-a031-dee83140b34f","image_id":12,"category_id":3,"segmentation":[[78.3869486126146,301.104066129383,1592.6606328231446,301.104066129383,1592.6606328231446,2303.731013497803,78.3869486126146,2303.731013497803]],"area":3032525.29,"bbox":[78.3869486126146,301.104066129383,1514.27368421053,2002.62694736842],"iscrowd":0,"metadata":{}},
{"id":34,"datatorch_id":"900dd379-fdf2-48f5-9c38-e5ffd4f8628d","image_id":3,"category_id":13,"segmentation":[[32.4213473772842,41.7928825608166,2225.9459672622443,41.7928825608166,2225.9459672622443,1636.3623169075668,32.4213473772842,1636.3623169075668]],"area":3497727.31,"bbox":[32.4213473772842,41.7928825608166,2193.52461988496,1594.56943434675],"iscrowd":0,"metadata":{}},
{"id":35,"datatorch_id":"912e291c-8fb8-420b-85ad-5a44b99ff57e","image_id":8,"category_id":5,"segmentation":[[292.305895981036,996.968908234646,1229.963790717878,996.968908234646,1229.963790717878,1384.738645076751,292.305895981036,1384.738645076751]],"area":363595.36,"bbox":[292.305895981036,996.968908234646,937.657894736842,387.769736842105],"iscrowd":0,"metadata":{}},
{"id":36,"datatorch_id":"9a870b37-d8bf-4d27-bd02-1402ed4346a8","image_id":14,"category_id":5,"segmentation":[[221.690012490122,1808.57118143498,903.4636967006479,1808.57118143498,903.4636967006479,1948.084715269566,221.690012490122,1948.084715269566]],"area":95116.66,"bbox":[221.690012490122,1808.57118143498,681.773684210526,139.513533834586],"iscrowd":0,"metadata":{}},
{"id":37,"datatorch_id":"9eb3dd99-a7c8-4ca5-90e5-7d8d97259e14","image_id":16,"category_id":21,"segmentation":[[179.85131775328,1081.85483557031,525.550060610423,1081.85483557031,525.550060610423,1131.890179931212,179.85131775328,1131.890179931212]],"area":17297.16,"bbox":[179.85131775328,1081.85483557031,345.698742857143,50.0353443609022],"iscrowd":0,"metadata":{}},
{"id":38,"datatorch_id":"a5ffae6b-baa7-4db8-91ad-6e7d27ef9092","image_id":6,"category_id":26,"segmentation":[[343.922743317189,87.6094430891108,1381.018971888619,87.6094430891108,1381.018971888619,305.9454912094118,343.922743317189,305.9454912094118]],"area":226435.49,"bbox":[343.922743317189,87.6094430891108,1037.09622857143,218.336048120301],"iscrowd":0,"metadata":{}},
{"id":39,"datatorch_id":"acaae452-bbe6-4e10-bca9-303d8eefef2f","image_id":17,"category_id":21,"segmentation":[[172.716788670573,471.039946710145,847.435826264558,471.039946710145,847.435826264558,550.6416309206712,172.716788670573,550.6416309206712]],"area":53708.77,"bbox":[172.716788670573,471.039946710145,674.719037593985,79.6016842105262],"iscrowd":0,"metadata":{}},
{"id":40,"datatorch_id":"ad0bb0d9-f5e4-48cd-bf6b-43bdeda6c6e3","image_id":1,"category_id":1,"segmentation":[[315.14268545472,44.5012766556994,1329.70605387577,44.5012766556994,1329.70605387577,279.21369770833144,315.14268545472,279.21369770833144]],"area":238130.62,"bbox":[315.14268545472,44.5012766556994,1014.56336842105,234.712421052632],"iscrowd":0,"metadata":{}},
{"id":41,"datatorch_id":"b3ab57b9-f428-41df-a285-41d4079b6ff5","image_id":9,"category_id":13,"segmentation":[[80.9915012119265,240.772489705652,1528.9840425653065,240.772489705652,1528.9840425653065,2018.5434370740718,80.9915012119265,2018.5434370740718]],"area":2574199.07,"bbox":[80.9915012119265,240.772489705652,1447.99254135338,1777.77094736842],"iscrowd":0,"metadata":{}},
{"id":42,"datatorch_id":"b3bbd599-0a0c-4f23-8f78-6bdaedbb4577","image_id":13,"category_id":26,"segmentation":[[346.95995913893,70.5068240241201,1332.752127559982,70.5068240241201,1332.752127559982,294.6193292872781,346.95995913893,294.6193292872781]],"area":220928.35,"bbox":[346.95995913893,70.5068240241201,985.792168421052,224.112505263158],"iscrowd":0,"metadata":{}},
{"id":43,"datatorch_id":"b9265fcd-e01e-4bd5-9d25-f749110aedc9","image_id":1,"category_id":25,"segmentation":[[167.802453875773,1429.37817139254,630.497190717878,1429.37817139254,630.497190717878,1723.820276655698,167.802453875773,1723.820276655698]],"area":136236.81,"bbox":[167.802453875773,1429.37817139254,462.694736842105,294.442105263158],"iscrowd":0,"metadata":{}},
{"id":44,"datatorch_id":"bb416181-f622-4d9c-8728-3f8e07706ea4","image_id":16,"category_id":25,"segmentation":[[156.855275648017,1186.72689572069,1530.9319673773368,1186.72689572069,1530.9319673773368,2105.93682053272,156.855275648017,2105.93682053272]],"area":1263064.93,"bbox":[156.855275648017,1186.72689572069,1374.07669172932,919.20992481203],"iscrowd":0,"metadata":{}},
{"id":45,"datatorch_id":"c207434e-bf93-4dd7-a160-70fac2db7f20","image_id":18,"category_id":13,"segmentation":[[128.441911104676,153.372352632767,1463.974783285126,153.372352632767,1463.974783285126,2130.2628187981772,128.441911104676,2130.2628187981772]],"area":2640202.2,"bbox":[128.441911104676,153.372352632767,1335.53287218045,1976.89046616541],"iscrowd":0,"metadata":{}},
{"id":46,"datatorch_id":"d26b77c9-00a2-4487-8ceb-9c1cc14a44f0","image_id":15,"category_id":25,"segmentation":[[178.536478655535,647.274564893622,1555.771967377335,647.274564893622,1555.771967377335,918.931106247006,178.536478655535,918.931106247006]],"area":374135.03,"bbox":[178.536478655535,647.274564893622,1377.2354887218,271.656541353384],"iscrowd":0,"metadata":{}},
{"id":47,"datatorch_id":"d601f198-0f26-496d-a074-eb4c27042500","image_id":15,"category_id":24,"segmentation":[[169.060087678092,375.618023540239,551.274523768317,375.618023540239,551.274523768317,438.7939633898631,169.060087678092,438.7939633898631]],"area":24146.76,"bbox":[169.060087678092,375.618023540239,382.214436090225,63.1759398496241],"iscrowd":0,"metadata":{}},
{"id":48,"datatorch_id":"d869ec7d-a385-4f22-be73-ff8d7b553a9f","image_id":7,"category_id":26,"segmentation":[[308.653020008919,105.453136322194,1249.9745237683169,105.453136322194,1249.9745237683169,279.18697090866,308.653020008919,279.18697090866]],"area":163539.39,"bbox":[308.653020008919,105.453136322194,941.321503759398,173.733834586466],"iscrowd":0,"metadata":{}},
{"id":49,"datatorch_id":"da96653e-dcce-4a77-97e1-30c0e83b39de","image_id":17,"category_id":26,"segmentation":[[318.880643106664,100.89969624398,1268.6424524299719,100.89969624398,1268.6424524299719,284.301976665033,318.880643106664,284.301976665033]],"area":174188.48,"bbox":[318.880643106664,100.89969624398,949.761809323308,183.402280421053],"iscrowd":0,"metadata":{}},
{"id":50,"datatorch_id":"f206272f-1441-4005-ba7e-9cd81d430502","image_id":1,"category_id":25,"segmentation":[[178.318243349457,969.750539813594,1540.989295981037,969.750539813594,1540.989295981037,1155.967645076752,178.318243349457,1155.967645076752]],"area":253752.66,"bbox":[178.318243349457,969.750539813594,1362.67105263158,186.217105263158],"iscrowd":0,"metadata":{}},
{"id":51,"datatorch_id":"f858e0ac-77d4-4728-b219-41b063251603","image_id":17,"category_id":25,"segmentation":[[161.555705963806,591.916578289092,1477.721119497636,591.916578289092,1477.721119497636,2087.080488063532,161.555705963806,2087.080488063532]],"area":1967883.03,"bbox":[161.555705963806,591.916578289092,1316.16541353383,1495.16390977444],"iscrowd":0,"metadata":{}}
]}