{"info": {"year":2023,"version":"0.1.0","description":"","url":"","date_created":1695180576140},"categories": [
  {
    "id": 1,
    "datatorch_id": "efdc34be-7bc8-40e6-a7ac-743c961d5b0e",
    "name": "other",
    "supercategory": null
  },
  {
    "id": 2,
    "datatorch_id": "98245cc4-3f97-4a16-8793-42b1f206b1ae",
    "name": "form",
    "supercategory": null
  },
  {
    "id": 3,
    "datatorch_id": "bac47c6d-1482-4149-b2f4-48ae401b6fce",
    "name": "report_title",
    "supercategory": null
  },
  {
    "id": 4,
    "datatorch_id": "f67b4326-b7f3-4891-a799-9e158f3f29a3",
    "name": "references",
    "supercategory": null
  },
  {
    "id": 5,
    "datatorch_id": "28540ac5-369f-447d-8dc0-6c623bdeded1",
    "name": "appendix_list",
    "supercategory": null
  },
  {
    "id": 6,
    "datatorch_id": "432d43ae-9402-465b-8bfa-08b71e3f6e70",
    "name": "list",
    "supercategory": null
  },
  {
    "id": 7,
    "datatorch_id": "866cde06-4b95-4b78-9e9d-615eb63f3b30",
    "name": "form_body",
    "supercategory": null
  },
  {
    "id": 8,
    "datatorch_id": "5c08d4fb-994f-42f5-8a08-eff81cd89470",
    "name": "form_title",
    "supercategory": null
  },
  {
    "id": 9,
    "datatorch_id": "7b220ed9-4839-4860-913e-e54f2b08ed1e",
    "name": "cross",
    "supercategory": null
  },
  {
    "id": 10,
    "datatorch_id": "bedfd226-54a1-411d-88c2-e513cc41e676",
    "name": "table_caption",
    "supercategory": null
  },
  {
    "id": 11,
    "datatorch_id": "3a69775c-e544-484e-9882-ad16eb2d72de",
    "name": "table",
    "supercategory": null
  },
  {
    "id": 12,
    "datatorch_id": "c5dfcaed-726f-42cd-8d24-72c5d6ed4f33",
    "name": "figure_caption",
    "supercategory": null
  },
  {
    "id": 13,
    "datatorch_id": "3f471323-e8c5-4b39-989f-cf5be1aec0f9",
    "name": "figure",
    "supercategory": null
  },
  {
    "id": 14,
    "datatorch_id": "99fb551f-c3d7-44ee-bfe4-335664818c3a",
    "name": "list_of_tables",
    "supercategory": null
  },
  {
    "id": 15,
    "datatorch_id": "d21d3657-a407-44b4-95f4-2f3d6302b266",
    "name": "list_of_figures",
    "supercategory": null
  },
  {
    "id": 16,
    "datatorch_id": "ee631f60-9883-4932-8f12-c50dd827cff1",
    "name": "table_of_contents",
    "supercategory": null
  },
  {
    "id": 17,
    "datatorch_id": "01396395-4edf-4a64-aee8-3045d83f9f59",
    "name": "subsubsubsubsection",
    "supercategory": null
  },
  {
    "id": 18,
    "datatorch_id": "60279c59-c020-4f1b-8221-132da3381de0",
    "name": "subsubsubsection",
    "supercategory": null
  },
  {
    "id": 19,
    "datatorch_id": "10a9f994-272f-449d-a0df-80b9119bc1d1",
    "name": "subsubsection",
    "supercategory": null
  },
  {
    "id": 20,
    "datatorch_id": "91510100-a731-4362-93ef-527524a170ce",
    "name": "subsubsection",
    "supercategory": null
  },
  {
    "id": 21,
    "datatorch_id": "b70e14c2-0849-4366-92ab-9a9a19a43234",
    "name": "subsection",
    "supercategory": null
  },
  {
    "id": 22,
    "datatorch_id": "553058cd-78a1-4549-bf72-7e47c9a279a7",
    "name": "summary",
    "supercategory": null
  },
  {
    "id": 23,
    "datatorch_id": "7ee54f92-1d68-40d6-9662-ee8721ea0609",
    "name": "abstract",
    "supercategory": null
  },
  {
    "id": 24,
    "datatorch_id": "e5aba03c-0aa5-4e2d-8318-1070c9c8cbbb",
    "name": "section",
    "supercategory": null
  },
  {
    "id": 25,
    "datatorch_id": "39ef7a9d-1162-4ae4-8624-f78005de7a54",
    "name": "paragraph",
    "supercategory": null
  },
  {
    "id": 26,
    "datatorch_id": "303bd345-80a9-4705-bb6e-cbb51b49d623",
    "name": "title",
    "supercategory": null
  }
],"images": [
  {
    "id": 1,
    "datatorch_id": "de4413a6-43b7-417a-9f70-a3556b13c7a4",
    "storage_id": "379fb094-cabd-4982-968e-525c78f3db91",
    "path": "a072105_mt wall g942-5 2006 - 6337_17418311-08.jpg",
    "width": 1700,
    "height": 2200,
    "file_name": "a072105_mt wall g942-5 2006 - 6337_17418311-08.jpg",
    "metadata": {},
    "date_captured": "2023-09-15T03:00:36.949Z"
  },
  {
    "id": 2,
    "datatorch_id": "51b228c9-5c27-4d84-8076-d4cdff0a3693",
    "storage_id": "379fb094-cabd-4982-968e-525c78f3db91",
    "path": "a072105_mt wall g942-5 2006 - 6337_17418311-07.jpg",
    "width": 1700,
    "height": 2200,
    "file_name": "a072105_mt wall g942-5 2006 - 6337_17418311-07.jpg",
    "metadata": {},
    "date_captured": "2023-09-15T03:00:36.981Z"
  },
  {
    "id": 3,
    "datatorch_id": "50c8a6ba-b888-40de-a0e3-50174aa622cd",
    "storage_id": "379fb094-cabd-4982-968e-525c78f3db91",
    "path": "a072105_mt wall g942-5 2006 - 6337_17418311-19.jpg",
    "width": 2200,
    "height": 1700,
    "file_name": "a072105_mt wall g942-5 2006 - 6337_17418311-19.jpg",
    "metadata": {},
    "date_captured": "2023-09-15T03:00:37.809Z"
  },
  {
    "id": 4,
    "datatorch_id": "d49580ce-bc39-4b79-9714-2acd08799c3a",
    "storage_id": "379fb094-cabd-4982-968e-525c78f3db91",
    "path": "a072105_mt wall g942-5 2006 - 6337_17418311-10.jpg",
    "width": 1700,
    "height": 2200,
    "file_name": "a072105_mt wall g942-5 2006 - 6337_17418311-10.jpg",
    "metadata": {},
    "date_captured": "2023-09-15T03:00:37.746Z"
  },
  {
    "id": 5,
    "datatorch_id": "fe72a23a-f097-4787-b354-f80c9b7cdcb3",
    "storage_id": "379fb094-cabd-4982-968e-525c78f3db91",
    "path": "a072105_mt wall g942-5 2006 - 6337_17418311-16.jpg",
    "width": 1700,
    "height": 2200,
    "file_name": "a072105_mt wall g942-5 2006 - 6337_17418311-16.jpg",
    "metadata": {},
    "date_captured": "2023-09-15T03:00:37.074Z"
  },
  {
    "id": 6,
    "datatorch_id": "7838cfc1-2868-4364-a12f-8891d70b174d",
    "storage_id": "379fb094-cabd-4982-968e-525c78f3db91",
    "path": "a072105_mt wall g942-5 2006 - 6337_17418311-03.jpg",
    "width": 1653,
    "height": 2339,
    "file_name": "a072105_mt wall g942-5 2006 - 6337_17418311-03.jpg",
    "metadata": {},
    "date_captured": "2023-09-15T03:00:36.668Z"
  },
  {
    "id": 7,
    "datatorch_id": "daeba260-77bd-441c-9c44-9ed1beda8735",
    "storage_id": "379fb094-cabd-4982-968e-525c78f3db91",
    "path": "a072105_mt wall g942-5 2006 - 6337_17418311-06.jpg",
    "width": 2339,
    "height": 1653,
    "file_name": "a072105_mt wall g942-5 2006 - 6337_17418311-06.jpg",
    "metadata": {},
    "date_captured": "2023-09-15T03:00:36.715Z"
  },
  {
    "id": 8,
    "datatorch_id": "c4172573-3bee-4648-868d-4a75a96f8af9",
    "storage_id": "379fb094-cabd-4982-968e-525c78f3db91",
    "path": "a072105_mt wall g942-5 2006 - 6337_17418311-09.jpg",
    "width": 2339,
    "height": 1653,
    "file_name": "a072105_mt wall g942-5 2006 - 6337_17418311-09.jpg",
    "metadata": {},
    "date_captured": "2023-09-15T03:00:37.340Z"
  },
  {
    "id": 9,
    "datatorch_id": "d5a06769-1a30-48bd-84c6-8a23583897ff",
    "storage_id": "379fb094-cabd-4982-968e-525c78f3db91",
    "path": "a072105_mt wall g942-5 2006 - 6337_17418311-02.jpg",
    "width": 1700,
    "height": 2200,
    "file_name": "a072105_mt wall g942-5 2006 - 6337_17418311-02.jpg",
    "metadata": {},
    "date_captured": "2023-09-15T03:00:36.668Z"
  },
  {
    "id": 10,
    "datatorch_id": "3e47cad1-21fe-479a-bc2a-b148193bcd35",
    "storage_id": "379fb094-cabd-4982-968e-525c78f3db91",
    "path": "a072105_mt wall g942-5 2006 - 6337_17418311-13.jpg",
    "width": 6623,
    "height": 4678,
    "file_name": "a072105_mt wall g942-5 2006 - 6337_17418311-13.jpg",
    "metadata": {},
    "date_captured": "2023-09-15T03:00:38.434Z"
  },
  {
    "id": 11,
    "datatorch_id": "0368c82d-ac42-4a1a-a8a0-f8eee453a148",
    "storage_id": "379fb094-cabd-4982-968e-525c78f3db91",
    "path": "a072105_mt wall g942-5 2006 - 6337_17418311-12.jpg",
    "width": 9362,
    "height": 6623,
    "file_name": "a072105_mt wall g942-5 2006 - 6337_17418311-12.jpg",
    "metadata": {},
    "date_captured": "2023-09-15T03:00:38.121Z"
  },
  {
    "id": 12,
    "datatorch_id": "e829654a-d137-4f69-9fb1-bde3edaf8b8f",
    "storage_id": "379fb094-cabd-4982-968e-525c78f3db91",
    "path": "a072105_mt wall g942-5 2006 - 6337_17418311-01.jpg",
    "width": 1700,
    "height": 2200,
    "file_name": "a072105_mt wall g942-5 2006 - 6337_17418311-01.jpg",
    "metadata": {},
    "date_captured": "2023-09-15T03:00:36.668Z"
  },
  {
    "id": 13,
    "datatorch_id": "ce71f5be-cd25-47aa-abdd-8aa8915b6493",
    "storage_id": "379fb094-cabd-4982-968e-525c78f3db91",
    "path": "a072105_mt wall g942-5 2006 - 6337_17418311-04.jpg",
    "width": 1653,
    "height": 2339,
    "file_name": "a072105_mt wall g942-5 2006 - 6337_17418311-04.jpg",
    "metadata": {},
    "date_captured": "2023-09-15T03:00:36.746Z"
  },
  {
    "id": 14,
    "datatorch_id": "5951b9e4-067b-494d-8e0c-af8752635ee9",
    "storage_id": "379fb094-cabd-4982-968e-525c78f3db91",
    "path": "a072105_mt wall g942-5 2006 - 6337_17418311-18.jpg",
    "width": 2200,
    "height": 1700,
    "file_name": "a072105_mt wall g942-5 2006 - 6337_17418311-18.jpg",
    "metadata": {},
    "date_captured": "2023-09-15T03:00:38.434Z"
  },
  {
    "id": 15,
    "datatorch_id": "69cccf1c-11c3-4b64-a9c4-c7242e321960",
    "storage_id": "379fb094-cabd-4982-968e-525c78f3db91",
    "path": "a072105_mt wall g942-5 2006 - 6337_17418311-05.jpg",
    "width": 1700,
    "height": 2200,
    "file_name": "a072105_mt wall g942-5 2006 - 6337_17418311-05.jpg",
    "metadata": {},
    "date_captured": "2023-09-15T03:00:36.809Z"
  },
  {
    "id": 16,
    "datatorch_id": "ed2f7fb8-321b-4aa0-a363-7acd73732259",
    "storage_id": "379fb094-cabd-4982-968e-525c78f3db91",
    "path": "a072105_mt wall g942-5 2006 - 6337_17418311-17.jpg",
    "width": 1700,
    "height": 2200,
    "file_name": "a072105_mt wall g942-5 2006 - 6337_17418311-17.jpg",
    "metadata": {},
    "date_captured": "2023-09-15T03:00:37.356Z"
  },
  {
    "id": 17,
    "datatorch_id": "96ecdb61-04e2-42da-b0eb-b8820ef2b412",
    "storage_id": "379fb094-cabd-4982-968e-525c78f3db91",
    "path": "a072105_mt wall g942-5 2006 - 6337_17418311-14.jpg",
    "width": 1700,
    "height": 2200,
    "file_name": "a072105_mt wall g942-5 2006 - 6337_17418311-14.jpg",
    "metadata": {},
    "date_captured": "2023-09-15T03:00:37.371Z"
  },
  {
    "id": 18,
    "datatorch_id": "179e123d-10b5-4adf-9bd5-baf1c96325e8",
    "storage_id": "379fb094-cabd-4982-968e-525c78f3db91",
    "path": "a072105_mt wall g942-5 2006 - 6337_17418311-15.jpg",
    "width": 1700,
    "height": 2200,
    "file_name": "a072105_mt wall g942-5 2006 - 6337_17418311-15.jpg",
    "metadata": {},
    "date_captured": "2023-09-15T03:00:37.403Z"
  },
  {
    "id": 19,
    "datatorch_id": "422902be-dbe0-4fed-aaf4-fb436260eca6",
    "storage_id": "379fb094-cabd-4982-968e-525c78f3db91",
    "path": "a072105_mt wall g942-5 2006 - 6337_17418311-11.jpg",
    "width": 1700,
    "height": 2200,
    "file_name": "a072105_mt wall g942-5 2006 - 6337_17418311-11.jpg",
    "metadata": {},
    "date_captured": "2023-09-15T03:00:37.559Z"
  }
],"annotations": [
{"id":1,"datatorch_id":"0a3b2751-2b7a-4451-9c2e-5596bc96cff4","image_id":9,"category_id":22,"segmentation":[[134.379675585525,339.662001043334,1293.101480096805,339.662001043334,1293.101480096805,1088.985309314011,134.379675585525,1088.985309314011]],"area":868257.26,"bbox":[134.379675585525,339.662001043334,1158.72180451128,749.323308270677],"iscrowd":0,"metadata":{}},
{"id":2,"datatorch_id":"0b59a215-718e-4427-81e0-233f24577d19","image_id":3,"category_id":11,"segmentation":[[20.7798379811,132.58396804446,2130.4335569622003,132.58396804446,2130.4335569622003,1549.5155703452,20.7798379811,1549.5155703452]],"area":2989235.02,"bbox":[20.7798379811,132.58396804446,2109.6537189811,1416.93160230074],"iscrowd":0,"metadata":{}},
{"id":3,"datatorch_id":"0c5066eb-6b10-468d-b0bb-ca10896b1b6c","image_id":12,"category_id":3,"segmentation":[[462.312006412592,595.639444652357,1374.15411167575,595.639444652357,1374.15411167575,1315.1883168328081,462.312006412592,1315.1883168328081]],"area":656114.96,"bbox":[462.312006412592,595.639444652357,911.842105263158,719.548872180451],"iscrowd":0,"metadata":{}},
{"id":4,"datatorch_id":"14ce3d4c-e1a8-40c6-8d20-1c3668795039","image_id":8,"category_id":13,"segmentation":[[69.1436624751598,54.7124416779493,2257.75576436505,54.7124416779493,2257.75576436505,1632.2401327214993,69.1436624751598,1632.2401327214993]],"area":3452596.2,"bbox":[69.1436624751598,54.7124416779493,2188.61210188989,1577.52769104355],"iscrowd":0,"metadata":{}},
{"id":5,"datatorch_id":"1ab874f0-a31a-4084-bf95-bd3e0f882880","image_id":19,"category_id":25,"segmentation":[[214.191705660713,902.068016080928,1484.567645510333,902.068016080928,1484.567645510333,1018.6845574343121,214.191705660713,1018.6845574343121]],"area":148146.85,"bbox":[214.191705660713,902.068016080928,1270.37593984962,116.616541353384],"iscrowd":0,"metadata":{}},
{"id":6,"datatorch_id":"2525f57e-d31b-4858-be03-ca74aa2a5a4c","image_id":17,"category_id":25,"segmentation":[[192.988998893796,201.065309314011,1433.590502653196,201.065309314011,1433.590502653196,307.757038637319,192.988998893796,307.757038637319]],"area":132361.92,"bbox":[192.988998893796,201.065309314011,1240.6015037594,106.691729323308],"iscrowd":0,"metadata":{}},
{"id":7,"datatorch_id":"26d940aa-eeb4-419c-96db-22ee7126e9c4","image_id":19,"category_id":21,"segmentation":[[283.665389871239,1249.43643713356,601.259374833645,1249.43643713356,601.259374833645,1294.0980912688985,283.665389871239,1294.0980912688985]],"area":14184.27,"bbox":[283.665389871239,1249.43643713356,317.593984962406,44.6616541353385],"iscrowd":0,"metadata":{}},
{"id":8,"datatorch_id":"2f296730-5c76-4368-96ef-a85dd48c7aea","image_id":18,"category_id":4,"segmentation":[[110.312006412592,94.43643713356,1456.1165176907919,94.43643713356,1456.1165176907919,1931.51914390048,110.312006412592,1931.51914390048]],"area":2472354.19,"bbox":[110.312006412592,94.43643713356,1345.8045112782,1837.08270676692],"iscrowd":0,"metadata":{}},
{"id":9,"datatorch_id":"33aedc26-172d-4f64-8647-0434d8ee92ec","image_id":19,"category_id":25,"segmentation":[[209.229299645675,462.895083750101,1494.492457540415,462.895083750101,1494.492457540415,596.880046156116,209.229299645675,596.880046156116]],"area":172205.94,"bbox":[209.229299645675,462.895083750101,1285.26315789474,133.984962406015],"iscrowd":0,"metadata":{}},
{"id":10,"datatorch_id":"361bcbdf-0dcb-408c-bc70-f92acecdbc4c","image_id":19,"category_id":21,"segmentation":[[298.552607916352,1703.4965875095,571.4849387434199,1703.4965875095,571.4849387434199,1748.1582416448382,298.552607916352,1748.1582416448382]],"area":12189.61,"bbox":[298.552607916352,1703.4965875095,272.932330827068,44.6616541353383],"iscrowd":0,"metadata":{}},
{"id":11,"datatorch_id":"441b7622-eeeb-4a01-a1bd-738bafcfc1d7","image_id":9,"category_id":5,"segmentation":[[208.815765811088,1572.81989578018,1025.131555284772,1572.81989578018,1025.131555284772,1853.1958356298042,208.815765811088,1853.1958356298042]],"area":228875.31,"bbox":[208.815765811088,1572.81989578018,816.315789473684,280.375939849624],"iscrowd":0,"metadata":{}},
{"id":12,"datatorch_id":"44f8ab69-26f5-419c-97cc-16e80dfeb42d","image_id":16,"category_id":3,"segmentation":[[382.499976337404,854.925158938071,1211.221780848682,854.925158938071,1211.221780848682,1112.9702717200262,382.499976337404,1112.9702717200262]],"area":213847.61,"bbox":[382.499976337404,854.925158938071,828.721804511278,258.045112781955],"iscrowd":0,"metadata":{}},
{"id":13,"datatorch_id":"4662dab6-1b69-449e-a321-11a728a7ad9e","image_id":14,"category_id":13,"segmentation":[[67.0882291068187,177.996885053498,2136.2581880221887,177.996885053498,2136.2581880221887,1474.9766056779881,67.0882291068187,1474.9766056779881]],"area":2683671.48,"bbox":[67.0882291068187,177.996885053498,2069.16995891537,1296.97972062449],"iscrowd":0,"metadata":{}},
{"id":14,"datatorch_id":"4a717f1f-2912-4015-9bb5-d26153e3274c","image_id":9,"category_id":15,"segmentation":[[151.748096638156,1136.12816645687,1298.0638861118362,1136.12816645687,1298.0638861118362,1572.819895780178,151.748096638156,1572.819895780178]],"area":500586.62,"bbox":[151.748096638156,1136.12816645687,1146.31578947368,436.691729323308],"iscrowd":0,"metadata":{}},
{"id":15,"datatorch_id":"4d23e721-fcff-49b6-b674-e47f36c60d5d","image_id":19,"category_id":24,"segmentation":[[204.266893630637,1033.57177547942,685.620277089284,1033.57177547942,685.620277089284,1098.0830536749088,204.266893630637,1098.0830536749088]],"area":31052.72,"bbox":[204.266893630637,1033.57177547942,481.353383458647,64.5112781954888],"iscrowd":0,"metadata":{}},
{"id":16,"datatorch_id":"5159f509-f677-4ed9-a604-8a4e53204da3","image_id":19,"category_id":25,"segmentation":[[209.229299645675,294.173279238823,1484.5676455103348,294.173279238823,1484.5676455103348,393.4213995395749,209.229299645675,393.4213995395749]],"area":126574.93,"bbox":[209.229299645675,294.173279238823,1275.33834586466,99.2481203007519],"iscrowd":0,"metadata":{}},
{"id":17,"datatorch_id":"56cd28cc-39c5-44b5-907a-d2795a4115e4","image_id":4,"category_id":24,"segmentation":[[184.483434984021,1114.40936946439,702.5586229539459,1114.40936946439,702.5586229539459,1193.0138807425853,184.483434984021,1193.0138807425853]],"area":40723.05,"bbox":[184.483434984021,1114.40936946439,518.075187969925,78.6045112781953],"iscrowd":0,"metadata":{}},
{"id":18,"datatorch_id":"584279e9-5c3e-46d3-9379-c9ddb8ba6094","image_id":5,"category_id":4,"segmentation":[[159.423284608081,81.1537303666426,1502.845840999061,81.1537303666426,1502.845840999061,574.2183920207776,159.423284608081,574.2183920207776]],"area":662394.19,"bbox":[159.423284608081,81.1537303666426,1343.42255639098,493.064661654135],"iscrowd":0,"metadata":{}},
{"id":19,"datatorch_id":"5b5194bb-636d-457b-b60d-908f35822ce4","image_id":19,"category_id":25,"segmentation":[[209.229299645675,1098.08305367491,1474.642833480265,1098.08305367491,1474.642833480265,1241.9928281109999,209.229299645675,1241.9928281109999]],"area":182105.38,"bbox":[209.229299645675,1098.08305367491,1265.41353383459,143.90977443609],"iscrowd":0,"metadata":{}},
{"id":20,"datatorch_id":"66a778aa-6cce-4a89-aa76-5b1379686d72","image_id":15,"category_id":13,"segmentation":[[202.199224457705,1005.94771532905,1482.499976337405,1005.94771532905,1482.499976337405,1744.353730366644,202.199224457705,1744.353730366644]],"area":945381.78,"bbox":[202.199224457705,1005.94771532905,1280.3007518797,738.406015037594],"iscrowd":0,"metadata":{}},
{"id":21,"datatorch_id":"6c3cad20-bb57-45cb-83b4-56d651e17139","image_id":1,"category_id":24,"segmentation":[[188.784186863719,101.780798035815,599.671404908832,101.780798035815,599.671404908832,199.9371890132595,188.784186863719,199.9371890132595]],"area":40331.21,"bbox":[188.784186863719,101.780798035815,410.887218045113,98.1563909774445],"iscrowd":0,"metadata":{}},
{"id":22,"datatorch_id":"75920bca-9b0e-4376-9983-d0eae11d5000","image_id":17,"category_id":21,"segmentation":[[289.755916187029,126.629219088447,733.891254532894,126.629219088447,733.891254532894,193.6217002914545,289.755916187029,193.6217002914545]],"area":29753.73,"bbox":[289.755916187029,126.629219088447,444.135338345865,66.9924812030075],"iscrowd":0,"metadata":{}},
{"id":23,"datatorch_id":"76e88c65-15d4-4397-a2b8-a107d2dc29a7","image_id":19,"category_id":21,"segmentation":[[209.229299645675,413.271023599725,618.627795886277,413.271023599725,618.627795886277,462.8950837501009,209.229299645675,462.8950837501009]],"area":20316.02,"bbox":[209.229299645675,413.271023599725,409.398496240602,49.6240601503759],"iscrowd":0,"metadata":{}},
{"id":24,"datatorch_id":"7a4ce315-d9ab-4ddf-9f33-9af9878a57c4","image_id":12,"category_id":3,"segmentation":[[1201.46238235244,165.150722847846,1502.184186863718,165.150722847846,1502.184186863718,245.54170029145502,1201.46238235244,245.54170029145502]],"area":24175.32,"bbox":[1201.46238235244,165.150722847846,300.721804511278,80.390977443609],"iscrowd":0,"metadata":{}},
{"id":25,"datatorch_id":"a0d3ae95-fc25-4d2e-963e-1cb131931dfb","image_id":17,"category_id":4,"segmentation":[[150.507495134397,748.233429614763,1537.499976337407,748.233429614763,1537.499976337407,1839.9627529230331,150.507495134397,1839.9627529230331]],"area":1514220.36,"bbox":[150.507495134397,748.233429614763,1386.99248120301,1091.72932330827],"iscrowd":0,"metadata":{}},
{"id":26,"datatorch_id":"a51d18ba-31e7-4419-9a49-6a3d543e1477","image_id":6,"category_id":3,"segmentation":[[101.453941007772,202.66840368615,1567.1100312333322,202.66840368615,1567.1100312333322,1791.78148639292,101.453941007772,1791.78148639292]],"area":2329093.27,"bbox":[101.453941007772,202.66840368615,1465.65609022556,1589.11308270677],"iscrowd":0,"metadata":{}},
{"id":27,"datatorch_id":"abdab2ec-9d97-4ad4-a733-7d3c8c886576","image_id":19,"category_id":25,"segmentation":[[219.15411167575,663.872527359124,1479.6052394953,663.872527359124,1479.6052394953,840.037940892959,219.15411167575,840.037940892959]],"area":222047.89,"bbox":[219.15411167575,663.872527359124,1260.45112781955,176.165413533835],"iscrowd":0,"metadata":{}},
{"id":28,"datatorch_id":"b57877bf-39dd-4063-a8d7-07244b80ae3e","image_id":19,"category_id":25,"segmentation":[[201.785690623119,1321.3913243516,1514.3420816005591,1321.3913243516,1514.3420816005591,1683.6469634493449,201.785690623119,1683.6469634493449]],"area":475480.95,"bbox":[201.785690623119,1321.3913243516,1312.55639097744,362.255639097745],"iscrowd":0,"metadata":{}},
{"id":29,"datatorch_id":"b67f27ff-01ae-4f73-86bd-5e8a2df2076d","image_id":19,"category_id":25,"segmentation":[[191.860878593043,1760.56425668243,1544.116517690783,1760.56425668243,1544.116517690783,1936.729670216264,191.860878593043,1936.729670216264]],"area":238220.67,"bbox":[191.860878593043,1760.56425668243,1352.25563909774,176.165413533834],"iscrowd":0,"metadata":{}},
{"id":30,"datatorch_id":"bb9d08ba-de0f-46a5-b985-7ed95a9e27b3","image_id":2,"category_id":25,"segmentation":[[213.695465059209,1608.7973393892,1458.266893630639,1608.7973393892,1458.266893630639,2049.70711382529,213.695465059209,2049.70711382529]],"area":548743.71,"bbox":[213.695465059209,1608.7973393892,1244.57142857143,440.90977443609],"iscrowd":0,"metadata":{}},
{"id":31,"datatorch_id":"bc5baa47-0cf2-4169-b66a-20d58338a29c","image_id":2,"category_id":24,"segmentation":[[195.582683104321,849.962752923033,739.379675585524,849.962752923033,739.379675585524,899.5868130734091,195.582683104321,899.5868130734091]],"area":26985.41,"bbox":[195.582683104321,849.962752923033,543.796992481203,49.6240601503761],"iscrowd":0,"metadata":{}},
{"id":32,"datatorch_id":"c6806625-5a98-4fd9-b3b5-791a2cab6420","image_id":4,"category_id":25,"segmentation":[[191.629299645675,1239.46200104333,1542.197720698305,1239.46200104333,1542.197720698305,2086.246963449345,191.629299645675,2086.246963449345]],"area":1143641.03,"bbox":[191.629299645675,1239.46200104333,1350.56842105263,846.784962406015],"iscrowd":0,"metadata":{}},
{"id":33,"datatorch_id":"cb52cf33-52dc-4b3c-aeae-24367729d3b1","image_id":2,"category_id":24,"segmentation":[[207.740577841164,135.210873223785,520.372156788532,135.210873223785,520.372156788532,194.7597454042361,207.740577841164,194.7597454042361]],"area":18616.86,"bbox":[207.740577841164,135.210873223785,312.631578947368,59.5488721804511],"iscrowd":0,"metadata":{}},
{"id":34,"datatorch_id":"d233b526-bdcf-420d-8182-c92a3062ea00","image_id":2,"category_id":25,"segmentation":[[195.582683104321,899.586813073409,1511.860878593041,899.586813073409,1511.860878593041,1516.744707810251,195.582683104321,1516.744707810251]],"area":812351.48,"bbox":[195.582683104321,899.586813073409,1316.27819548872,617.157894736842],"iscrowd":0,"metadata":{}},
{"id":35,"datatorch_id":"d2aa9e4e-4f6a-4466-9c59-18ca230e8973","image_id":15,"category_id":22,"segmentation":[[160.515013931389,270.519143900477,1536.0939612998088,270.519143900477,1536.0939612998088,979.1507228478449,160.515013931389,979.1507228478449]],"area":974778.68,"bbox":[160.515013931389,270.519143900477,1375.57894736842,708.631578947368],"iscrowd":0,"metadata":{}},
{"id":36,"datatorch_id":"d4c47b01-d182-45c7-a771-7cc8be825bf2","image_id":17,"category_id":11,"segmentation":[[185.545389871239,307.75703863732,1537.499976337409,307.75703863732,1537.499976337409,748.233429614764,185.545389871239,748.233429614764]],"area":595504.08,"bbox":[185.545389871239,307.75703863732,1351.95458646617,440.476390977444],"iscrowd":0,"metadata":{}},
{"id":37,"datatorch_id":"d8802279-58fc-4602-b517-728c770aed32","image_id":13,"category_id":13,"segmentation":[[61.937151534088,94.5819826335192,1596.6025349927381,94.5819826335192,1596.6025349927381,2256.029020227509,61.937151534088,2256.029020227509]],"area":3317097.95,"bbox":[61.937151534088,94.5819826335192,1534.66538345865,2161.44703759399],"iscrowd":0,"metadata":{}},
{"id":38,"datatorch_id":"d94539c7-3460-48ba-b779-df389fce77e1","image_id":10,"category_id":13,"segmentation":[[13.6965411715533,61.345919405484,6558.809625805894,61.345919405484,6558.809625805894,4597.786367721014,13.6965411715533,4597.786367721014]],"area":29691515.74,"bbox":[13.6965411715533,61.345919405484,6545.11308463434,4536.44044831553],"iscrowd":0,"metadata":{}},
{"id":39,"datatorch_id":"e186bda4-defa-4dbe-b2d3-3b3ce670f9a9","image_id":4,"category_id":13,"segmentation":[[177.337570322367,106.842452171154,1524.333059044167,106.842452171154,1524.333059044167,1075.107113825289,177.337570322367,1075.107113825289]],"area":1304248.13,"bbox":[177.337570322367,106.842452171154,1346.9954887218,968.264661654135],"iscrowd":0,"metadata":{}},
{"id":40,"datatorch_id":"e28fb650-7828-477d-bb09-55700bdaf4df","image_id":1,"category_id":25,"segmentation":[[211.439224457705,199.93718901326,1490.548998893795,199.93718901326,1490.548998893795,1375.43192585536,211.439224457705,1375.43192585536]],"area":1503586.81,"bbox":[211.439224457705,199.93718901326,1279.10977443609,1175.4947368421],"iscrowd":0,"metadata":{}},
{"id":41,"datatorch_id":"eb1b177c-742e-4953-b6d4-05ed36119ec4","image_id":2,"category_id":24,"segmentation":[[191.447344758457,1550.90260254709,915.131555284773,1550.90260254709,915.131555284773,1608.7973393891955,191.447344758457,1608.7973393891955]],"area":41897.51,"bbox":[191.447344758457,1550.90260254709,723.684210526316,57.8947368421054],"iscrowd":0,"metadata":{}},
{"id":42,"datatorch_id":"ed44986a-13b3-47e3-a784-269abe157d8d","image_id":11,"category_id":13,"segmentation":[[55.3257164013248,105.010346309415,9227.470202843395,105.010346309415,9227.470202843395,6485.632597747374,55.3257164013248,6485.632597747374]],"area":58523989.2,"bbox":[55.3257164013248,105.010346309415,9172.14448644207,6380.62225143796],"iscrowd":0,"metadata":{}},
{"id":43,"datatorch_id":"efe0836f-e7e0-47c2-b61f-8dc0e256250d","image_id":19,"category_id":21,"segmentation":[[219.15411167575,619.210873223785,598.778171826126,619.210873223785,598.778171826126,663.8725273591234,219.15411167575,663.8725273591234]],"area":16954.64,"bbox":[219.15411167575,619.210873223785,379.624060150376,44.6616541353384],"iscrowd":0,"metadata":{}},
{"id":44,"datatorch_id":"f182dca4-4d9d-4041-ac85-36b6e860dcaf","image_id":19,"category_id":21,"segmentation":[[214.191705660713,864.849970968146,601.2593748336451,864.849970968146,601.2593748336451,902.0680160809278,214.191705660713,902.0680160809278]],"area":14405.9,"bbox":[214.191705660713,864.849970968146,387.067669172932,37.2180451127819],"iscrowd":0,"metadata":{}},
{"id":45,"datatorch_id":"f93e48de-22c0-4405-8fe7-e922de94a24d","image_id":2,"category_id":25,"segmentation":[[207.740577841164,194.759745404237,1502.928547765974,194.759745404237,1502.928547765974,825.977790517019,207.740577841164,825.977790517019]],"area":817546.02,"bbox":[207.740577841164,194.759745404237,1295.18796992481,631.218045112782],"iscrowd":0,"metadata":{}},
{"id":46,"datatorch_id":"ffa66027-46d0-468b-9b26-69cfe89ec63c","image_id":7,"category_id":13,"segmentation":[[63.9159878654638,61.5699207247856,2292.3814208975136,61.5699207247856,2292.3814208975136,1629.1342789827956,63.9159878654638,1629.1342789827956]],"area":3493262.99,"bbox":[63.9159878654638,61.5699207247856,2228.46543303205,1567.56435825801],"iscrowd":0,"metadata":{}}
]}