{"info": {"year":2023,"version":"0.1.0","description":"","url":"","date_created":1695180536612},"categories": [
  {
    "id": 1,
    "datatorch_id": "efdc34be-7bc8-40e6-a7ac-743c961d5b0e",
    "name": "other",
    "supercategory": null
  },
  {
    "id": 2,
    "datatorch_id": "98245cc4-3f97-4a16-8793-42b1f206b1ae",
    "name": "form",
    "supercategory": null
  },
  {
    "id": 3,
    "datatorch_id": "bac47c6d-1482-4149-b2f4-48ae401b6fce",
    "name": "report_title",
    "supercategory": null
  },
  {
    "id": 4,
    "datatorch_id": "f67b4326-b7f3-4891-a799-9e158f3f29a3",
    "name": "references",
    "supercategory": null
  },
  {
    "id": 5,
    "datatorch_id": "28540ac5-369f-447d-8dc0-6c623bdeded1",
    "name": "appendix_list",
    "supercategory": null
  },
  {
    "id": 6,
    "datatorch_id": "432d43ae-9402-465b-8bfa-08b71e3f6e70",
    "name": "list",
    "supercategory": null
  },
  {
    "id": 7,
    "datatorch_id": "866cde06-4b95-4b78-9e9d-615eb63f3b30",
    "name": "form_body",
    "supercategory": null
  },
  {
    "id": 8,
    "datatorch_id": "5c08d4fb-994f-42f5-8a08-eff81cd89470",
    "name": "form_title",
    "supercategory": null
  },
  {
    "id": 9,
    "datatorch_id": "7b220ed9-4839-4860-913e-e54f2b08ed1e",
    "name": "cross",
    "supercategory": null
  },
  {
    "id": 10,
    "datatorch_id": "bedfd226-54a1-411d-88c2-e513cc41e676",
    "name": "table_caption",
    "supercategory": null
  },
  {
    "id": 11,
    "datatorch_id": "3a69775c-e544-484e-9882-ad16eb2d72de",
    "name": "table",
    "supercategory": null
  },
  {
    "id": 12,
    "datatorch_id": "c5dfcaed-726f-42cd-8d24-72c5d6ed4f33",
    "name": "figure_caption",
    "supercategory": null
  },
  {
    "id": 13,
    "datatorch_id": "3f471323-e8c5-4b39-989f-cf5be1aec0f9",
    "name": "figure",
    "supercategory": null
  },
  {
    "id": 14,
    "datatorch_id": "99fb551f-c3d7-44ee-bfe4-335664818c3a",
    "name": "list_of_tables",
    "supercategory": null
  },
  {
    "id": 15,
    "datatorch_id": "d21d3657-a407-44b4-95f4-2f3d6302b266",
    "name": "list_of_figures",
    "supercategory": null
  },
  {
    "id": 16,
    "datatorch_id": "ee631f60-9883-4932-8f12-c50dd827cff1",
    "name": "table_of_contents",
    "supercategory": null
  },
  {
    "id": 17,
    "datatorch_id": "01396395-4edf-4a64-aee8-3045d83f9f59",
    "name": "subsubsubsubsection",
    "supercategory": null
  },
  {
    "id": 18,
    "datatorch_id": "60279c59-c020-4f1b-8221-132da3381de0",
    "name": "subsubsubsection",
    "supercategory": null
  },
  {
    "id": 19,
    "datatorch_id": "10a9f994-272f-449d-a0df-80b9119bc1d1",
    "name": "subsubsection",
    "supercategory": null
  },
  {
    "id": 20,
    "datatorch_id": "91510100-a731-4362-93ef-527524a170ce",
    "name": "subsubsection",
    "supercategory": null
  },
  {
    "id": 21,
    "datatorch_id": "b70e14c2-0849-4366-92ab-9a9a19a43234",
    "name": "subsection",
    "supercategory": null
  },
  {
    "id": 22,
    "datatorch_id": "553058cd-78a1-4549-bf72-7e47c9a279a7",
    "name": "summary",
    "supercategory": null
  },
  {
    "id": 23,
    "datatorch_id": "7ee54f92-1d68-40d6-9662-ee8721ea0609",
    "name": "abstract",
    "supercategory": null
  },
  {
    "id": 24,
    "datatorch_id": "e5aba03c-0aa5-4e2d-8318-1070c9c8cbbb",
    "name": "section",
    "supercategory": null
  },
  {
    "id": 25,
    "datatorch_id": "39ef7a9d-1162-4ae4-8624-f78005de7a54",
    "name": "paragraph",
    "supercategory": null
  },
  {
    "id": 26,
    "datatorch_id": "303bd345-80a9-4705-bb6e-cbb51b49d623",
    "name": "title",
    "supercategory": null
  }
],"images": [
  {
    "id": 1,
    "datatorch_id": "eea1fa55-02ad-4fc1-9dad-438c02e1cd8f",
    "storage_id": "379fb094-cabd-4982-968e-525c78f3db91",
    "path": "a072076_e28_1318_2005a_12116914-18.jpg",
    "width": 1653,
    "height": 2339,
    "file_name": "a072076_e28_1318_2005a_12116914-18.jpg",
    "metadata": {},
    "date_captured": "2023-09-15T02:38:33.760Z"
  },
  {
    "id": 2,
    "datatorch_id": "f695522b-c82c-42f1-b0d9-5a107c47d84f",
    "storage_id": "379fb094-cabd-4982-968e-525c78f3db91",
    "path": "a072076_e28_1318_2005a_12116914-15.jpg",
    "width": 1653,
    "height": 2339,
    "file_name": "a072076_e28_1318_2005a_12116914-15.jpg",
    "metadata": {},
    "date_captured": "2023-09-15T02:38:33.901Z"
  },
  {
    "id": 3,
    "datatorch_id": "7822a38a-8eef-4026-bd2b-65f955cdb71d",
    "storage_id": "379fb094-cabd-4982-968e-525c78f3db91",
    "path": "a072076_e28_1318_2005a_12116914-02.jpg",
    "width": 1653,
    "height": 2339,
    "file_name": "a072076_e28_1318_2005a_12116914-02.jpg",
    "metadata": {},
    "date_captured": "2023-09-15T02:38:33.979Z"
  },
  {
    "id": 4,
    "datatorch_id": "70354324-0b2c-4a2d-85a4-cb4d0858f74b",
    "storage_id": "379fb094-cabd-4982-968e-525c78f3db91",
    "path": "a072076_e28_1318_2005a_12116914-12.jpg",
    "width": 1653,
    "height": 2339,
    "file_name": "a072076_e28_1318_2005a_12116914-12.jpg",
    "metadata": {},
    "date_captured": "2023-09-15T02:38:34.338Z"
  },
  {
    "id": 5,
    "datatorch_id": "9bb17d9a-978b-4f49-8173-e53508ea54b2",
    "storage_id": "379fb094-cabd-4982-968e-525c78f3db91",
    "path": "a072076_e28_1318_2005a_12116914-05.jpg",
    "width": 1653,
    "height": 2339,
    "file_name": "a072076_e28_1318_2005a_12116914-05.jpg",
    "metadata": {},
    "date_captured": "2023-09-15T02:38:34.572Z"
  },
  {
    "id": 6,
    "datatorch_id": "d7e4820f-4f56-44bd-a9b9-8a9c121f333f",
    "storage_id": "379fb094-cabd-4982-968e-525c78f3db91",
    "path": "a072076_e28_1318_2005a_12116914-11.jpg",
    "width": 1653,
    "height": 2339,
    "file_name": "a072076_e28_1318_2005a_12116914-11.jpg",
    "metadata": {},
    "date_captured": "2023-09-15T02:38:34.541Z"
  },
  {
    "id": 7,
    "datatorch_id": "504cd4de-a4f1-48c1-bef5-ee5b45e1df3e",
    "storage_id": "379fb094-cabd-4982-968e-525c78f3db91",
    "path": "a072076_e28_1318_2005a_12116914-19.jpg",
    "width": 1653,
    "height": 2339,
    "file_name": "a072076_e28_1318_2005a_12116914-19.jpg",
    "metadata": {},
    "date_captured": "2023-09-15T02:38:33.697Z"
  },
  {
    "id": 8,
    "datatorch_id": "3185fbdb-a720-43fc-87af-d8155b818a00",
    "storage_id": "379fb094-cabd-4982-968e-525c78f3db91",
    "path": "a072076_e28_1318_2005a_12116914-04.jpg",
    "width": 1653,
    "height": 2339,
    "file_name": "a072076_e28_1318_2005a_12116914-04.jpg",
    "metadata": {},
    "date_captured": "2023-09-15T02:38:33.979Z"
  },
  {
    "id": 9,
    "datatorch_id": "7ab0e13a-61f6-4842-8108-c0932522dd32",
    "storage_id": "379fb094-cabd-4982-968e-525c78f3db91",
    "path": "a072076_e28_1318_2005a_12116914-03.jpg",
    "width": 1653,
    "height": 2339,
    "file_name": "a072076_e28_1318_2005a_12116914-03.jpg",
    "metadata": {},
    "date_captured": "2023-09-15T02:38:34.291Z"
  },
  {
    "id": 10,
    "datatorch_id": "1dff794c-b42d-49fe-872d-5fc95cf11ea2",
    "storage_id": "379fb094-cabd-4982-968e-525c78f3db91",
    "path": "a072076_e28_1318_2005a_12116914-01.jpg",
    "width": 1653,
    "height": 2339,
    "file_name": "a072076_e28_1318_2005a_12116914-01.jpg",
    "metadata": {},
    "date_captured": "2023-09-15T02:38:33.776Z"
  },
  {
    "id": 11,
    "datatorch_id": "bdc4d3b3-f185-42cf-bfc9-292fa9245250",
    "storage_id": "379fb094-cabd-4982-968e-525c78f3db91",
    "path": "a072076_e28_1318_2005a_12116914-10.jpg",
    "width": 1653,
    "height": 2339,
    "file_name": "a072076_e28_1318_2005a_12116914-10.jpg",
    "metadata": {},
    "date_captured": "2023-09-15T02:38:34.291Z"
  },
  {
    "id": 12,
    "datatorch_id": "428c6ee1-5354-4650-9687-d6540eb49ad4",
    "storage_id": "379fb094-cabd-4982-968e-525c78f3db91",
    "path": "a072076_e28_1318_2005a_12116914-16.jpg",
    "width": 1653,
    "height": 2339,
    "file_name": "a072076_e28_1318_2005a_12116914-16.jpg",
    "metadata": {},
    "date_captured": "2023-09-15T02:38:34.369Z"
  },
  {
    "id": 13,
    "datatorch_id": "6a91d4d1-e617-4fce-9d4e-6dc37e6e81d1",
    "storage_id": "379fb094-cabd-4982-968e-525c78f3db91",
    "path": "a072076_e28_1318_2005a_12116914-14.jpg",
    "width": 1653,
    "height": 2339,
    "file_name": "a072076_e28_1318_2005a_12116914-14.jpg",
    "metadata": {},
    "date_captured": "2023-09-15T02:38:34.385Z"
  },
  {
    "id": 14,
    "datatorch_id": "124ec766-4910-4d8d-b37f-99d244481334",
    "storage_id": "379fb094-cabd-4982-968e-525c78f3db91",
    "path": "a072076_e28_1318_2005a_12116914-07.jpg",
    "width": 1653,
    "height": 2339,
    "file_name": "a072076_e28_1318_2005a_12116914-07.jpg",
    "metadata": {},
    "date_captured": "2023-09-15T02:38:34.588Z"
  },
  {
    "id": 15,
    "datatorch_id": "16ec0061-d5bc-42b6-8f0b-3373c08021aa",
    "storage_id": "379fb094-cabd-4982-968e-525c78f3db91",
    "path": "a072076_e28_1318_2005a_12116914-08.jpg",
    "width": 1653,
    "height": 2339,
    "file_name": "a072076_e28_1318_2005a_12116914-08.jpg",
    "metadata": {},
    "date_captured": "2023-09-15T02:38:34.635Z"
  },
  {
    "id": 16,
    "datatorch_id": "b98878b6-0501-499b-9057-af9dea06c080",
    "storage_id": "379fb094-cabd-4982-968e-525c78f3db91",
    "path": "a072076_e28_1318_2005a_12116914-06.jpg",
    "width": 1653,
    "height": 2339,
    "file_name": "a072076_e28_1318_2005a_12116914-06.jpg",
    "metadata": {},
    "date_captured": "2023-09-15T02:38:34.338Z"
  },
  {
    "id": 17,
    "datatorch_id": "6e5eca85-8aee-47b2-947b-8a9acbf0c20f",
    "storage_id": "379fb094-cabd-4982-968e-525c78f3db91",
    "path": "a072076_e28_1318_2005a_12116914-17.jpg",
    "width": 1653,
    "height": 2339,
    "file_name": "a072076_e28_1318_2005a_12116914-17.jpg",
    "metadata": {},
    "date_captured": "2023-09-15T02:38:34.369Z"
  },
  {
    "id": 18,
    "datatorch_id": "ba0cbf89-3c7d-40ab-84dc-1e56cf772b69",
    "storage_id": "379fb094-cabd-4982-968e-525c78f3db91",
    "path": "a072076_e28_1318_2005a_12116914-09.jpg",
    "width": 1653,
    "height": 2339,
    "file_name": "a072076_e28_1318_2005a_12116914-09.jpg",
    "metadata": {},
    "date_captured": "2023-09-15T02:38:34.447Z"
  },
  {
    "id": 19,
    "datatorch_id": "8203b54b-a125-41f5-90c6-52d421258217",
    "storage_id": "379fb094-cabd-4982-968e-525c78f3db91",
    "path": "a072076_e28_1318_2005a_12116914-13.jpg",
    "width": 1653,
    "height": 2339,
    "file_name": "a072076_e28_1318_2005a_12116914-13.jpg",
    "metadata": {},
    "date_captured": "2023-09-15T02:38:34.572Z"
  }
],"annotations": [
{"id":1,"datatorch_id":"00eb2249-f8c7-4f14-8a80-51c87ee2cb72","image_id":3,"category_id":14,"segmentation":[[195.907333488976,1494.47875857337,1544.4375590528862,1494.47875857337,1544.4375590528862,1735.061615716227,195.907333488976,1735.061615716227]],"area":324433.25,"bbox":[195.907333488976,1494.47875857337,1348.53022556391,240.582857142857],"iscrowd":0,"metadata":{}},
{"id":2,"datatorch_id":"08491e6f-86b3-4a3a-a4f8-cf308c06202f","image_id":8,"category_id":25,"segmentation":[[215.502174090479,250.767388648557,1545.039016195739,250.767388648557,1545.039016195739,1140.2908472951729,215.502174090479,1140.2908472951729]],"area":1182654.21,"bbox":[215.502174090479,250.767388648557,1329.53684210526,889.523458646616],"iscrowd":0,"metadata":{}},
{"id":3,"datatorch_id":"09c9454e-2d13-4720-84bf-035c507bbc31","image_id":1,"category_id":21,"segmentation":[[205.636166571682,491.332659325248,612.727685368674,491.332659325248,612.727685368674,606.5591856410371,205.636166571682,606.5591856410371]],"area":46907.74,"bbox":[205.636166571682,491.332659325248,407.091518796992,115.226526315789],"iscrowd":0,"metadata":{}},
{"id":4,"datatorch_id":"0c4171e8-3098-4cf7-a8b1-aab2c1452736","image_id":6,"category_id":13,"segmentation":[[65.5775500303286,98.2047946635941,1591.3793545416086,98.2047946635941,1591.3793545416086,2234.960433761334,65.5775500303286,2234.960433761334]],"area":3260265.61,"bbox":[65.5775500303286,98.2047946635941,1525.80180451128,2136.75563909774],"iscrowd":0,"metadata":{}},
{"id":5,"datatorch_id":"0e0a2730-6e6d-4247-892c-218795e5da36","image_id":18,"category_id":25,"segmentation":[[203.895106421306,89.4994939117147,1536.597512436346,89.4994939117147,1536.597512436346,415.5525766184817,203.895106421306,415.5525766184817]],"area":434531.73,"bbox":[203.895106421306,89.4994939117147,1332.70240601504,326.053082706767],"iscrowd":0,"metadata":{}},
{"id":6,"datatorch_id":"0eec6f85-5802-4c33-85f1-3cb2feeeb6e9","image_id":19,"category_id":24,"segmentation":[[220.953978601757,102.970726994422,619.815031233336,102.970726994422,619.815031233336,140.9574939117152,220.953978601757,140.9574939117152]],"area":15151.44,"bbox":[220.953978601757,102.970726994422,398.861052631579,37.9867669172932],"iscrowd":0,"metadata":{}},
{"id":7,"datatorch_id":"11b59be6-ad37-4e68-81c0-62e3d9dcb674","image_id":9,"category_id":22,"segmentation":[[201.345068827321,88.5322382726167,457.75574551905004,88.5322382726167,457.75574551905004,151.8435164681054,201.345068827321,151.8435164681054]],"area":16233.69,"bbox":[201.345068827321,88.5322382726167,256.410676691729,63.3112781954887],"iscrowd":0,"metadata":{}},
{"id":8,"datatorch_id":"1d5ba8fe-be7b-413e-9c6c-15c4b241fc3a","image_id":14,"category_id":25,"segmentation":[[216.926677849878,193.628960077128,1538.866166571678,193.628960077128,1538.866166571678,562.1005991748721,216.926677849878,562.1005991748721]],"area":487097.21,"bbox":[216.926677849878,193.628960077128,1321.9394887218,368.471639097744],"iscrowd":0,"metadata":{}},
{"id":9,"datatorch_id":"28daf73e-958c-405b-9184-7e72e7726f92","image_id":19,"category_id":25,"segmentation":[[179.168534992735,235.924411204948,1527.698760556645,235.924411204948,1527.698760556645,2218.833644287658,179.168534992735,2218.833644287658]],"area":2674013.04,"bbox":[179.168534992735,235.924411204948,1348.53022556391,1982.90923308271],"iscrowd":0,"metadata":{}},
{"id":10,"datatorch_id":"2d146cc2-d700-45ec-bcad-a795def2af0a","image_id":14,"category_id":25,"segmentation":[[201.73197108296,1010.34444879893,1561.65822672206,1010.34444879893,1561.65822672206,2146.148779626,201.73197108296,2146.148779626]],"area":1544610.13,"bbox":[201.73197108296,1010.34444879893,1359.9262556391,1135.80433082707],"iscrowd":0,"metadata":{}},
{"id":11,"datatorch_id":"353e7179-fc5a-4933-b3ec-220549227e39","image_id":12,"category_id":13,"segmentation":[[57.9274372483738,93.1926518064514,1612.2193169476238,93.1926518064514,1612.2193169476238,2223.6171630846516,57.9274372483738,2223.6171630846516]],"area":3311301.52,"bbox":[57.9274372483738,93.1926518064514,1554.29187969925,2130.4245112782],"iscrowd":0,"metadata":{}},
{"id":12,"datatorch_id":"386f9b6d-2487-4022-bcf1-510c23220728","image_id":18,"category_id":21,"segmentation":[[218.667738000253,1538.9760352651,507.789241759651,1538.9760352651,507.789241759651,1659.619193159837,218.667738000253,1659.619193159837]],"area":34880.53,"bbox":[218.667738000253,1538.9760352651,289.121503759398,120.643157894737],"iscrowd":0,"metadata":{}},
{"id":13,"datatorch_id":"3c0f356a-3937-491f-9b2f-b1458d726ad9","image_id":16,"category_id":13,"segmentation":[[50.5657425115321,68.0264187237449,1614.101068827322,68.0264187237449,1614.101068827322,2260.622605189905,50.5657425115321,2260.622605189905]],"area":3428201.59,"bbox":[50.5657425115321,68.0264187237449,1563.53532631579,2192.59618646616],"iscrowd":0,"metadata":{}},
{"id":14,"datatorch_id":"3e3bf219-8e2a-4520-be20-f792fa879e52","image_id":15,"category_id":21,"segmentation":[[184.919309428825,1591.43646383653,686.3446327370959,1591.43646383653,686.3446327370959,1656.0139675959285,184.919309428825,1656.0139675959285]],"area":32380.8,"bbox":[184.919309428825,1591.43646383653,501.425323308271,64.5775037593985],"iscrowd":0,"metadata":{}},
{"id":15,"datatorch_id":"50a1a2f1-9e80-48cb-ba64-9b8961232dca","image_id":2,"category_id":25,"segmentation":[[225.684738000253,587.759253310211,1547.624226722053,587.759253310211,1547.624226722053,834.673238272617,225.684738000253,834.673238272617]],"area":326405.35,"bbox":[225.684738000253,587.759253310211,1321.9394887218,246.913984962406],"iscrowd":0,"metadata":{}},
{"id":16,"datatorch_id":"50b7e52d-553f-4ed9-a806-79c1e7a34491","image_id":2,"category_id":20,"segmentation":[[218.087384616795,504.188366092166,848.667715443863,504.188366092166,848.667715443863,587.7592533102111,218.087384616795,587.7592533102111]],"area":52698.16,"bbox":[218.087384616795,504.188366092166,630.580330827068,83.5708872180451],"iscrowd":0,"metadata":{}},
{"id":17,"datatorch_id":"55f59010-646e-4650-8fb3-0eaf786ead8b","image_id":13,"category_id":21,"segmentation":[[205.038226722058,1000.39050894931,613.923565067923,1000.39050894931,613.923565067923,1066.3397570696106,205.038226722058,1066.3397570696106]],"area":26965.68,"bbox":[205.038226722058,1000.39050894931,408.885338345865,65.9492481203008],"iscrowd":0,"metadata":{}},
{"id":18,"datatorch_id":"5bd2ea63-0cca-452d-a65e-ee4df9d6ea66","image_id":18,"category_id":21,"segmentation":[[216.557362060404,415.552576618482,428.65014401529095,415.552576618482,428.65014401529095,494.69167436284295,216.557362060404,494.69167436284295]],"area":16784.83,"bbox":[216.557362060404,415.552576618482,212.092781954887,79.1390977443609],"iscrowd":0,"metadata":{}},
{"id":19,"datatorch_id":"5e64bc95-c855-4e43-ae5f-53149b914f53","image_id":9,"category_id":25,"segmentation":[[166.523865819802,202.492539024496,1546.709730481452,202.492539024496,1546.709730481452,1215.472990152316,166.523865819802,1215.472990152316]],"area":1398101.3,"bbox":[166.523865819802,202.492539024496,1380.18586466165,1012.98045112782],"iscrowd":0,"metadata":{}},
{"id":20,"datatorch_id":"60a88344-6b53-4512-a50e-d2012c98d458","image_id":14,"category_id":21,"segmentation":[[213.128001158148,896.384148047053,627.183760556644,896.384148047053,627.183760556644,1010.3444487989331,213.128001158148,1010.3444487989331]],"area":47185.92,"bbox":[213.128001158148,896.384148047053,414.055759398496,113.96030075188],"iscrowd":0,"metadata":{}},
{"id":21,"datatorch_id":"65726d3e-0650-4bd4-afde-f4a08c3f4dc0","image_id":5,"category_id":13,"segmentation":[[64.6982267220578,85.8942683478051,1596.8311590528879,85.8942683478051,1596.8311590528879,2235.312163084645,64.6982267220578,2235.312163084645]],"area":3293193.94,"bbox":[64.6982267220578,85.8942683478051,1532.13293233083,2149.41789473684],"iscrowd":0,"metadata":{}},
{"id":22,"datatorch_id":"6be831b3-583b-412a-82ee-7d1a9f901a85","image_id":14,"category_id":24,"segmentation":[[220.725354541607,102.460719475625,547.411550030329,102.460719475625,547.411550030329,140.4474863929182,220.725354541607,140.4474863929182]],"area":12409.75,"bbox":[220.725354541607,102.460719475625,326.686195488722,37.9867669172932],"iscrowd":0,"metadata":{}},
{"id":23,"datatorch_id":"7e2b335a-d604-4e31-8419-dd49bb77c8fa","image_id":2,"category_id":20,"segmentation":[[180.100617699502,55.9445164681057,939.835956045367,55.9445164681057,939.835956045367,158.5087871447977,180.100617699502,158.5087871447977]],"area":77921.7,"bbox":[180.100617699502,55.9445164681057,759.735338345865,102.564270676692],"iscrowd":0,"metadata":{}},
{"id":24,"datatorch_id":"7f10e33f-9feb-45a8-9bb3-5f695df826df","image_id":3,"category_id":15,"segmentation":[[183.245077849878,1054.46537511472,1550.7686868724381,1054.46537511472,1550.7686868724381,1494.4787585733661,183.245077849878,1494.4787585733661]],"area":601728.69,"bbox":[183.245077849878,1054.46537511472,1367.52360902256,440.013383458646],"iscrowd":0,"metadata":{}},
{"id":25,"datatorch_id":"8725f09e-3bb3-4562-a0c9-45920f161ae2","image_id":13,"category_id":20,"segmentation":[[218.228076346118,1683.62471947562,585.785219203261,1683.62471947562,585.785219203261,1730.2288548139682,218.228076346118,1730.2288548139682]],"area":17129.68,"bbox":[218.228076346118,1683.62471947562,367.557142857143,46.6041353383482],"iscrowd":0,"metadata":{}},
{"id":26,"datatorch_id":"87305dc2-2b9a-441f-9ba8-12376743586b","image_id":7,"category_id":24,"segmentation":[[215.660452285968,91.3882803778802,462.574437248374,91.3882803778802,462.574437248374,161.0306863929178,215.660452285968,161.0306863929178]],"area":17195.68,"bbox":[215.660452285968,91.3882803778802,246.913984962406,69.6424060150376],"iscrowd":0,"metadata":{}},
{"id":27,"datatorch_id":"885fccc6-1f7f-412f-86c8-6bd8ee1bc9e1","image_id":13,"category_id":21,"segmentation":[[210.314166571682,280.224719475624,962.135595143111,280.224719475624,962.135595143111,346.1739675959248,210.314166571682,346.1739675959248]],"area":49582.06,"bbox":[210.314166571682,280.224719475624,751.821428571429,65.9492481203008],"iscrowd":0,"metadata":{}},
{"id":28,"datatorch_id":"8d86f543-8444-4239-bece-0f1e5cd94627","image_id":13,"category_id":25,"segmentation":[[189.210407173186,346.173967595925,1566.230707925066,346.173967595925,1566.230707925066,776.163065340286,189.210407173186,776.163065340286]],"area":592103.72,"bbox":[189.210407173186,346.173967595925,1377.02030075188,429.989097744361],"iscrowd":0,"metadata":{}},
{"id":29,"datatorch_id":"8df56eea-00f0-43c7-a4b0-79e6a4162d09","image_id":15,"category_id":21,"segmentation":[[192.516662812284,75.764463836527,788.908903413788,75.764463836527,788.908903413788,170.7313811297601,192.516662812284,170.7313811297601]],"area":56637.53,"bbox":[192.516662812284,75.764463836527,596.392240601504,94.9669172932331],"iscrowd":0,"metadata":{}},
{"id":30,"datatorch_id":"933e1ce6-5682-4c5d-8a4f-c27bc238ca2e","image_id":18,"category_id":25,"segmentation":[[216.557362060404,1659.61919315983,1596.7432267220538,1659.61919315983,1596.7432267220538,2105.963704438026,216.557362060404,2105.963704438026]],"area":616038.39,"bbox":[216.557362060404,1659.61919315983,1380.18586466165,446.344511278196],"iscrowd":0,"metadata":{}},
{"id":31,"datatorch_id":"9d8f50a9-ac3b-482b-afcd-5add763505d9","image_id":14,"category_id":11,"segmentation":[[224.735068827321,655.695772107204,1525.254241759651,655.695772107204,1525.254241759651,774.404418723745,224.735068827321,774.404418723745]],"area":154382.87,"bbox":[224.735068827321,655.695772107204,1300.51917293233,118.708646616541],"iscrowd":0,"metadata":{}},
{"id":32,"datatorch_id":"9dd7a681-1d37-4445-b88a-80f57f1b19c0","image_id":13,"category_id":25,"segmentation":[[218.228076346118,1290.56720067863,1534.575068827318,1290.56720067863,1534.575068827318,1683.624719475622,218.228076346118,1683.624719475622]],"area":517400.08,"bbox":[218.228076346118,1290.56720067863,1316.3469924812,393.057518796992],"iscrowd":0,"metadata":{}},
{"id":33,"datatorch_id":"9e192a24-b77d-41a1-9966-49e80293a9ec","image_id":1,"category_id":25,"segmentation":[[205.636166571682,219.094163084647,1535.173008676942,219.094163084647,1535.173008676942,500.196238272617,205.636166571682,500.196238272617]],"area":373735.57,"bbox":[205.636166571682,219.094163084647,1329.53684210526,281.10207518797],"iscrowd":0,"metadata":{}},
{"id":34,"datatorch_id":"a25182fe-e0b4-49ba-93e8-fcfcf17ca66c","image_id":17,"category_id":13,"segmentation":[[51.6842417596517,99.9634412801363,1618.6383770980017,99.9634412801363,1618.6383770980017,2236.7190803778767,51.6842417596517,2236.7190803778767]],"area":3348198.08,"bbox":[51.6842417596517,99.9634412801363,1566.95413533835,2136.75563909774],"iscrowd":0,"metadata":{}},
{"id":35,"datatorch_id":"a28b2f29-0947-440e-b234-5d1c6115d0dd","image_id":19,"category_id":21,"segmentation":[[220.953978601757,140.957493911715,669.1978282258169,140.957493911715,669.1978282258169,235.92441120494811,220.953978601757,235.92441120494811]],"area":42568.34,"bbox":[220.953978601757,140.957493911715,448.24384962406,94.9669172932331],"iscrowd":0,"metadata":{}},
{"id":36,"datatorch_id":"ab3c2d7b-4cd2-47df-9736-caa919762ed5","image_id":13,"category_id":24,"segmentation":[[218.667738000253,855.302163084647,614.363226722058,855.302163084647,614.363226722058,905.8632533102108,218.667738000253,905.8632533102108]],"area":20006.8,"bbox":[218.667738000253,855.302163084647,395.695488721805,50.5610902255638],"iscrowd":0,"metadata":{}},
{"id":37,"datatorch_id":"ada4c21c-0b1a-4bab-9e1c-552bfdc8e47f","image_id":15,"category_id":25,"segmentation":[[219.107399654389,1712.99411797187,1525.852181609279,1712.99411797187,1525.852181609279,2130.848554062095,219.107399654389,2130.848554062095]],"area":546029.1,"bbox":[219.107399654389,1712.99411797187,1306.74478195489,417.854436090225],"iscrowd":0,"metadata":{}},
{"id":38,"datatorch_id":"b4c2891b-dfb6-4061-a83a-ae95c94b5b1d","image_id":7,"category_id":5,"segmentation":[[218.826016195742,214.845272859083,1523.038347022812,214.845272859083,1523.038347022812,556.726175114722,218.826016195742,556.726175114722]],"area":445885.29,"bbox":[218.826016195742,214.845272859083,1304.21233082707,341.880902255639],"iscrowd":0,"metadata":{}},
{"id":39,"datatorch_id":"b56e1ee8-989f-4bae-b2c1-e4314e72abc3","image_id":13,"category_id":25,"segmentation":[[205.10857258672,84.1004487989329,1563.13548987995,84.1004487989329,1563.13548987995,255.0408999267529,205.10857258672,255.0408999267529]],"area":232141.73,"bbox":[205.10857258672,84.1004487989329,1358.02691729323,170.94045112782],"iscrowd":0,"metadata":{}},
{"id":40,"datatorch_id":"b7947ad5-bff9-4952-9294-c7b455f2055b","image_id":4,"category_id":13,"segmentation":[[54.7618733385995,71.7195766184814,1623.6153470228096,71.7195766184814,1623.6153470228096,2233.1666142124714,54.7618733385995,2233.1666142124714]],"area":3390993.69,"bbox":[54.7618733385995,71.7195766184814,1568.85347368421,2161.44703759399],"iscrowd":0,"metadata":{}},
{"id":41,"datatorch_id":"baf87dbe-b17d-4485-b8f2-98fd155f1528","image_id":13,"category_id":25,"segmentation":[[231.417925970178,1103.27133601698,1492.367550030328,1103.27133601698,1492.367550030328,1192.962313460589,231.417925970178,1192.962313460589]],"area":113095.8,"bbox":[231.417925970178,1103.27133601698,1260.94962406015,89.690977443609],"iscrowd":0,"metadata":{}},
{"id":42,"datatorch_id":"c593f962-2c3c-4652-89e0-17fb19696fd7","image_id":18,"category_id":25,"segmentation":[[218.667738000253,534.34915556585,1550.8425500303329,534.34915556585,1550.8425500303329,1538.9760352651,218.667738000253,1538.9760352651]],"area":1338338.62,"bbox":[218.667738000253,534.34915556585,1332.17481203008,1004.62687969925],"iscrowd":0,"metadata":{}},
{"id":43,"datatorch_id":"d63ff902-2118-40fe-9871-ef25daf0bff3","image_id":14,"category_id":24,"segmentation":[[220.725354541607,805.215907445549,452.444632737096,805.215907445549,452.444632737096,854.5987044380302,220.725354541607,854.5987044380302]],"area":11442.95,"bbox":[220.725354541607,805.215907445549,231.719278195489,49.3827969924812],"iscrowd":0,"metadata":{}},
{"id":44,"datatorch_id":"d8092d15-6381-42c4-9332-49af3eea7079","image_id":13,"category_id":20,"segmentation":[[209.874504917546,1209.22979466359,963.894241759651,1209.22979466359,963.894241759651,1259.7908848891539,209.874504917546,1259.7908848891539]],"area":38124.06,"bbox":[209.874504917546,1209.22979466359,754.019736842105,50.5610902255639],"iscrowd":0,"metadata":{}},
{"id":45,"datatorch_id":"df16bd00-d7e3-432d-8daa-f9dd49ff3b3d","image_id":14,"category_id":10,"segmentation":[[224.735068827321,562.100599174873,652.08619664687,562.100599174873,652.08619664687,655.6957721072039,224.735068827321,655.6957721072039]],"area":39998,"bbox":[224.735068827321,562.100599174873,427.351127819549,93.5951729323309],"iscrowd":0,"metadata":{}},
{"id":46,"datatorch_id":"e1ef9bf5-1bcc-4307-ba5e-5901735891bf","image_id":13,"category_id":25,"segmentation":[[226.141986120554,1754.84990744555,1513.471309428824,1754.84990744555,1513.471309428824,2058.216448798933,226.141986120554,2058.216448798933]],"area":390532.64,"bbox":[226.141986120554,1754.84990744555,1287.32932330827,303.366541353383],"iscrowd":0,"metadata":{}},
{"id":47,"datatorch_id":"e225b46e-77f6-48ea-a6d5-04505908d0cc","image_id":11,"category_id":13,"segmentation":[[44.8958658198023,68.2726292500605,1628.9440462709324,68.2726292500605,1628.9440462709324,2263.9077570696104,44.8958658198023,2263.9077570696104]],"area":3477991.83,"bbox":[44.8958658198023,68.2726292500605,1584.04818045113,2195.63512781955],"iscrowd":0,"metadata":{}},
{"id":48,"datatorch_id":"e7692906-9dce-4b46-814e-fd23988380a4","image_id":1,"category_id":25,"segmentation":[[213.233519955141,606.559185641038,1546.569038752131,606.559185641038,1546.569038752131,705.3247796260003,213.233519955141,705.3247796260003]],"area":131687.67,"bbox":[213.233519955141,606.559185641038,1333.33551879699,98.7655939849624],"iscrowd":0,"metadata":{}},
{"id":49,"datatorch_id":"ede9a73b-15c8-4f45-84a2-b14e77e0ce7e","image_id":1,"category_id":24,"segmentation":[[194.873249278449,95.637170603444,505.098512436344,95.637170603444,505.098512436344,155.7828848891583,194.873249278449,155.7828848891583]],"area":18658.72,"bbox":[194.873249278449,95.637170603444,310.225263157895,60.1457142857143],"iscrowd":0,"metadata":{}},
{"id":50,"datatorch_id":"ee0f4d20-d290-442e-bf62-7bb657a1dda6","image_id":15,"category_id":25,"segmentation":[[211.51004627093,170.73138112976,1541.0468883761898,170.73138112976,1541.0468883761898,1542.05366684405,211.51004627093,1542.05366684405]],"area":1823223.5,"bbox":[211.51004627093,170.73138112976,1329.53684210526,1371.32228571429],"iscrowd":0,"metadata":{}},
{"id":51,"datatorch_id":"f404ef6f-b36c-40a4-9c7e-d2fee740700e","image_id":2,"category_id":25,"segmentation":[[180.100617699502,158.508787144797,1559.020256797242,158.508787144797,1559.020256797242,504.188366092165,180.100617699502,504.188366092165]],"area":476664.36,"bbox":[180.100617699502,158.508787144797,1378.91963909774,345.679578947368],"iscrowd":0,"metadata":{}},
{"id":52,"datatorch_id":"f871dd19-68e8-4c60-a180-b14b19ca59a0","image_id":10,"category_id":1,"segmentation":[[181.296497398749,1795.298779626,1545.1269485265689,1795.298779626,1545.1269485265689,2093.389381129759,181.296497398749,2093.389381129759]],"area":406545.04,"bbox":[181.296497398749,1795.298779626,1363.83045112782,298.090601503759],"iscrowd":0,"metadata":{}},
{"id":53,"datatorch_id":"fc9ed919-ad24-4cab-980a-825ec0beb962","image_id":10,"category_id":3,"segmentation":[[96.8814598047645,502.693516468105,1600.5243169476246,502.693516468105,1600.5243169476246,1763.643140528255,96.8814598047645,1763.643140528255]],"area":1896017.9,"bbox":[96.8814598047645,502.693516468105,1503.64285714286,1260.94962406015],"iscrowd":0,"metadata":{}},
{"id":54,"datatorch_id":"ff58084d-e12d-48f9-9034-413391778b15","image_id":3,"category_id":16,"segmentation":[[167.417258301005,120.624021731264,1626.742220707015,120.624021731264,1626.742220707015,1054.465375114722,167.417258301005,1054.465375114722]],"area":1362778,"bbox":[167.417258301005,120.624021731264,1459.32496240601,933.841353383458],"iscrowd":0,"metadata":{}}
]}