{"info": {"year":2023,"version":"0.1.0","description":"","url":"","date_created":1695180794266},"categories": [
  {
    "id": 1,
    "datatorch_id": "efdc34be-7bc8-40e6-a7ac-743c961d5b0e",
    "name": "other",
    "supercategory": null
  },
  {
    "id": 2,
    "datatorch_id": "98245cc4-3f97-4a16-8793-42b1f206b1ae",
    "name": "form",
    "supercategory": null
  },
  {
    "id": 3,
    "datatorch_id": "bac47c6d-1482-4149-b2f4-48ae401b6fce",
    "name": "report_title",
    "supercategory": null
  },
  {
    "id": 4,
    "datatorch_id": "f67b4326-b7f3-4891-a799-9e158f3f29a3",
    "name": "references",
    "supercategory": null
  },
  {
    "id": 5,
    "datatorch_id": "28540ac5-369f-447d-8dc0-6c623bdeded1",
    "name": "appendix_list",
    "supercategory": null
  },
  {
    "id": 6,
    "datatorch_id": "432d43ae-9402-465b-8bfa-08b71e3f6e70",
    "name": "list",
    "supercategory": null
  },
  {
    "id": 7,
    "datatorch_id": "866cde06-4b95-4b78-9e9d-615eb63f3b30",
    "name": "form_body",
    "supercategory": null
  },
  {
    "id": 8,
    "datatorch_id": "5c08d4fb-994f-42f5-8a08-eff81cd89470",
    "name": "form_title",
    "supercategory": null
  },
  {
    "id": 9,
    "datatorch_id": "7b220ed9-4839-4860-913e-e54f2b08ed1e",
    "name": "cross",
    "supercategory": null
  },
  {
    "id": 10,
    "datatorch_id": "bedfd226-54a1-411d-88c2-e513cc41e676",
    "name": "table_caption",
    "supercategory": null
  },
  {
    "id": 11,
    "datatorch_id": "3a69775c-e544-484e-9882-ad16eb2d72de",
    "name": "table",
    "supercategory": null
  },
  {
    "id": 12,
    "datatorch_id": "c5dfcaed-726f-42cd-8d24-72c5d6ed4f33",
    "name": "figure_caption",
    "supercategory": null
  },
  {
    "id": 13,
    "datatorch_id": "3f471323-e8c5-4b39-989f-cf5be1aec0f9",
    "name": "figure",
    "supercategory": null
  },
  {
    "id": 14,
    "datatorch_id": "99fb551f-c3d7-44ee-bfe4-335664818c3a",
    "name": "list_of_tables",
    "supercategory": null
  },
  {
    "id": 15,
    "datatorch_id": "d21d3657-a407-44b4-95f4-2f3d6302b266",
    "name": "list_of_figures",
    "supercategory": null
  },
  {
    "id": 16,
    "datatorch_id": "ee631f60-9883-4932-8f12-c50dd827cff1",
    "name": "table_of_contents",
    "supercategory": null
  },
  {
    "id": 17,
    "datatorch_id": "01396395-4edf-4a64-aee8-3045d83f9f59",
    "name": "subsubsubsubsection",
    "supercategory": null
  },
  {
    "id": 18,
    "datatorch_id": "60279c59-c020-4f1b-8221-132da3381de0",
    "name": "subsubsubsection",
    "supercategory": null
  },
  {
    "id": 19,
    "datatorch_id": "10a9f994-272f-449d-a0df-80b9119bc1d1",
    "name": "subsubsection",
    "supercategory": null
  },
  {
    "id": 20,
    "datatorch_id": "91510100-a731-4362-93ef-527524a170ce",
    "name": "subsubsection",
    "supercategory": null
  },
  {
    "id": 21,
    "datatorch_id": "b70e14c2-0849-4366-92ab-9a9a19a43234",
    "name": "subsection",
    "supercategory": null
  },
  {
    "id": 22,
    "datatorch_id": "553058cd-78a1-4549-bf72-7e47c9a279a7",
    "name": "summary",
    "supercategory": null
  },
  {
    "id": 23,
    "datatorch_id": "7ee54f92-1d68-40d6-9662-ee8721ea0609",
    "name": "abstract",
    "supercategory": null
  },
  {
    "id": 24,
    "datatorch_id": "e5aba03c-0aa5-4e2d-8318-1070c9c8cbbb",
    "name": "section",
    "supercategory": null
  },
  {
    "id": 25,
    "datatorch_id": "39ef7a9d-1162-4ae4-8624-f78005de7a54",
    "name": "paragraph",
    "supercategory": null
  },
  {
    "id": 26,
    "datatorch_id": "303bd345-80a9-4705-bb6e-cbb51b49d623",
    "name": "title",
    "supercategory": null
  }
],"images": [
  {
    "id": 1,
    "datatorch_id": "91ed7c6d-8d6f-48be-b28d-f4e912fd9023",
    "storage_id": "379fb094-cabd-4982-968e-525c78f3db91",
    "path": "a072120_p31_1618_a2004_15669440-18.jpg",
    "width": 1700,
    "height": 2200,
    "file_name": "a072120_p31_1618_a2004_15669440-18.jpg",
    "metadata": {},
    "date_captured": "2023-09-15T08:49:13.678Z"
  },
  {
    "id": 2,
    "datatorch_id": "3560d6e0-8b98-4b31-88f5-2b617dcfa0a7",
    "storage_id": "379fb094-cabd-4982-968e-525c78f3db91",
    "path": "a072120_p31_1618_a2004_15669440-17.jpg",
    "width": 1700,
    "height": 2200,
    "file_name": "a072120_p31_1618_a2004_15669440-17.jpg",
    "metadata": {},
    "date_captured": "2023-09-15T08:49:13.960Z"
  },
  {
    "id": 3,
    "datatorch_id": "c105e9d0-f301-47c1-9c55-ba19edb4f78f",
    "storage_id": "379fb094-cabd-4982-968e-525c78f3db91",
    "path": "a072120_p31_1618_a2004_15669440-01.jpg",
    "width": 1700,
    "height": 2200,
    "file_name": "a072120_p31_1618_a2004_15669440-01.jpg",
    "metadata": {},
    "date_captured": "2023-09-15T08:49:13.991Z"
  },
  {
    "id": 4,
    "datatorch_id": "426f27f0-2e95-4e56-8c66-ca0a0c1c20d7",
    "storage_id": "379fb094-cabd-4982-968e-525c78f3db91",
    "path": "a072120_p31_1618_a2004_15669440-16.jpg",
    "width": 1653,
    "height": 2339,
    "file_name": "a072120_p31_1618_a2004_15669440-16.jpg",
    "metadata": {},
    "date_captured": "2023-09-15T08:49:14.100Z"
  },
  {
    "id": 5,
    "datatorch_id": "6262acb8-035f-4ca3-877f-cd6ed1750831",
    "storage_id": "379fb094-cabd-4982-968e-525c78f3db91",
    "path": "a072120_p31_1618_a2004_15669440-15.jpg",
    "width": 1700,
    "height": 2200,
    "file_name": "a072120_p31_1618_a2004_15669440-15.jpg",
    "metadata": {},
    "date_captured": "2023-09-15T08:49:14.241Z"
  },
  {
    "id": 6,
    "datatorch_id": "77e321df-d890-4ccb-a235-a9749b873232",
    "storage_id": "379fb094-cabd-4982-968e-525c78f3db91",
    "path": "a072120_p31_1618_a2004_15669440-08.jpg",
    "width": 1700,
    "height": 2200,
    "file_name": "a072120_p31_1618_a2004_15669440-08.jpg",
    "metadata": {},
    "date_captured": "2023-09-15T08:49:14.335Z"
  },
  {
    "id": 7,
    "datatorch_id": "84562fef-c569-4f5a-9ed3-5069fca5b79e",
    "storage_id": "379fb094-cabd-4982-968e-525c78f3db91",
    "path": "a072120_p31_1618_a2004_15669440-03.jpg",
    "width": 1700,
    "height": 2200,
    "file_name": "a072120_p31_1618_a2004_15669440-03.jpg",
    "metadata": {},
    "date_captured": "2023-09-15T08:49:14.335Z"
  },
  {
    "id": 8,
    "datatorch_id": "8b57e275-e862-43cf-9a5a-237a6c8d743a",
    "storage_id": "379fb094-cabd-4982-968e-525c78f3db91",
    "path": "a072120_p31_1618_a2004_15669440-02.jpg",
    "width": 1700,
    "height": 2200,
    "file_name": "a072120_p31_1618_a2004_15669440-02.jpg",
    "metadata": {},
    "date_captured": "2023-09-15T08:49:14.335Z"
  },
  {
    "id": 9,
    "datatorch_id": "efe432a5-9136-42d9-b895-d185bcb27aca",
    "storage_id": "379fb094-cabd-4982-968e-525c78f3db91",
    "path": "a072120_p31_1618_a2004_15669440-14.jpg",
    "width": 1700,
    "height": 2200,
    "file_name": "a072120_p31_1618_a2004_15669440-14.jpg",
    "metadata": {},
    "date_captured": "2023-09-15T08:49:14.428Z"
  },
  {
    "id": 10,
    "datatorch_id": "684d7d36-97a4-4032-bff4-06a363ea8673",
    "storage_id": "379fb094-cabd-4982-968e-525c78f3db91",
    "path": "a072120_p31_1618_a2004_15669440-04.jpg",
    "width": 1700,
    "height": 2200,
    "file_name": "a072120_p31_1618_a2004_15669440-04.jpg",
    "metadata": {},
    "date_captured": "2023-09-15T08:49:14.507Z"
  },
  {
    "id": 11,
    "datatorch_id": "2d5ffb11-7e57-43a6-9468-73abfad5a78b",
    "storage_id": "379fb094-cabd-4982-968e-525c78f3db91",
    "path": "a072120_p31_1618_a2004_15669440-12.jpg",
    "width": 1653,
    "height": 2339,
    "file_name": "a072120_p31_1618_a2004_15669440-12.jpg",
    "metadata": {},
    "date_captured": "2023-09-15T08:49:14.538Z"
  },
  {
    "id": 12,
    "datatorch_id": "f833a51b-ef38-48db-b612-58283b48c4c6",
    "storage_id": "379fb094-cabd-4982-968e-525c78f3db91",
    "path": "a072120_p31_1618_a2004_15669440-10.jpg",
    "width": 1700,
    "height": 2200,
    "file_name": "a072120_p31_1618_a2004_15669440-10.jpg",
    "metadata": {},
    "date_captured": "2023-09-15T08:49:14.616Z"
  },
  {
    "id": 13,
    "datatorch_id": "ec3694d9-c16f-49a8-ad67-c09eaa8f1cfc",
    "storage_id": "379fb094-cabd-4982-968e-525c78f3db91",
    "path": "a072120_p31_1618_a2004_15669440-11.jpg",
    "width": 1653,
    "height": 2339,
    "file_name": "a072120_p31_1618_a2004_15669440-11.jpg",
    "metadata": {},
    "date_captured": "2023-09-15T08:49:14.632Z"
  },
  {
    "id": 14,
    "datatorch_id": "6dea42df-2b7e-4f49-8adf-561f411c946d",
    "storage_id": "379fb094-cabd-4982-968e-525c78f3db91",
    "path": "a072120_p31_1618_a2004_15669440-09.jpg",
    "width": 1653,
    "height": 2339,
    "file_name": "a072120_p31_1618_a2004_15669440-09.jpg",
    "metadata": {},
    "date_captured": "2023-09-15T08:49:14.647Z"
  },
  {
    "id": 15,
    "datatorch_id": "9cf26af8-c4be-490f-b96f-ef5dbcc1049f",
    "storage_id": "379fb094-cabd-4982-968e-525c78f3db91",
    "path": "a072120_p31_1618_a2004_15669440-07.jpg",
    "width": 1700,
    "height": 2200,
    "file_name": "a072120_p31_1618_a2004_15669440-07.jpg",
    "metadata": {},
    "date_captured": "2023-09-15T08:49:14.335Z"
  },
  {
    "id": 16,
    "datatorch_id": "88c8830e-df8b-4188-8a0e-fa64cf0d4bd2",
    "storage_id": "379fb094-cabd-4982-968e-525c78f3db91",
    "path": "a072120_p31_1618_a2004_15669440-13.jpg",
    "width": 1700,
    "height": 2200,
    "file_name": "a072120_p31_1618_a2004_15669440-13.jpg",
    "metadata": {},
    "date_captured": "2023-09-15T08:49:14.600Z"
  },
  {
    "id": 17,
    "datatorch_id": "db79dfd2-c058-4e15-9978-0e7fa2f8f3a4",
    "storage_id": "379fb094-cabd-4982-968e-525c78f3db91",
    "path": "a072120_p31_1618_a2004_15669440-05.jpg",
    "width": 1653,
    "height": 2339,
    "file_name": "a072120_p31_1618_a2004_15669440-05.jpg",
    "metadata": {},
    "date_captured": "2023-09-15T08:49:14.632Z"
  },
  {
    "id": 18,
    "datatorch_id": "b0416eb0-a1d3-4389-80ae-5c716178adb9",
    "storage_id": "379fb094-cabd-4982-968e-525c78f3db91",
    "path": "a072120_p31_1618_a2004_15669440-06.jpg",
    "width": 1653,
    "height": 2339,
    "file_name": "a072120_p31_1618_a2004_15669440-06.jpg",
    "metadata": {},
    "date_captured": "2023-09-15T08:49:14.335Z"
  }
],"annotations": [
{"id":1,"datatorch_id":"04a8c1eb-e9e8-4238-8853-816f92afb594","image_id":16,"category_id":21,"segmentation":[[261.632307164472,189.714632622282,690.3841868637201,189.714632622282,690.3841868637201,239.7356852538609,261.632307164472,239.7356852538609]],"area":21446.62,"bbox":[261.632307164472,189.714632622282,428.751879699248,50.0210526315789],"iscrowd":0,"metadata":{}},
{"id":2,"datatorch_id":"05165705-608b-47a1-ac65-9229fd0b13ed","image_id":8,"category_id":16,"segmentation":[[211.131555284773,182.022903298973,1529.543585359963,182.022903298973,1529.543585359963,1010.943204050852,211.131555284773,1010.943204050852]],"area":1092858.5,"bbox":[211.131555284773,182.022903298973,1318.41203007519,828.920300751879],"iscrowd":0,"metadata":{}},
{"id":3,"datatorch_id":"0933da6b-00c9-4168-844b-a3f4e86deef0","image_id":16,"category_id":21,"segmentation":[[254.486442502818,1454.53267773506,615.352607916352,1454.53267773506,615.352607916352,1540.2830536749098,254.486442502818,1540.2830536749098]],"area":30944.41,"bbox":[254.486442502818,1454.53267773506,360.866165413534,85.7503759398498],"iscrowd":0,"metadata":{}},
{"id":4,"datatorch_id":"09641df0-bd18-43c8-9711-4575f8beb59f","image_id":16,"category_id":25,"segmentation":[[250.913510171991,279.037940892958,1637.211254532891,279.037940892958,1637.211254532891,1450.959745404238,250.913510171991,1450.959745404238]],"area":1624632.55,"bbox":[250.913510171991,279.037940892958,1386.2977443609,1171.92180451128],"iscrowd":0,"metadata":{}},
{"id":5,"datatorch_id":"0d75021f-98a8-4f51-88ef-0c421304a2ba","image_id":15,"category_id":10,"segmentation":[[240.078923705825,567.353730366642,933.8232846080809,567.353730366642,933.8232846080809,662.6319258553638,240.078923705825,662.6319258553638]],"area":66098.71,"bbox":[240.078923705825,567.353730366642,693.744360902256,95.2781954887217],"iscrowd":0,"metadata":{}},
{"id":6,"datatorch_id":"17147679-b6a4-465b-ab4a-8717d342e716","image_id":3,"category_id":3,"segmentation":[[118.996216938908,420.383805554612,1566.033810923868,420.383805554612,1566.033810923868,2016.293579990702,118.996216938908,2016.293579990702]],"area":2309341.44,"bbox":[118.996216938908,420.383805554612,1447.03759398496,1595.90977443609],"iscrowd":0,"metadata":{}},
{"id":7,"datatorch_id":"19909abe-2130-4556-b2f5-2f085983b7e9","image_id":12,"category_id":21,"segmentation":[[274.5444876156,1470.21388074258,591.8208785930431,1470.21388074258,591.8208785930431,1568.826813073407,274.5444876156,1568.826813073407]],"area":31287.56,"bbox":[274.5444876156,1470.21388074258,317.276390977443,98.6129323308271],"iscrowd":0,"metadata":{}},
{"id":8,"datatorch_id":"19a68396-6b09-4f0c-a434-9d53f5bacdb4","image_id":8,"category_id":15,"segmentation":[[236.142081600562,1010.94320405085,1661.742081600562,1010.94320405085,1661.742081600562,1361.090572471902,236.142081600562,1361.090572471902]],"area":499170.09,"bbox":[236.142081600562,1010.94320405085,1425.6,350.147368421052],"iscrowd":0,"metadata":{}},
{"id":9,"datatorch_id":"1a1618eb-0d0f-4790-8cf3-0fb72b994582","image_id":6,"category_id":21,"segmentation":[[267.487946262216,189.03643713356,660.510502653193,189.03643713356,660.510502653193,260.49508375010134,267.487946262216,260.49508375010134]],"area":28084.86,"bbox":[267.487946262216,189.03643713356,393.022556390977,71.4586466165413],"iscrowd":0,"metadata":{}},
{"id":10,"datatorch_id":"253b2321-852c-486f-8dd5-6a0e1bc6a8ee","image_id":12,"category_id":25,"segmentation":[[240.24433723966,1568.82681307341,1577.9502019013098,1568.82681307341,1577.9502019013098,1903.2532792388229,240.24433723966,1903.2532792388229]],"area":447364.25,"bbox":[240.24433723966,1568.82681307341,1337.70586466165,334.426466165413],"iscrowd":0,"metadata":{}},
{"id":11,"datatorch_id":"26224e70-246f-4068-acd5-df6d44939b76","image_id":9,"category_id":21,"segmentation":[[249.391705660712,723.222903298973,799.62328460808,723.222903298973,799.62328460808,848.2755348779201,249.391705660712,848.2755348779201]],"area":68807.91,"bbox":[249.391705660712,723.222903298973,550.231578947368,125.052631578947],"iscrowd":0,"metadata":{}},
{"id":12,"datatorch_id":"286a7200-9127-40ff-86d4-2126d728d7a7","image_id":7,"category_id":11,"segmentation":[[197.650352277254,1186.51312886288,883.653359796051,1186.51312886288,883.653359796051,1422.326662697466,197.650352277254,1422.326662697466]],"area":161768.79,"bbox":[197.650352277254,1186.51312886288,686.003007518797,235.813533834586],"iscrowd":0,"metadata":{}},
{"id":13,"datatorch_id":"2a859e42-6490-4978-88e2-b6357c36cb9c","image_id":5,"category_id":25,"segmentation":[[255.240728217103,173.375083750101,1583.1805778411629,173.375083750101,1583.1805778411629,596.172076231304,255.240728217103,596.172076231304]],"area":561448.97,"bbox":[255.240728217103,173.375083750101,1327.93984962406,422.796992481203],"iscrowd":0,"metadata":{}},
{"id":14,"datatorch_id":"2fe17b88-8fc4-412e-884b-5a04715d991f","image_id":8,"category_id":15,"segmentation":[[232.569149269735,1403.96576044183,1561.699976337405,1403.96576044183,1561.699976337405,1632.633429614762,232.569149269735,1632.633429614762]],"area":303929.25,"bbox":[232.569149269735,1403.96576044183,1329.13082706767,228.667669172932],"iscrowd":0,"metadata":{}},
{"id":15,"datatorch_id":"35c80302-72c4-47a8-aab1-7838851de541","image_id":9,"category_id":24,"segmentation":[[263.683434984021,319.481549915515,706.727044006577,319.481549915515,706.727044006577,376.6484672087481,263.683434984021,376.6484672087481]],"area":25327.44,"bbox":[263.683434984021,319.481549915515,443.043609022556,57.1669172932331],"iscrowd":0,"metadata":{}},
{"id":16,"datatorch_id":"37737bc1-a9e3-4cfd-aadb-5784760fc3f7","image_id":10,"category_id":24,"segmentation":[[270.283434984021,79.0198957801762,595.420277089284,79.0198957801762,595.420277089284,150.4785423967175,270.283434984021,150.4785423967175]],"area":23233.84,"bbox":[270.283434984021,79.0198957801762,325.136842105263,71.4586466165413],"iscrowd":0,"metadata":{}},
{"id":17,"datatorch_id":"3af9cf4d-3e91-4ca1-a1c8-9ea0c4521ed7","image_id":6,"category_id":25,"segmentation":[[235.331555284773,1410.97929427642,1560.889450021613,1410.97929427642,1560.889450021613,1528.886061193713,235.331555284773,1528.886061193713]],"area":156292.25,"bbox":[235.331555284773,1410.97929427642,1325.55789473684,117.906766917293],"iscrowd":0,"metadata":{}},
{"id":18,"datatorch_id":"46d51499-d044-4451-82f4-d5d87069949f","image_id":9,"category_id":21,"segmentation":[[252.96463799154,426.669519840327,649.560126713344,426.669519840327,649.560126713344,523.1386927726577,252.96463799154,523.1386927726577]],"area":38259.24,"bbox":[252.96463799154,426.669519840327,396.595488721804,96.4691729323307],"iscrowd":0,"metadata":{}},
{"id":19,"datatorch_id":"48e82688-3087-4588-9a6b-50a352c38063","image_id":16,"category_id":24,"segmentation":[[268.778171826126,78.9537303666426,668.946592878757,78.9537303666426,668.946592878757,139.6935799907028,268.778171826126,139.6935799907028]],"area":24306.17,"bbox":[268.778171826126,78.9537303666426,400.168421052631,60.7398496240602],"iscrowd":0,"metadata":{}},
{"id":20,"datatorch_id":"4e5c46aa-0669-4c40-a192-1cf729cddb23","image_id":8,"category_id":5,"segmentation":[[250.43381092387,1632.63342961476,682.758622953945,1632.63342961476,682.758622953945,1743.394331870399,250.43381092387,1743.394331870399]],"area":47884.69,"bbox":[250.43381092387,1632.63342961476,432.324812030075,110.760902255639],"iscrowd":0,"metadata":{}},
{"id":21,"datatorch_id":"5c40b737-4caa-4e0a-92e6-2b3203a5f502","image_id":14,"category_id":13,"segmentation":[[25.3988059701785,56.2969492500604,1644.5467590528885,56.2969492500604,1644.5467590528885,2266.2151014305105,25.3988059701785,2266.2151014305105]],"area":3578184.45,"bbox":[25.3988059701785,56.2969492500604,1619.14795308271,2209.91815218045],"iscrowd":0,"metadata":{}},
{"id":22,"datatorch_id":"5d6efec0-324d-41e6-8d28-6356c36a3d37","image_id":12,"category_id":21,"segmentation":[[248.819374833645,63.9077153290485,574.670803405073,63.9077153290485,574.670803405073,166.8081664568685,248.819374833645,166.8081664568685]],"area":33530.26,"bbox":[248.819374833645,63.9077153290485,325.851428571428,102.90045112782],"iscrowd":0,"metadata":{}},
{"id":23,"datatorch_id":"6e0715cc-4518-4cfb-a8eb-6ac1a478462c","image_id":16,"category_id":25,"segmentation":[[261.632307164472,1540.28305367491,1569.325540247182,1540.28305367491,1569.325540247182,1954.74320405085,261.632307164472,1954.74320405085]],"area":541986.73,"bbox":[261.632307164472,1540.28305367491,1307.69323308271,414.46015037594],"iscrowd":0,"metadata":{}},
{"id":24,"datatorch_id":"779afc36-10e6-4481-b790-d779926305a6","image_id":17,"category_id":13,"segmentation":[[34.0801891280731,60.5697570696096,1618.128369579203,60.5697570696096,1618.128369579203,2256.2048848891595,34.0801891280731,2256.2048848891595]],"area":3477991.83,"bbox":[34.0801891280731,60.5697570696096,1584.04818045113,2195.63512781955],"iscrowd":0,"metadata":{}},
{"id":25,"datatorch_id":"7d52544c-1535-4185-819e-527100b23736","image_id":12,"category_id":21,"segmentation":[[248.819374833645,1182.95012134409,506.070502653194,1182.95012134409,506.070502653194,1272.988016080932,248.819374833645,1272.988016080932]],"area":23162.35,"bbox":[248.819374833645,1182.95012134409,257.251127819549,90.0378947368422],"iscrowd":0,"metadata":{}},
{"id":26,"datatorch_id":"87093bab-aa24-4204-8b37-69e7d47ab8f9","image_id":15,"category_id":11,"segmentation":[[278.785690623119,662.631925855364,1556.108998893799,662.631925855364,1556.108998893799,1427.834933374161,278.785690623119,1427.834933374161]],"area":977411.64,"bbox":[278.785690623119,662.631925855364,1277.32330827068,765.203007518797],"iscrowd":0,"metadata":{}},
{"id":27,"datatorch_id":"87187086-d87f-453c-a2f6-07108a6b87ff","image_id":5,"category_id":25,"segmentation":[[273.105389871239,789.70591081777,1583.180577841159,789.70591081777,1583.180577841159,1060.653279238822,273.105389871239,1060.653279238822]],"area":354961.42,"bbox":[273.105389871239,789.70591081777,1310.07518796992,270.947368421052],"iscrowd":0,"metadata":{}},
{"id":28,"datatorch_id":"87c50f98-5112-48d7-896e-068983294350","image_id":7,"category_id":10,"segmentation":[[283.400728217103,1118.62741457717,1119.466893630637,1118.62741457717,1119.466893630637,1161.5026025470947,283.400728217103,1161.5026025470947]],"area":35846.49,"bbox":[283.400728217103,1118.62741457717,836.066165413534,42.8751879699248],"iscrowd":0,"metadata":{}},
{"id":29,"datatorch_id":"88177e27-7c36-464d-9108-bcd99e806609","image_id":7,"category_id":22,"segmentation":[[183.358622953946,61.0394446523569,1569.656367314846,61.0394446523569,1569.656367314846,1072.1792942764168,183.358622953946,1072.1792942764168]],"area":1401740.89,"bbox":[183.358622953946,61.0394446523569,1386.2977443609,1011.13984962406],"iscrowd":0,"metadata":{}},
{"id":30,"datatorch_id":"8925ea11-8880-424b-83c6-a0e7d537cae6","image_id":12,"category_id":25,"segmentation":[[257.39441242763,1272.98801608093,1565.08764551034,1272.98801608093,1565.08764551034,1470.213880742584,257.39441242763,1470.213880742584]],"area":257910.93,"bbox":[257.39441242763,1272.98801608093,1307.69323308271,197.225864661654],"iscrowd":0,"metadata":{}},
{"id":31,"datatorch_id":"8d804108-92a4-4752-943b-1f3261995f4a","image_id":13,"category_id":13,"segmentation":[[56.1441695792011,94.7297089493088,1610.5626718348412,94.7297089493088,1610.5626718348412,2250.8585991748687,56.1441695792011,2250.8585991748687]],"area":3351526.64,"bbox":[56.1441695792011,94.7297089493088,1554.41850225564,2156.12889022556],"iscrowd":0,"metadata":{}},
{"id":32,"datatorch_id":"984e6e15-54d1-4d8a-8786-ca930913303c","image_id":9,"category_id":25,"segmentation":[[263.683434984021,848.27553487792,1571.376668066731,848.27553487792,1571.376668066731,1955.88455743431,263.683434984021,1955.88455743431]],"area":1448412.82,"bbox":[263.683434984021,848.27553487792,1307.69323308271,1107.60902255639],"iscrowd":0,"metadata":{}},
{"id":33,"datatorch_id":"9b58b68e-6249-45ee-a817-7a25fb65eec7","image_id":15,"category_id":25,"segmentation":[[254.966141750938,204.10561006589,1565.0413297208581,204.10561006589,1565.0413297208581,546.511625103484,254.966141750938,546.511625103484]],"area":448577.62,"bbox":[254.966141750938,204.10561006589,1310.07518796992,342.406015037594],"iscrowd":0,"metadata":{}},
{"id":34,"datatorch_id":"9d46a682-65a5-4b6f-9789-8509ce928b97","image_id":1,"category_id":5,"segmentation":[[555.108998893795,214.113128862883,1272.672908668231,214.113128862883,1272.672908668231,416.579294276417,555.108998893795,416.579294276417]],"area":145282.41,"bbox":[555.108998893795,214.113128862883,717.563909774436,202.466165413534],"iscrowd":0,"metadata":{}},
{"id":35,"datatorch_id":"a5ce2ad3-21c4-43ee-bbb3-10b108c2e9ef","image_id":5,"category_id":24,"segmentation":[[268.579675585524,659.174782998221,557.987194382516,659.174782998221,557.987194382516,727.0604972839352,268.579675585524,727.0604972839352]],"area":19646.64,"bbox":[268.579675585524,659.174782998221,289.407518796992,67.8857142857142],"iscrowd":0,"metadata":{}},
{"id":36,"datatorch_id":"aa8f6f7e-38fc-4cbd-99e6-624dcd883b20","image_id":6,"category_id":21,"segmentation":[[231.758622953945,1282.35373036664,610.489450021614,1282.35373036664,610.489450021614,1350.2394446523542,231.758622953945,1350.2394446523542]],"area":25710.41,"bbox":[231.758622953945,1282.35373036664,378.730827067669,67.8857142857141],"iscrowd":0,"metadata":{}},
{"id":37,"datatorch_id":"b0a895b4-ce8b-40c7-85d0-19b4cdcabbab","image_id":5,"category_id":21,"segmentation":[[265.006743254697,80.3597454042364,665.175164307328,80.3597454042364,665.175164307328,141.0995950282965,265.006743254697,141.0995950282965]],"area":24306.17,"bbox":[265.006743254697,80.3597454042364,400.168421052631,60.7398496240601],"iscrowd":0,"metadata":{}},
{"id":38,"datatorch_id":"b207260a-c5de-41d0-b304-8e2f0c6331e1","image_id":6,"category_id":24,"segmentation":[[260.342081600562,88.9943318704019,510.447344758457,88.9943318704019,510.447344758457,142.5883168328079,260.342081600562,142.5883168328079]],"area":13404.14,"bbox":[260.342081600562,88.9943318704019,250.105263157895,53.593984962406],"iscrowd":0,"metadata":{}},
{"id":39,"datatorch_id":"ba1ac9cc-d898-4715-af8a-6f0aaaec5467","image_id":10,"category_id":25,"segmentation":[[259.56463799154,196.926662697469,1556.53907408177,196.926662697469,1556.53907408177,1075.868016080927,259.56463799154,1075.868016080927]],"area":1139964.47,"bbox":[259.56463799154,196.926662697469,1296.97443609023,878.941353383458],"iscrowd":0,"metadata":{}},
{"id":40,"datatorch_id":"c193c232-1d82-4cba-ae84-4f44f5f3363e","image_id":9,"category_id":25,"segmentation":[[245.818773329885,523.138692772657,1517.782683104325,523.138692772657,1517.782683104325,723.222903298973,245.818773329885,723.222903298973]],"area":254499.89,"bbox":[245.818773329885,523.138692772657,1271.96390977444,200.084210526316],"iscrowd":0,"metadata":{}},
{"id":41,"datatorch_id":"c3aad93a-436a-461e-9609-0628acf409e5","image_id":9,"category_id":25,"segmentation":[[270.829299645675,69.37628675762,1549.939074081765,69.37628675762,1549.939074081765,258.741700291455,270.829299645675,258.741700291455]],"area":242219.15,"bbox":[270.829299645675,69.37628675762,1279.10977443609,189.365413533835],"iscrowd":0,"metadata":{}},
{"id":42,"datatorch_id":"ddad7536-8fad-4335-8f6c-aaca68c6cee3","image_id":2,"category_id":4,"segmentation":[[246.41426205169,67.689068712507,1550.53456280357,67.689068712507,1550.53456280357,510.73267773506296,246.41426205169,510.73267773506296]],"area":577782.16,"bbox":[246.41426205169,67.689068712507,1304.12030075188,443.043609022556],"iscrowd":0,"metadata":{}},
{"id":43,"datatorch_id":"e087d1dd-b4f8-42ab-ba0d-77ee766e8d40","image_id":15,"category_id":24,"segmentation":[[275.808247014096,102.872527359123,573.552607916352,102.872527359123,573.552607916352,150.5116251034839,275.808247014096,150.5116251034839]],"area":14184.27,"bbox":[275.808247014096,102.872527359123,297.744360902256,47.6390977443609],"iscrowd":0,"metadata":{}},
{"id":44,"datatorch_id":"e1bdb902-5c4c-4485-91d9-1907cc1798af","image_id":12,"category_id":25,"segmentation":[[240.24433723966,166.808166456868,1513.6374199464299,166.808166456868,1513.6374199464299,1122.924858186191,240.24433723966,1122.924858186191]],"area":1217512.38,"bbox":[240.24433723966,166.808166456868,1273.39308270677,956.116691729323],"iscrowd":0,"metadata":{}},
{"id":45,"datatorch_id":"e3f758dc-a454-4e67-b34c-4b91081a2fb0","image_id":18,"category_id":13,"segmentation":[[39.6550989025088,59.7607796260003,1635.0993094288287,59.7607796260003,1635.0993094288287,2262.9932608290105,39.6550989025088,2262.9932608290105]],"area":3515134.51,"bbox":[39.6550989025088,59.7607796260003,1595.44421052632,2203.23248120301],"iscrowd":0,"metadata":{}},
{"id":46,"datatorch_id":"ef76fcb1-470e-4a7d-b14e-7db200869590","image_id":4,"category_id":13,"segmentation":[[25.7969635641633,72.7220051899102,1606.0464673235633,72.7220051899102,1606.0464673235633,2253.1624262425403,25.7969635641633,2253.1624262425403]],"area":3445639.89,"bbox":[25.7969635641633,72.7220051899102,1580.2495037594,2180.44042105263],"iscrowd":0,"metadata":{}},
{"id":47,"datatorch_id":"f8a4ef13-8d8c-4090-a5cb-1b0c89dc7c27","image_id":6,"category_id":25,"segmentation":[[274.63381092387,306.943204050853,1546.59772069831,306.943204050853,1546.59772069831,1260.91613638168,274.63381092387,1260.91613638168]],"area":1213419.14,"bbox":[274.63381092387,306.943204050853,1271.96390977444,953.972932330827],"iscrowd":0,"metadata":{}},
{"id":48,"datatorch_id":"f8e7b2a7-4f44-4cea-97b2-bee17748e843","image_id":11,"category_id":13,"segmentation":[[68.0677936393513,86.6328999267525,1599.6942357446112,86.6328999267525,1599.6942357446112,2210.8529059417924,68.0677936393513,2210.8529059417924]],"area":3253511.53,"bbox":[68.0677936393513,86.6328999267525,1531.62644210526,2124.22000601504],"iscrowd":0,"metadata":{}}
]}