{"info": {"year":2023,"version":"0.1.0","description":"","url":"","date_created":1696483163602},"categories": [
  {
    "id": 1,
    "datatorch_id": "7ce4fbc5-dafd-44a1-9d6b-80d965ba8dd5",
    "name": "report_title",
    "supercategory": null
  },
  {
    "id": 2,
    "datatorch_id": "27ef4a36-ce65-4f9e-a6a5-8fc1d422b062",
    "name": "form",
    "supercategory": null
  },
  {
    "id": 3,
    "datatorch_id": "ab700373-3415-495f-8e5f-0609d9088715",
    "name": "other",
    "supercategory": null
  },
  {
    "id": 4,
    "datatorch_id": "62a18526-d943-4993-a65e-2e91c2af6485",
    "name": "title",
    "supercategory": null
  },
  {
    "id": 5,
    "datatorch_id": "ec6c7fda-bed5-4baf-97b1-95207a7890ba",
    "name": "paragraph",
    "supercategory": null
  },
  {
    "id": 6,
    "datatorch_id": "418130a4-f8a1-4218-99c8-a30542254019",
    "name": "section",
    "supercategory": null
  },
  {
    "id": 7,
    "datatorch_id": "b66fb620-4716-406d-a020-b97ecc4817c2",
    "name": "abstract",
    "supercategory": null
  },
  {
    "id": 8,
    "datatorch_id": "2cb917fd-36d2-4af5-a88b-e9b7ad28c733",
    "name": "summary",
    "supercategory": null
  },
  {
    "id": 9,
    "datatorch_id": "a24ef245-0e7a-492e-b263-09d3fda426d8",
    "name": "subsection",
    "supercategory": null
  },
  {
    "id": 10,
    "datatorch_id": "78fdef56-aec3-43df-87be-9f219106f30b",
    "name": "subsubsection",
    "supercategory": null
  },
  {
    "id": 11,
    "datatorch_id": "2d7ae022-e4b2-4454-82f9-6a21616cc1a1",
    "name": "subsubsubsection",
    "supercategory": null
  },
  {
    "id": 12,
    "datatorch_id": "2760da17-b8bf-4824-bda9-1a6c75cfb31a",
    "name": "table_of_contents",
    "supercategory": null
  },
  {
    "id": 13,
    "datatorch_id": "1910fde7-e3d7-44cf-a653-984b82088e8f",
    "name": "list_of_figures",
    "supercategory": null
  },
  {
    "id": 14,
    "datatorch_id": "0d1cf435-1d24-4ae4-8760-de7d4ca8b4a2",
    "name": "list_of_tables",
    "supercategory": null
  },
  {
    "id": 15,
    "datatorch_id": "3a501698-425e-457a-8ebe-321109d4d594",
    "name": "figure",
    "supercategory": null
  },
  {
    "id": 16,
    "datatorch_id": "3c954454-0bd6-47f9-89cf-52da19baf90d",
    "name": "figure_caption",
    "supercategory": null
  },
  {
    "id": 17,
    "datatorch_id": "1af8b78f-669f-4554-bebc-3986baee5a1c",
    "name": "table",
    "supercategory": null
  },
  {
    "id": 18,
    "datatorch_id": "2be5156a-b962-4988-b879-89b159ac0a94",
    "name": "table_caption",
    "supercategory": null
  },
  {
    "id": 19,
    "datatorch_id": "8a765348-148e-4280-93e7-911ad854ec0b",
    "name": "cross",
    "supercategory": null
  },
  {
    "id": 20,
    "datatorch_id": "a53a6729-a94d-4f74-913c-bd222ebbce0d",
    "name": "appendix_list",
    "supercategory": null
  },
  {
    "id": 21,
    "datatorch_id": "1063f0c2-a886-4121-838b-6bbf199ec21e",
    "name": "list",
    "supercategory": null
  },
  {
    "id": 22,
    "datatorch_id": "ea6a231b-d390-4ea6-88e1-6d99d36018a5",
    "name": "references",
    "supercategory": null
  }
],"images": [
  {
    "id": 1,
    "datatorch_id": "10505181-e737-45d2-9e1e-fcf5cc0f9429",
    "storage_id": "66fd663e-2150-4306-958e-7014007cac52",
    "path": "a079318_e 52-2115 annual report_11834610-01.jpg",
    "width": 1653,
    "height": 2339,
    "file_name": "a079318_e 52-2115 annual report_11834610-01.jpg",
    "metadata": {},
    "date_captured": "2023-10-05T05:09:51.385Z"
  },
  {
    "id": 2,
    "datatorch_id": "ec0e74e5-1e91-4ff5-b76f-69d6a4900b21",
    "storage_id": "66fd663e-2150-4306-958e-7014007cac52",
    "path": "a079318_e 52-2115 annual report_11834610-02.jpg",
    "width": 1653,
    "height": 2339,
    "file_name": "a079318_e 52-2115 annual report_11834610-02.jpg",
    "metadata": {},
    "date_captured": "2023-10-05T05:09:51.401Z"
  },
  {
    "id": 3,
    "datatorch_id": "56e4965b-f4cf-4ab4-b544-c561478ea891",
    "storage_id": "66fd663e-2150-4306-958e-7014007cac52",
    "path": "a079318_e 52-2115 annual report_11834610-04.jpg",
    "width": 1653,
    "height": 2339,
    "file_name": "a079318_e 52-2115 annual report_11834610-04.jpg",
    "metadata": {},
    "date_captured": "2023-10-05T05:09:51.604Z"
  },
  {
    "id": 4,
    "datatorch_id": "721663af-c1cd-44d2-af5a-5d17f54b6f95",
    "storage_id": "66fd663e-2150-4306-958e-7014007cac52",
    "path": "a079318_e 52-2115 annual report_11834610-03.jpg",
    "width": 1653,
    "height": 2339,
    "file_name": "a079318_e 52-2115 annual report_11834610-03.jpg",
    "metadata": {},
    "date_captured": "2023-10-05T05:09:51.620Z"
  },
  {
    "id": 5,
    "datatorch_id": "9d6de587-a7a0-4ece-ab45-7d18d14e2b0c",
    "storage_id": "66fd663e-2150-4306-958e-7014007cac52",
    "path": "a079318_e 52-2115 annual report_11834610-05.jpg",
    "width": 1653,
    "height": 2339,
    "file_name": "a079318_e 52-2115 annual report_11834610-05.jpg",
    "metadata": {},
    "date_captured": "2023-10-05T05:09:51.667Z"
  },
  {
    "id": 6,
    "datatorch_id": "6b434a9b-a038-4e8e-a793-7e8059609c24",
    "storage_id": "66fd663e-2150-4306-958e-7014007cac52",
    "path": "a079318_e 52-2115 annual report_11834610-13.jpg",
    "width": 1653,
    "height": 2339,
    "file_name": "a079318_e 52-2115 annual report_11834610-13.jpg",
    "metadata": {},
    "date_captured": "2023-10-05T05:09:52.339Z"
  },
  {
    "id": 7,
    "datatorch_id": "5b50f31b-f37d-4565-9fb7-819f3bf2ab8d",
    "storage_id": "66fd663e-2150-4306-958e-7014007cac52",
    "path": "a079318_e 52-2115 annual report_11834610-16.jpg",
    "width": 1653,
    "height": 2339,
    "file_name": "a079318_e 52-2115 annual report_11834610-16.jpg",
    "metadata": {},
    "date_captured": "2023-10-05T05:09:52.823Z"
  },
  {
    "id": 8,
    "datatorch_id": "843af086-4ee9-4b2e-9b3d-191a35faed57",
    "storage_id": "66fd663e-2150-4306-958e-7014007cac52",
    "path": "a079318_e 52-2115 annual report_11834610-10.jpg",
    "width": 1653,
    "height": 2339,
    "file_name": "a079318_e 52-2115 annual report_11834610-10.jpg",
    "metadata": {},
    "date_captured": "2023-10-05T05:09:52.979Z"
  },
  {
    "id": 9,
    "datatorch_id": "20ac3004-649d-4421-b191-b33e86502e98",
    "storage_id": "66fd663e-2150-4306-958e-7014007cac52",
    "path": "a079318_e 52-2115 annual report_11834610-09.jpg",
    "width": 1653,
    "height": 2339,
    "file_name": "a079318_e 52-2115 annual report_11834610-09.jpg",
    "metadata": {},
    "date_captured": "2023-10-05T05:09:53.010Z"
  },
  {
    "id": 10,
    "datatorch_id": "42383a12-1ab6-4ea0-9b66-c54973deb6d5",
    "storage_id": "66fd663e-2150-4306-958e-7014007cac52",
    "path": "a079318_e 52-2115 annual report_11834610-12.jpg",
    "width": 1653,
    "height": 2339,
    "file_name": "a079318_e 52-2115 annual report_11834610-12.jpg",
    "metadata": {},
    "date_captured": "2023-10-05T05:09:53.057Z"
  },
  {
    "id": 11,
    "datatorch_id": "66659aa7-802f-42d7-884f-8133e802b4b8",
    "storage_id": "66fd663e-2150-4306-958e-7014007cac52",
    "path": "a079318_e 52-2115 annual report_11834610-11.jpg",
    "width": 1653,
    "height": 2339,
    "file_name": "a079318_e 52-2115 annual report_11834610-11.jpg",
    "metadata": {},
    "date_captured": "2023-10-05T05:09:53.057Z"
  },
  {
    "id": 12,
    "datatorch_id": "c3e56713-1374-4619-b86c-b92d6dd13cd6",
    "storage_id": "66fd663e-2150-4306-958e-7014007cac52",
    "path": "a079318_e 52-2115 annual report_11834610-07.jpg",
    "width": 1653,
    "height": 2339,
    "file_name": "a079318_e 52-2115 annual report_11834610-07.jpg",
    "metadata": {},
    "date_captured": "2023-10-05T05:09:53.057Z"
  },
  {
    "id": 13,
    "datatorch_id": "d4b7d214-4c0f-47f6-b947-9f20c601b0d0",
    "storage_id": "66fd663e-2150-4306-958e-7014007cac52",
    "path": "a079318_e 52-2115 annual report_11834610-14.jpg",
    "width": 1653,
    "height": 2339,
    "file_name": "a079318_e 52-2115 annual report_11834610-14.jpg",
    "metadata": {},
    "date_captured": "2023-10-05T05:09:53.073Z"
  },
  {
    "id": 14,
    "datatorch_id": "ef731661-9e41-4f1f-b224-dd636733d790",
    "storage_id": "66fd663e-2150-4306-958e-7014007cac52",
    "path": "a079318_e 52-2115 annual report_11834610-08.jpg",
    "width": 1653,
    "height": 2339,
    "file_name": "a079318_e 52-2115 annual report_11834610-08.jpg",
    "metadata": {},
    "date_captured": "2023-10-05T05:09:53.073Z"
  },
  {
    "id": 15,
    "datatorch_id": "102804f5-cca9-465a-9ee2-db1d0ba4ae5b",
    "storage_id": "66fd663e-2150-4306-958e-7014007cac52",
    "path": "a079318_e 52-2115 annual report_11834610-15.jpg",
    "width": 1653,
    "height": 2339,
    "file_name": "a079318_e 52-2115 annual report_11834610-15.jpg",
    "metadata": {},
    "date_captured": "2023-10-05T05:09:53.089Z"
  },
  {
    "id": 16,
    "datatorch_id": "f702a67d-7365-4929-84c7-3d24bda0d6ad",
    "storage_id": "66fd663e-2150-4306-958e-7014007cac52",
    "path": "a079318_e 52-2115 annual report_11834610-06.jpg",
    "width": 1653,
    "height": 2339,
    "file_name": "a079318_e 52-2115 annual report_11834610-06.jpg",
    "metadata": {},
    "date_captured": "2023-10-05T05:09:53.151Z"
  }
],"annotations": [
{"id":1,"datatorch_id":"015b480f-b1ec-4eae-a9ad-4c353d9cf7b5","image_id":9,"category_id":5,"segmentation":[[227.724768075441,189.197170603444,1317.944978601761,189.197170603444,1317.944978601761,257.5733510545719,227.724768075441,257.5733510545719]],"area":74545.09,"bbox":[227.724768075441,189.197170603444,1090.22021052632,68.3761804511279],"iscrowd":0,"metadata":{}},
{"id":2,"datatorch_id":"02f4db67-e2b5-431b-9ecb-c7a7cddb0dcd","image_id":5,"category_id":6,"segmentation":[[232.121384616795,238.896523986903,757.604993639351,238.896523986903,757.604993639351,308.53893000194057,232.121384616795,308.53893000194057]],"area":36595.94,"bbox":[232.121384616795,238.896523986903,525.483609022556,69.6424060150376],"iscrowd":0,"metadata":{}},
{"id":3,"datatorch_id":"090b4122-c0aa-4a1b-9390-f66f7c96ff7a","image_id":14,"category_id":15,"segmentation":[[187.768316947622,1113.80562925006,1528.701189128072,1113.80562925006,1528.701189128072,2116.6562758666,187.768316947622,2116.6562758666]],"area":1344755.4,"bbox":[187.768316947622,1113.80562925006,1340.93287218045,1002.85064661654],"iscrowd":0,"metadata":{}},
{"id":4,"datatorch_id":"0f85ca57-1e07-4572-8521-02fabc9e7ec9","image_id":8,"category_id":3,"segmentation":[[200.536091383712,1016.18315556585,899.492602661907,1016.18315556585,899.492602661907,1585.9846593252491,200.536091383712,1585.9846593252491]],"area":398266.47,"bbox":[200.536091383712,1016.18315556585,698.956511278195,569.801503759399],"iscrowd":0,"metadata":{}},
{"id":5,"datatorch_id":"181bee2a-1b38-48dd-9c38-01be4c4e0b9b","image_id":8,"category_id":5,"segmentation":[[246.120211684464,222.259726994422,1636.435880857394,222.259726994422,1636.435880857394,906.0215315057001,246.120211684464,906.0215315057001]],"area":950644.75,"bbox":[246.120211684464,222.259726994422,1390.31566917293,683.761804511278],"iscrowd":0,"metadata":{}},
{"id":6,"datatorch_id":"19b2ff77-6560-4e00-b7c5-a6e0ce898967","image_id":16,"category_id":6,"segmentation":[[212.642614691983,115.777191656076,777.885706421306,115.777191656076,777.885706421306,193.2701961673542,212.642614691983,193.2701961673542]],"area":43802.39,"bbox":[212.642614691983,115.777191656076,565.243091729323,77.4930045112782],"iscrowd":0,"metadata":{}},
{"id":7,"datatorch_id":"1bffc373-eb93-49d0-8bbd-dbb20d4c4542","image_id":16,"category_id":5,"segmentation":[[212.642614691983,193.270196167354,1507.231631233333,193.270196167354,1507.231631233333,2198.9714894004337,212.642614691983,2198.9714894004337]],"area":2596558.86,"bbox":[212.642614691983,193.270196167354,1294.58901654135,2005.70129323308],"iscrowd":0,"metadata":{}},
{"id":8,"datatorch_id":"1e309f0f-23b2-4f0c-b8bf-8982a7e3f829","image_id":5,"category_id":6,"segmentation":[[228.95582070702,897.333817219985,725.949354541606,897.333817219985,725.949354541606,960.6450954154736,228.95582070702,960.6450954154736]],"area":31465.3,"bbox":[228.95582070702,897.333817219985,496.993533834586,63.3112781954886],"iscrowd":0,"metadata":{}},
{"id":9,"datatorch_id":"218b9518-1871-423a-ab19-249591519e38","image_id":3,"category_id":5,"segmentation":[[223.328151534088,309.769982633519,1499.050407173188,309.769982633519,1499.050407173188,537.690584137278,223.328151534088,537.690584137278]],"area":290763.38,"bbox":[223.328151534088,309.769982633519,1275.7222556391,227.920601503759],"iscrowd":0,"metadata":{}},
{"id":10,"datatorch_id":"30b72aad-d4a1-429e-89d7-fd14e07c82c0","image_id":9,"category_id":6,"segmentation":[[239.120798150629,1173.05443376134,615.189790631832,1173.05443376134,615.189790631832,1230.0345841372798,239.120798150629,1230.0345841372798]],"area":21428.47,"bbox":[239.120798150629,1173.05443376134,376.068992481203,56.9801503759397],"iscrowd":0,"metadata":{}},
{"id":11,"datatorch_id":"313b3f22-0d48-4896-9983-05668c25aa17","image_id":3,"category_id":6,"segmentation":[[220.162587624314,243.293140528256,590.533565067923,243.293140528256,590.533565067923,309.7699826335192,220.162587624314,309.7699826335192]],"area":24621.09,"bbox":[220.162587624314,243.293140528256,370.370977443609,66.4768421052632],"iscrowd":0,"metadata":{}},
{"id":12,"datatorch_id":"4c7bba03-64f2-4f3b-9444-ce1b5b6b8a3c","image_id":13,"category_id":3,"segmentation":[[77.7122116844639,253.581223235023,1581.355068827324,253.581223235023,1581.355068827324,2171.912952558333,77.7122116844639,2171.912952558333]],"area":2884485.8,"bbox":[77.7122116844639,253.581223235023,1503.64285714286,1918.33172932331],"iscrowd":0,"metadata":{}},
{"id":13,"datatorch_id":"4e906dda-6357-4f67-b6b3-bd1c22054778","image_id":5,"category_id":5,"segmentation":[[232.121384616795,308.53893000194,1539.499279353635,308.53893000194,1539.499279353635,837.188102934271,232.121384616795,837.188102934271]],"area":691144.24,"bbox":[232.121384616795,308.53893000194,1307.37789473684,528.649172932331],"iscrowd":0,"metadata":{}},
{"id":14,"datatorch_id":"50be3826-c3fc-43db-afe1-820e3eaef371","image_id":14,"category_id":15,"segmentation":[[187.768316947622,88.1629224831433,1486.915745519052,88.1629224831433,1486.915745519052,1113.8056292500632,187.768316947622,1113.8056292500632]],"area":1332461.09,"bbox":[187.768316947622,88.1629224831433,1299.14742857143,1025.64270676692],"iscrowd":0,"metadata":{}},
{"id":15,"datatorch_id":"5360766d-a676-4363-a7d6-62dd4d593519","image_id":1,"category_id":1,"segmentation":[[105.83297108296,179.981862332767,1412.57775303785,179.981862332767,1412.57775303785,2003.346674362837,105.83297108296,2003.346674362837]],"area":2382672.45,"bbox":[105.83297108296,179.981862332767,1306.74478195489,1823.36481203007],"iscrowd":0,"metadata":{}},
{"id":16,"datatorch_id":"5dcd96ed-460a-444b-bc3a-35389eb58070","image_id":15,"category_id":3,"segmentation":[[115.153798150629,65.5467269944214,1573.845647774689,65.5467269944214,1573.845647774689,1980.0797796260013,115.153798150629,1980.0797796260013]],"area":2792713.76,"bbox":[115.153798150629,65.5467269944214,1458.69184962406,1914.53305263158],"iscrowd":0,"metadata":{}},
{"id":17,"datatorch_id":"62ae5845-38ea-42dd-aa7f-ce698a46c345","image_id":10,"category_id":3,"segmentation":[[166.981113940103,133.676696919234,1553.498106421303,133.676696919234,1553.498106421303,1189.708817219984,166.981113940103,1189.708817219984]],"area":1464206.48,"bbox":[166.981113940103,133.676696919234,1386.5169924812,1056.03212030075],"iscrowd":0,"metadata":{}},
{"id":18,"datatorch_id":"66113e4d-9e65-46da-863a-14e5be400939","image_id":4,"category_id":6,"segmentation":[[214.359053789727,175.321448798933,524.584316947622,175.321448798933,524.584316947622,225.970471355324,214.359053789727,225.970471355324]],"area":15712.61,"bbox":[214.359053789727,175.321448798933,310.225263157895,50.649022556391],"iscrowd":0,"metadata":{}},
{"id":19,"datatorch_id":"6de42348-e690-4d56-ada7-671928373044","image_id":6,"category_id":3,"segmentation":[[595.10604627093,694.385997671113,1092.099580105516,694.385997671113,1092.099580105516,1064.756975114722,595.10604627093,1064.756975114722]],"area":184071.98,"bbox":[595.10604627093,694.385997671113,496.993533834586,370.370977443609],"iscrowd":0,"metadata":{}},
{"id":20,"datatorch_id":"72cfad59-1b60-4dd8-a5a9-4692817bb106","image_id":9,"category_id":6,"segmentation":[[227.724768075441,117.022313460587,713.955384616794,117.022313460587,713.955384616794,189.1971706034441,227.724768075441,189.1971706034441]],"area":35093.63,"bbox":[227.724768075441,117.022313460587,486.230616541353,72.1748571428571],"iscrowd":0,"metadata":{}},
{"id":21,"datatorch_id":"75e46d9b-52e0-4adf-981e-a294fd602a27","image_id":2,"category_id":12,"segmentation":[[121.854241759652,226.058403686151,1533.695745519052,226.058403686151,1533.695745519052,1118.7474262425421,121.854241759652,1118.7474262425421]],"area":1260335.41,"bbox":[121.854241759652,226.058403686151,1411.8415037594,892.689022556391],"iscrowd":0,"metadata":{}},
{"id":22,"datatorch_id":"7c73eb12-31a9-487f-ae33-0915ced982f6","image_id":7,"category_id":3,"segmentation":[[136.873083864915,96.7627044380304,1580.3702267220551,96.7627044380304,1580.3702267220551,2056.8798773703606,136.873083864915,2056.8798773703606]],"area":2829423.54,"bbox":[136.873083864915,96.7627044380304,1443.49714285714,1960.11717293233],"iscrowd":0,"metadata":{}},
{"id":23,"datatorch_id":"7cc5871a-d644-462c-85c9-70b9d6cac915","image_id":4,"category_id":5,"segmentation":[[233.352437248374,225.970471355324,1493.246873338604,225.970471355324,1493.246873338604,681.8116743628431,233.352437248374,681.8116743628431]],"area":574311.8,"bbox":[233.352437248374,225.970471355324,1259.89443609023,455.841203007519],"iscrowd":0,"metadata":{}},
{"id":24,"datatorch_id":"7ded6168-36cf-43e2-9fd2-b9c14f5541ca","image_id":8,"category_id":6,"segmentation":[[204.334768075442,169.078253310211,550.0143470228099,169.078253310211,550.0143470228099,222.2597269944215,204.334768075442,222.2597269944215]],"area":18383.75,"bbox":[204.334768075442,169.078253310211,345.679578947368,53.1814736842105],"iscrowd":0,"metadata":{}},
{"id":25,"datatorch_id":"8b0eeb5c-c55b-4cb2-9c2b-04788a7e18f0","image_id":12,"category_id":5,"segmentation":[[220.953978601757,120.979268347805,1528.331873338597,120.979268347805,1528.331873338597,2070.966636768855,220.953978601757,2070.966636768855]],"area":2549370.38,"bbox":[220.953978601757,120.979268347805,1307.37789473684,1949.98736842105],"iscrowd":0,"metadata":{}},
{"id":26,"datatorch_id":"a0a5c2d0-3115-4dfc-b8cf-2a0d558e2425","image_id":9,"category_id":4,"segmentation":[[227.724768075441,257.573351054572,1538.268226722061,257.573351054572,1538.268226722061,1150.262373610963,227.724768075441,1150.262373610963]],"area":1169907.76,"bbox":[227.724768075441,257.573351054572,1310.54345864662,892.689022556391],"iscrowd":0,"metadata":{}},
{"id":27,"datatorch_id":"bdf4e425-c11c-4992-88be-8b0306cfbbe3","image_id":5,"category_id":5,"segmentation":[[235.286948526569,960.645095415474,1485.684692887469,960.645095415474,1485.684692887469,1916.645396167354,235.286948526569,1916.645396167354]],"area":1195380.62,"bbox":[235.286948526569,960.645095415474,1250.3977443609,956.00030075188],"iscrowd":0,"metadata":{}},
{"id":28,"datatorch_id":"c4a69d46-668e-41d6-be29-ed288d55627e","image_id":11,"category_id":22,"segmentation":[[145.36734702281,93.3157570696093,1531.88433950401,93.3157570696093,1531.88433950401,2205.3799976711093,145.36734702281,2205.3799976711093]],"area":2928412.96,"bbox":[145.36734702281,93.3157570696093,1386.5169924812,2112.0642406015],"iscrowd":0,"metadata":{}},
{"id":29,"datatorch_id":"ca6d3848-abfa-4187-ab2c-ecf172c24a6e","image_id":3,"category_id":15,"segmentation":[[359.447399654389,585.174042783895,1388.255670331079,585.174042783895,1388.255670331079,2016.008930001945,359.447399654389,2016.008930001945]],"area":1472054.77,"bbox":[359.447399654389,585.174042783895,1028.80827067669,1430.83488721805],"iscrowd":0,"metadata":{}},
{"id":30,"datatorch_id":"d38ab621-0bed-443b-b9a4-8bbfa85694e4","image_id":4,"category_id":16,"segmentation":[[508.756497398749,2125.30881721999,1027.908978601756,2125.30881721999,1027.908978601756,2204.447914964351,508.756497398749,2204.447914964351]],"area":41085.26,"bbox":[508.756497398749,2125.30881721999,519.152481203007,79.1390977443612],"iscrowd":0,"metadata":{}},
{"id":31,"datatorch_id":"e6cf3163-ada2-4c73-bf74-1fbc5ad6ef9b","image_id":9,"category_id":5,"segmentation":[[239.120798150629,1230.03458413728,1481.2880763461192,1230.03458413728,1481.2880763461192,1484.545922483144,239.120798150629,1484.545922483144]],"area":316145.66,"bbox":[239.120798150629,1230.03458413728,1242.16727819549,254.511338345864],"iscrowd":0,"metadata":{}},
{"id":32,"datatorch_id":"ee76b38a-01f0-4c50-8bc1-b4512733ca6a","image_id":3,"category_id":16,"segmentation":[[492.401083864915,2016.00893000194,979.897925970178,2016.00893000194,979.897925970178,2139.465922483143,492.401083864915,2139.465922483143]],"area":60184.89,"bbox":[492.401083864915,2016.00893000194,487.496842105263,123.456992481203],"iscrowd":0,"metadata":{}},
{"id":33,"datatorch_id":"fd1c3982-e802-450e-9a97-420b22c7b00e","image_id":4,"category_id":15,"segmentation":[[404.292888376193,855.917689400436,1391.9488282258171,855.917689400436,1391.9488282258171,2099.984305941786,404.292888376193,2099.984305941786]],"area":1228709.78,"bbox":[404.292888376193,855.917689400436,987.655939849624,1244.06661654135],"iscrowd":0,"metadata":{}},
{"id":34,"datatorch_id":"ff1409a7-db5f-488a-958b-9f79870a315f","image_id":4,"category_id":17,"segmentation":[[233.352437248374,681.811674362843,1553.3925876243138,681.811674362843,1553.3925876243138,843.255433761339,233.352437248374,843.255433761339]],"area":213112.24,"bbox":[233.352437248374,681.811674362843,1320.04015037594,161.443759398496],"iscrowd":0,"metadata":{}}
]}